[
  {
    "name": "H-H N Miami",
    "description": "Advertising-Promotional Products",
    "phone": "(305) 944-6970",
    "address": " 1610 NE 163rd St - North Miami Beach, FL 33162",
    "location": "Nassau"
  },
  {
    "name": "HALO Branded Solutions Miami",
    "description": "Advertising-Promotional Products",
    "phone": "(305) 209-4256",
    "address": " 19902 NE 19th Ct - Miami, FL 33179",
    "location": "Nassau"
  },
  {
    "name": "Capstone Group",
    "description": "Advertising-Promotional Products",
    "phone": "(305) 947-4866",
    "address": " 90 NE 163rd St - Miami, FL 33162",
    "location": "Nassau"
  },
  {
    "name": "How to Make Money Online",
    "description": "Advertising-Promotional Products",
    "phone": "(786) 424-2089",
    "address": " 811 NE 137th St - North Miami, FL 33161",
    "location": "Nassau"
  },
  {
    "name": "Promotions R US",
    "description": "Advertising-Promotional Products",
    "phone": "(786) 274-1989",
    "address": " 1638 NE 148th St - Miami, FL 33181",
    "location": "Nassau"
  },
  {
    "name": "One Stop Business Solutions Ll",
    "description": "Advertising-Promotional Products",
    "phone": "(305) 623-7501",
    "address": " 16112 NW 13th Ave Ste A - Miami, FL 33169",
    "location": "Nassau"
  },
  {
    "name": "Rent LED",
    "description": "Advertising-Promotional Products",
    "phone": "(800) 315-0936",
    "address": " 15290 NW 7th Ave - Miami, FL 33169",
    "location": "Nassau"
  },
  {
    "name": "Add Your Name Here Promos",
    "description": "Advertising-Promotional Products",
    "phone": "(786) 355-1669",
    "address": " 18640 NW 2nd Ave Unit 5182 - Miami, FL 33269",
    "location": "Nassau"
  },
  {
    "name": "Localinternetusa Co",
    "description": "Advertising-Promotional Products",
    "phone": "(305) 466-2480",
    "address": " 19601 E Country Club Dr - Miami, FL 33180",
    "location": "Nassau"
  },
  {
    "name": "Infinite Markets Inc",
    "description": "Advertising-Promotional Products",
    "phone": "(786) 409-5180",
    "address": " 731 NW 140th Ter - Miami, FL 33168",
    "location": "Nassau"
  },
  {
    "name": "Quality Custom Designs",
    "description": "Advertising-Promotional Products",
    "phone": "(800) 785-9723",
    "address": " 1175 NE 125th St - North Miami, FL 33161",
    "location": "Nassau"
  },
  {
    "name": "Integralink Corp",
    "description": "Advertising-Promotional Products",
    "phone": "(305) 655-1215",
    "address": " 20725 NE 16th Ave Ste A17 - Miami, FL 33179",
    "location": "Nassau"
  },
  {
    "name": "Middleman Service's",
    "description": "Advertising-Promotional Products",
    "phone": "(754) 244-5470",
    "address": " 301 NW 192nd St - Miami, FL 33169",
    "location": "Nassau"
  },
  {
    "name": "The Logo Authority",
    "description": "Advertising-Promotional Products",
    "phone": "(917) 968-7092",
    "address": " 4000 Towerside Ter - Miami, FL 33138",
    "location": "Nassau"
  },
  {
    "name": "Warren Confections Corp",
    "description": "Advertising-Promotional Products",
    "phone": "(954) 455-0455",
    "address": " 100 NE 3rd St - Hallandale Beach, FL 33009",
    "location": "Nassau"
  },
  {
    "name": "Jovita Spring",
    "description": "Advertising-Promotional Products",
    "phone": "(305) 332-6754",
    "address": " 3800 NW 183rd St Apt 209 - Miami Gardens, FL 33055",
    "location": "Nassau"
  },
  {
    "name": "Proforma Global Sourcing",
    "description": "Advertising-Promotional Products",
    "phone": "(800) 827-0752",
    "address": " 1920 E Hallandale Beach Blvd Ste 902 - Hallandale Beach, FL 33009",
    "location": "Nassau"
  },
  {
    "name": "A1 Specialties Inc",
    "description": "Advertising-Promotional Products",
    "phone": "(954) 456-3000",
    "address": " 1920 E Hallandale Beach Blvd - Hallandale Beach, FL 33009",
    "location": "Nassau"
  },
  {
    "name": "Fully Promoted Hollywood FL",
    "description": "Advertising-Promotional Products",
    "phone": "(786) 609-8212",
    "address": " 3440 Hollywood Blvd - Hollywood, FL 33021",
    "location": "Nassau"
  },
  {
    "name": "Starpack Inc-The Bag Lady",
    "description": "Advertising-Promotional Products",
    "phone": "(954) 894-3808",
    "address": " 3389 Hollywood Blvd - Hollywood, FL 33021",
    "location": "Nassau"
  },
  {
    "name": "Promote in Tadem",
    "description": "Advertising-Promotional Products",
    "phone": "(954) 924-1966",
    "address": " 2450 Hollywood Blvd - Hollywood, FL 33020",
    "location": "Nassau"
  },
  {
    "name": "AdLamps.com",
    "description": "Advertising-Promotional Products",
    "phone": "(954) 851-6015",
    "address": " 201 N 46th Ave - Hollywood, FL 33021",
    "location": "Nassau"
  },
  {
    "name": "USB Memory Direct",
    "description": "Advertising-Promotional Products",
    "phone": "(866) 404-4645",
    "address": " 1940 Harrison St, Suite 101 - Hollywood, FL 33020",
    "location": "Nassau"
  },
  {
    "name": "Rock Star Promotions",
    "description": "Advertising-Promotional Products",
    "phone": "(954) 767-8385",
    "address": " 1926 Hollywood Blvd - Hollywood, FL 33020",
    "location": "Nassau"
  },
  {
    "name": "String Theory Marketing & Apparel",
    "description": "Advertising-Promotional Products",
    "phone": "(954) 399-9684",
    "address": " 6030 Hollywood Blvd Ste 110 - Hollywood, FL 33024",
    "location": "Nassau"
  },
  {
    "name": "Campaign Associates",
    "description": "Advertising-Promotional Products",
    "phone": "(954) 927-1388",
    "address": " 1042 S Southlake Dr - Hollywood, FL 33019",
    "location": "Nassau"
  },
  {
    "name": "JL Promotions Inc",
    "description": "Advertising-Promotional Products",
    "phone": "(954) 964-7950",
    "address": " 7100 Pines Blvd - Hollywood, FL 33024",
    "location": "Nassau"
  },
  {
    "name": "Lemon City Events",
    "description": "Advertising-Promotional Products",
    "phone": "(305) 960-7182",
    "address": " 295 NE 59th Ter - Miami, FL 33137",
    "location": "Nassau"
  },
  {
    "name": "Glasiz",
    "description": "Advertising-Promotional Products",
    "phone": "(305) 364-5805",
    "address": " 5880 NE 4th Ave - Miami, FL 33137",
    "location": "Nassau"
  },
  {
    "name": "Souls, Inc",
    "description": "Advertising-Promotional Products",
    "phone": "(305) 693-3335",
    "address": " 2115 NW 71st St - Miami, FL 33147",
    "location": "Nassau"
  },
  {
    "name": "tebusca.com",
    "description": "Advertising-Promotional Products",
    "phone": "(786) 519-1133",
    "address": " p/o box 4373 miami lake fl 330 - miami, FL 33014",
    "location": "Nassau"
  },
  {
    "name": "Sobe Promos",
    "description": "Advertising-Promotional Products",
    "phone": "(305) 470-6650",
    "address": " 3615 NW 2nd Ave - Miami, FL 33127",
    "location": "Nassau"
  },
  {
    "name": "SoBe Promos",
    "description": "Advertising-Promotional Products",
    "phone": "(305) 470-6650",
    "address": " 82 NE 29th St - Miami, FL 33137",
    "location": "Nassau"
  },
  {
    "name": "Sterling Hangers",
    "description": "Advertising-Promotional Products",
    "phone": "(305) 470-6650",
    "address": " 82 NE 29th St - Miami, FL 33137",
    "location": "Nassau"
  },
  {
    "name": "Star Talent Agency",
    "description": "Advertising-Promotional Products",
    "phone": "(305) 594-2018",
    "address": " 4920 NW 165th St - Miami Lakes, FL 33014",
    "location": "Nassau"
  },
  {
    "name": "Jeffers Inc",
    "description": "Advertising-Promotional Products",
    "phone": "(305) 621-1218",
    "address": " 5488 NW 171st Ter - Miami Gardens, FL 33055",
    "location": "Nassau"
  },
  {
    "name": "Gateways Unlimited",
    "description": "Advertising-Promotional Products",
    "phone": "(305) 785-1138",
    "address": " 4767 Alton Rd. - Miami Beach, FL 33140",
    "location": "Nassau"
  },
  {
    "name": "Art Media Print",
    "description": "Advertising-Promotional Products",
    "phone": "(786) 542-0608",
    "address": " 5881 NW 151st St - Miami Lakes, FL 33014",
    "location": "Nassau"
  },
  {
    "name": "Fully Promoted",
    "description": "Advertising-Promotional Products",
    "phone": "(786) 605-9230",
    "address": " 6073 NW 167th St - Hialeah, FL 33015",
    "location": "Nassau"
  },
  {
    "name": "AlienBids",
    "description": "Advertising-Promotional Products",
    "phone": "(786) 715-8176",
    "address": " 962 E 18th St - Hialeah, FL 33013",
    "location": "Nassau"
  },
  {
    "name": "North South Promotions",
    "description": "Advertising-Promotional Products",
    "phone": "(954) 925-6591",
    "address": " 1516 N Dixie Hwy - Hollywood, FL 33020",
    "location": "Nassau"
  },
  {
    "name": "DKMC Inc",
    "description": "Advertising-Promotional Products",
    "phone": "(954) 923-4343",
    "address": " 1435 Yellowheart Way - Hollywood, FL 33019",
    "location": "Nassau"
  },
  {
    "name": "Eleganza International Inc",
    "description": "Advertising-Promotional Products",
    "phone": "(954) 963-7172",
    "address": " 3025 N 36th Ave - Hollywood, FL 33021",
    "location": "Nassau"
  },
  {
    "name": "Branding Galaxy Inc",
    "description": "Advertising-Promotional Products",
    "phone": "(954) 212-1444",
    "address": " 3401 N 29th Ave - Hollywood, FL 33020",
    "location": "Nassau"
  },
  {
    "name": "Vendo Pen Corp",
    "description": "Advertising-Promotional Products",
    "phone": "(954) 987-0460",
    "address": " 7957 Johnson St - Pembroke Pines, FL 33024",
    "location": "Nassau"
  },
  {
    "name": "Seaport Promotion Group Inc",
    "description": "Advertising-Promotional Products",
    "phone": "(954) 237-1138",
    "address": " 8842 SW 3rd St - Pembroke Pines, FL 33025",
    "location": "Nassau"
  },
  {
    "name": "Dan Kaufman Graphics",
    "description": "Advertising-Promotional Products",
    "phone": "(954) 964-3384",
    "address": " 4851 N 36th Ct - Hollywood, FL 33021",
    "location": "Nassau"
  },
  {
    "name": "TEAM Enterprises Inc",
    "description": "Advertising-Promotional Products",
    "phone": "(954) 438-7166",
    "address": " 11331 Interchange Cir S - Miramar, FL 33025",
    "location": "Nassau"
  },
  {
    "name": "Telli Creative Co",
    "description": "Advertising-Promotional Products",
    "phone": "(954) 805-7152",
    "address": " 398 E Dania Beach Blvd - Dania Beach, FL 33004",
    "location": "Nassau"
  },
  {
    "name": "Product 81",
    "description": "Advertising-Promotional Products",
    "phone": "(786) 391-1309",
    "address": " 2930 NW 7th Ave - Miami, FL 33127",
    "location": "Nassau"
  },
  {
    "name": "Majestik Inc",
    "description": "Advertising-Promotional Products",
    "phone": "(786) 801-0053",
    "address": " 81 NW 24th St - Miami, FL 33127",
    "location": "Nassau"
  },
  {
    "name": "Lee's Company Inc",
    "description": "Advertising-Promotional Products",
    "phone": "(305) 577-0815",
    "address": " 1717 N Bayshore Dr Apt 1632 - Miami, FL 33132",
    "location": "Nassau"
  },
  {
    "name": "EZ RIDER Miami",
    "description": "Advertising-Promotional Products",
    "phone": "(888) 970-4407",
    "address": " 244 Biscayne Blvd - Miami, FL 33132",
    "location": "Nassau"
  },
  {
    "name": "Innovative Incentive",
    "description": "Advertising-Promotional Products",
    "phone": "(305) 377-8200",
    "address": " 223 E Flagler St - Miami, FL 33131",
    "location": "Nassau"
  },
  {
    "name": "Bazarkai",
    "description": "Advertising-Promotional Products",
    "phone": "(786) 655-7474",
    "address": " 14 NE 1st Ave - Miami, FL 33132",
    "location": "Nassau"
  },
  {
    "name": "Pina Promotion",
    "description": "Advertising-Promotional Products",
    "phone": "(888) 535-8098",
    "address": " 66 W Flagler St - Miami, FL 33130",
    "location": "Nassau"
  },
  {
    "name": "Virtual Streaming Solutions, Inc.",
    "description": "Advertising-Promotional Products",
    "phone": "(347) 979-4856",
    "address": " 333 SE 2nd Ave Ste 2000 - Miami, FL 33131",
    "location": "Nassau"
  },
  {
    "name": "Phoenix Promotional Products LLC",
    "description": "Advertising-Promotional Products",
    "phone": "(754) 368-4921",
    "address": " 6073 NW 167 Street - C7 - Hialeah, FL 33015",
    "location": "Nassau"
  },
  {
    "name": "Clever Promotions-NYC",
    "description": "Advertising-Promotional Products",
    "phone": "(305) 763-8439",
    "address": " 2457 Collins Ave - Miami Beach, FL 33140",
    "location": "Nassau"
  },
  {
    "name": "Pens and Promos",
    "description": "Advertising-Promotional Products",
    "phone": "(800) 908-7367",
    "address": " 1680 Meridian Ave Ste 600 - Miami Beach, FL 33139",
    "location": "Nassau"
  },
  {
    "name": "David González Photographer",
    "description": "Advertising-Promotional Products",
    "phone": "(305) 244-7183",
    "address": " 433 S Royal Poinciana Blvd - Miami Springs, FL 33166",
    "location": "Nassau"
  },
  {
    "name": "Embroidery By Wendy Inc",
    "description": "Advertising-Promotional Products",
    "phone": "(305) 827-1861",
    "address": " 9802 W 80th St - Hialeah, FL 33016",
    "location": "Nassau"
  },
  {
    "name": "Adonis Specialties International",
    "description": "Advertising-Promotional Products",
    "phone": "(305) 558-8261",
    "address": " 1840 W 49th St Ste 711 - Hialeah, FL 33012",
    "location": "Nassau"
  },
  {
    "name": "Holiday Craft",
    "description": "Advertising-Promotional Products",
    "phone": "(305) 819-6534",
    "address": " 2332 W 78th St - Hialeah, FL 33016",
    "location": "Nassau"
  },
  {
    "name": "Ever-Lite Inc",
    "description": "Advertising-Promotional Products",
    "phone": "(305) 577-0819",
    "address": " 1000 West Ave - Miami Beach, FL 33139",
    "location": "Nassau"
  },
  {
    "name": "Vixion Promotions",
    "description": "Advertising-Promotional Products",
    "phone": "(305) 456-8146",
    "address": " 10220 NW 80th Ave - Miami Lakes, FL 33016",
    "location": "Nassau"
  },
  {
    "name": "Promo Idea",
    "description": "Advertising-Promotional Products",
    "phone": "(786) 313-3227",
    "address": " 9805 NW 80th Ave Unit 13R - Hialeah Gardens, FL 33016",
    "location": "Nassau"
  },
  {
    "name": "AA Advertising LLC",
    "description": "Advertising-Promotional Products",
    "phone": "(786) 356-2871",
    "address": " 9808 NW 80th Ave - Miami Lakes, FL 33016",
    "location": "Nassau"
  },
  {
    "name": "Captured Glory Promotional Branding",
    "description": "Advertising-Promotional Products",
    "phone": "(305) 888-7301",
    "address": " 5245 NW 36th St Ste 230 - Miami Springs, FL 33166",
    "location": "Nassau"
  },
  {
    "name": "All Promotional Solutions",
    "description": "Advertising-Promotional Products",
    "phone": "(954) 436-2774",
    "address": " 8966 NW 41st St - Hollywood, FL 33024",
    "location": "Nassau"
  },
  {
    "name": "G4 Productions Inc.",
    "description": "Advertising-Promotional Products",
    "phone": "(954) 533-9260",
    "address": " 4350 SW 59th Ave - Davie, FL 33314",
    "location": "Nassau"
  },
  {
    "name": "Edison Advertising Corp",
    "description": "Advertising-Promotional Products",
    "phone": "(954) 443-4101",
    "address": " 10611 London St - Hollywood, FL 33026",
    "location": "Nassau"
  },
  {
    "name": "Promotional Innovative Advertising",
    "description": "Advertising-Promotional Products",
    "phone": "(954) 437-7591",
    "address": " 11569 Gorham Dr - Hollywood, FL 33026",
    "location": "Nassau"
  },
  {
    "name": "MarFlor, Inc",
    "description": "Advertising-Promotional Products",
    "phone": "(305) 809-8018",
    "address": " 2311 NW 10th Ave Apt 303 - Miami, FL 33127",
    "location": "Nassau"
  },
  {
    "name": "Impact Images Inc",
    "description": "Advertising-Promotional Products",
    "phone": "(954) 985-0600",
    "address": " 2890 Griffin Rd - Fort Lauderdale, FL 33312",
    "location": "Nassau"
  },
  {
    "name": "Brown & Bigelow",
    "description": "Advertising-Promotional Products",
    "phone": "(954) 625-2900",
    "address": " 4101 Ravenswood Rd - Fort Lauderdale, FL 33312",
    "location": "Nassau"
  },
  {
    "name": "Mybizorder",
    "description": "Advertising-Promotional Products",
    "phone": "(305) 741-6263",
    "address": " 1110 Brickell Ave - Miami, FL 33131",
    "location": "Nassau"
  },
  {
    "name": "AB ADVERTISING INC",
    "description": "Advertising-Promotional Products",
    "phone": "(786) 720-4648",
    "address": " 229 SW 32nd Court Rd - Miami, FL 33135",
    "location": "Nassau"
  },
  {
    "name": "Tpworldwide Inc",
    "description": "Advertising-Promotional Products",
    "phone": "(305) 372-5786",
    "address": " 601 Brickell Key Dr - Miami, FL 33131",
    "location": "Nassau"
  },
  {
    "name": "Dajisali Corp",
    "description": "Advertising-Promotional Products",
    "phone": "(786) 502-2639",
    "address": " 6641 NW 82nd Ave - Miami, FL 33166",
    "location": "Nassau"
  },
  {
    "name": "5D Signs Inc",
    "description": "Advertising-Promotional Products",
    "phone": "(305) 436-1197",
    "address": " 8532 NW 66th St Unit AP-039315 - Miami, FL 33166",
    "location": "Nassau"
  },
  {
    "name": "Interamerican Program",
    "description": "Advertising-Promotional Products",
    "phone": "(305) 260-9010",
    "address": " 5757 Blue Lagoon Dr Ste 200 - Miami, FL 33126",
    "location": "Nassau"
  },
  {
    "name": "Best Office Products",
    "description": "Advertising-Promotional Products",
    "phone": "(305) 593-9400",
    "address": " 2461 NW 72nd Ave - Miami, FL 33122",
    "location": "Nassau"
  },
  {
    "name": "Creative Products",
    "description": "Advertising-Promotional Products",
    "phone": "(305) 507-8681",
    "address": " 7500 NW 25th St - Miami, FL 33122",
    "location": "Nassau"
  },
  {
    "name": "EmbroidMe",
    "description": "Advertising-Promotional Products",
    "phone": "(305) 594-2002",
    "address": " 2661 NW 79th Ave - Miami, FL 33122",
    "location": "Nassau"
  },
  {
    "name": "Mia's PRO Marketing",
    "description": "Advertising-Promotional Products",
    "phone": "(305) 731-5143",
    "address": " 1600 S Le Jeune Rd Apt 9 - Miami, FL 33134",
    "location": "Nassau"
  },
  {
    "name": "MSM Advertising & Logistics",
    "description": "Advertising-Promotional Products",
    "phone": "(786) 717-7558",
    "address": " 7311 NW 12th St #17 - Miami, FL 33126",
    "location": "Nassau"
  },
  {
    "name": "Fys Advertising",
    "description": "Advertising-Promotional Products",
    "phone": "(786) 641-5100",
    "address": " 175 Fontainebleau Blvd - Miami, FL 33172",
    "location": "Nassau"
  },
  {
    "name": "Piranha Joe Usa",
    "description": "Advertising-Promotional Products",
    "phone": "(305) 222-2221",
    "address": " 2865 SW 69th Ct - Miami, FL 33155",
    "location": "Nassau"
  },
  {
    "name": "Disaster Relief Technology",
    "description": "Advertising-Promotional Products",
    "phone": "(305) 403-7232",
    "address": " 7248 SW 42nd Ter - Miami, FL 33155",
    "location": "Nassau"
  },
  {
    "name": "Jofre Advertising",
    "description": "Advertising-Promotional Products",
    "phone": "(305) 740-8199",
    "address": " 4538 SW 71st Ave - Miami, FL 33155",
    "location": "Nassau"
  },
  {
    "name": "Art-Tech Promotionals",
    "description": "Advertising-Promotional Products",
    "phone": "(305) 461-2322",
    "address": " 7362 SW 48th St - Miami, FL 33155",
    "location": "Nassau"
  },
  {
    "name": "Miami Motivations",
    "description": "Advertising-Promotional Products",
    "phone": "(305) 662-2616",
    "address": " 5847 SW 69th Ct - Miami, FL 33143",
    "location": "Nassau"
  },
  {
    "name": "Top of Mind Promotions Inc",
    "description": "Advertising-Promotional Products",
    "phone": "(786) 275-6148",
    "address": " 5901 SW 74th St - Miami, FL 33143",
    "location": "Nassau"
  },
  {
    "name": "EmbroidMe Hialeah",
    "description": "Advertising-Promotional Products",
    "phone": "(305) 231-7102",
    "address": " 3300 W 84th St Unit 102 - Hialeah, FL 33018",
    "location": "Nassau"
  },
  {
    "name": "Image Promotional Branding",
    "description": "Advertising-Promotional Products",
    "phone": "(305) 322-1192",
    "address": " 333 Lafayette Dr - Miami Springs, FL 33166",
    "location": "Nassau"
  },
  {
    "name": "Branders",
    "description": "Advertising-Promotional Products",
    "phone": "(650) 445-6100",
    "address": " 11870 Hialeah Gardens Blvd - Hialeah, FL 33018",
    "location": "Nassau"
  },
  {
    "name": "Action Printing Inc",
    "description": "Advertising-Promotional Products",
    "phone": "(305) 592-4646",
    "address": " 5371 NW 79th Ave - Doral, FL 33166",
    "location": "Nassau"
  },
  {
    "name": "Wedopromotion Wedopromotion Wedopromotion",
    "description": "Advertising-Promotional Products",
    "phone": "(786) 703-9512",
    "address": " 10870 NW 138th St - Hialeah, FL 33018",
    "location": "Nassau"
  },
  {
    "name": "Research Development & Promotions",
    "description": "Advertising-Promotional Products",
    "phone": "(305) 445-4997",
    "address": " 360 Menores Ave - Coral Gables, FL 33134",
    "location": "Nassau"
  },
  {
    "name": "Fully Promoted Doral, FL",
    "description": "Advertising-Promotional Products",
    "phone": "(305) 594-2002",
    "address": " 2661 NW 79th Ave - Doral, FL 33122",
    "location": "Nassau"
  },
  {
    "name": "Consorcio Promoting Latin America",
    "description": "Advertising-Promotional Products",
    "phone": "(305) 883-1335",
    "address": " 11401 NW 134th St Unit 108 - Medley, FL 33178",
    "location": "Nassau"
  },
  {
    "name": "DJM Solutions, Inc.",
    "description": "Advertising-Promotional Products",
    "phone": "(305) 591-9998",
    "address": " 1692 NW 82nd Ave - Doral, FL 33126",
    "location": "Nassau"
  },
  {
    "name": "Proforma Promotional Printed Solutions",
    "description": "Advertising-Promotional Products",
    "phone": "(305) 418-4410",
    "address": " 11248 NW 74th Ter - Doral, FL 33178",
    "location": "Nassau"
  },
  {
    "name": "Majestik Printing & Promotional",
    "description": "Advertising-Promotional Products",
    "phone": "(954) 424-4040",
    "address": " 2741 Lake Park Cir W - Davie, FL 33328",
    "location": "Nassau"
  },
  {
    "name": "W. Castellanos",
    "description": "Advertising-Promotional Products",
    "phone": "(786) 237-9697",
    "address": " 45 NW 62nd Ave - Miami, FL 33126",
    "location": "Nassau"
  },
  {
    "name": "Road Tours International",
    "description": "Advertising-Promotional Products",
    "phone": "(305) 403-7232",
    "address": " 7248 SW 42nd Ter - Miami, FL 33155",
    "location": "Nassau"
  },
  {
    "name": "United Promotions Corp",
    "description": "Advertising-Promotional Products",
    "phone": "(786) 845-8318",
    "address": " 7830 NW 71st St - Miami, FL 33195",
    "location": "Nassau"
  },
  {
    "name": "Hsa Enterprises Inc",
    "description": "Advertising-Promotional Products",
    "phone": "(305) 670-3130",
    "address": " 9350 S Dixie Hwy Ste 1460 - Miami, FL 33156",
    "location": "Nassau"
  },
  {
    "name": "Miami Advertising Specialties",
    "description": "Advertising-Promotional Products",
    "phone": "(305) 382-4942",
    "address": " 11901 SW 144th Ct - Miami, FL 33186",
    "location": "Nassau"
  },
  {
    "name": "DC wraps & Signs",
    "description": "Advertising-Promotional Products",
    "phone": "(786) 306-3747",
    "address": " 15192 SW 137th St - Miami, FL 33196",
    "location": "Nassau"
  },
  {
    "name": "Calvet Advertising",
    "description": "Advertising-Promotional Products",
    "phone": "(305) 275-9969",
    "address": " 12454 NW 7th Ln - Miami, FL 33182",
    "location": "Nassau"
  },
  {
    "name": "Fastsigns Of Miami",
    "description": "Advertising-Promotional Products",
    "phone": "(305) 669-9944",
    "address": " 8227 S Dixie Hwy - Miami, FL 33143",
    "location": "Nassau"
  },
  {
    "name": "Bargay Advertising",
    "description": "Advertising-Promotional Products",
    "phone": "(305) 221-9299",
    "address": " 911 SW 122nd Ave - Miami, FL 33184",
    "location": "Nassau"
  },
  {
    "name": "Denton Depot",
    "description": "Advertising-Promotional Products",
    "phone": "(214) 642-2783",
    "address": " 7300 N Kendall Dr - Miami, FL 33156",
    "location": "Nassau"
  },
  {
    "name": "Interworkings Interworkings Interworkings",
    "description": "Advertising-Promotional Products",
    "phone": "(786) 360-5751",
    "address": " 8950 SW 74th Ct Ste 1703 - Miami, FL 33156",
    "location": "Nassau"
  },
  {
    "name": "Buyinghomemiami",
    "description": "Advertising-Promotional Products",
    "phone": "(786) 624-8045",
    "address": " 9425 SW 72nd St - Miami, FL 33173",
    "location": "Nassau"
  },
  {
    "name": "Allied Promotional Group",
    "description": "Advertising-Promotional Products",
    "phone": "(786) 360-6612",
    "address": " 2423 SW 147th Ave - Miami, FL 33185",
    "location": "Nassau"
  },
  {
    "name": "Tom & Carol Specialties",
    "description": "Advertising-Promotional Products",
    "phone": "(305) 275-9848",
    "address": " 10122 SW 117th Ct - Miami, FL 33186",
    "location": "Nassau"
  },
  {
    "name": "Allstar Advertising, Inc",
    "description": "Advertising-Promotional Products",
    "phone": "(305) 803-8622",
    "address": " 13725 SW 84th St - Miami, FL 33183",
    "location": "Nassau"
  },
  {
    "name": "Fully Promoted of Kendall",
    "description": "Advertising-Promotional Products",
    "phone": "(305) 799-2838",
    "address": " 13500 SW 88th St - Miami, FL 33186",
    "location": "Nassau"
  },
  {
    "name": "Brandawear",
    "description": "Advertising-Promotional Products",
    "phone": "(561) 427-9295",
    "address": " 14500 SW 95th Ave - Miami, FL 33176",
    "location": "Nassau"
  },
  {
    "name": "IB GRAPHICS",
    "description": "Advertising-Promotional Products",
    "phone": "(305) 969-1866",
    "address": " 12139 SW 122nd Ct - Miami, FL 33186",
    "location": "Nassau"
  },
  {
    "name": "Top Level Promo Inc.",
    "description": "Advertising-Promotional Products",
    "phone": "(305) 918-2347",
    "address": " 14343 SW 96 Ln - Miami, FL 33186",
    "location": "Nassau"
  },
  {
    "name": "Yotta Sky",
    "description": "Advertising-Promotional Products",
    "phone": "(305) 400-9471",
    "address": " 12300 SW 130th St - Miami, FL 33186",
    "location": "Nassau"
  },
  {
    "name": "Design & Promotions",
    "description": "Advertising-Promotional Products",
    "phone": "(305) 232-8119",
    "address": " 12333 SW 132nd Ct - Miami, FL 33186",
    "location": "Nassau"
  },
  {
    "name": "RS Apparel",
    "description": "Advertising-Promotional Products",
    "phone": "(305) 951-5179",
    "address": " 9725 Hammocks Blvd Apt 204 - Miami, FL 33196",
    "location": "Nassau"
  },
  {
    "name": "The Promo Connect",
    "description": "Advertising-Promotional Products",
    "phone": "(786) 478-6603",
    "address": " 12315 SW 133rd Ct - Miami, FL 33186",
    "location": "Nassau"
  },
  {
    "name": "Excel Events & Productions",
    "description": "Advertising-Promotional Products",
    "phone": "(305) 255-6789",
    "address": " 16645 S Dixie Hwy - Miami, FL 33157",
    "location": "Nassau"
  },
  {
    "name": "A C Trading Inc",
    "description": "Advertising-Promotional Products",
    "phone": "(305) 259-0053",
    "address": " 12491 SW 134th Ct - Miami, FL 33186",
    "location": "Nassau"
  },
  {
    "name": "Premiere Promotions",
    "description": "Advertising-Promotional Products",
    "phone": "(305) 233-6419",
    "address": " 12724 SW 136th Ter - Miami, FL 33186",
    "location": "Nassau"
  },
  {
    "name": "One Ad",
    "description": "Advertising-Promotional Products",
    "phone": "(786) 732-7711",
    "address": " 14361 SW 139th Ct - Miami, FL 33186",
    "location": "Nassau"
  },
  {
    "name": "LiveDeptFree",
    "description": "Advertising-Promotional Products",
    "phone": "(786) 260-3243",
    "address": " 14401 Ellington St - Miami, FL 33176",
    "location": "Nassau"
  },
  {
    "name": "Exotic Pleasures",
    "description": "Advertising-Promotional Products",
    "phone": "(305) 879-6368",
    "address": " 10745 SW 225th Ter - Miami, FL 33170",
    "location": "Nassau"
  },
  {
    "name": "Good Impressions",
    "description": "Advertising-Promotional Products",
    "phone": "(305) 254-1887",
    "address": " 19800 SW 180th Ave - Miami, FL 33187",
    "location": "Nassau"
  },
  {
    "name": "Paradise Sityie Production",
    "description": "Advertising-Promotional Products",
    "phone": "(305) 330-0084",
    "address": " 16450 NW 2nd Ave - Miami, FL 33169",
    "location": "Nassau"
  },
  {
    "name": "Www.Exhibitdeal.Com",
    "description": "Advertising-Promotional Products",
    "phone": "(310) 899-1257",
    "address": " 18502 NE 5th Ave - Miami, FL 33179",
    "location": "Nassau"
  },
  {
    "name": "Emax",
    "description": "Advertising-Promotional Products",
    "phone": "(305) 824-3200",
    "address": " 18373 NE 4th Ct - Miami, FL 33179",
    "location": "Nassau"
  },
  {
    "name": "Jean Management Group LLC",
    "description": "Advertising-Promotional Products",
    "phone": "(305) 788-2832",
    "address": " 14020 Biscayne Blvd suite 716 - Miami, FL 33181",
    "location": "Nassau"
  },
  {
    "name": "Mobile Billboard Miami",
    "description": "Advertising-Promotional Products",
    "phone": "(305) 814-5880",
    "address": " 19820 NE 10th Ct - Miami, FL 33179",
    "location": "Nassau"
  },
  {
    "name": "B2B Business Forms",
    "description": "Advertising-Promotional Products",
    "phone": "(888) 313-5119",
    "address": " 99 NW 183rd St Ste 238 - Miami, FL 33169",
    "location": "Nassau"
  },
  {
    "name": "Stitching Gone Wild",
    "description": "Advertising-Promotional Products",
    "phone": "(305) 302-0938",
    "address": " 18415 West Dixie Highway - North Miami Beach, FL 33160",
    "location": "Nassau"
  },
  {
    "name": "Global Energy Wars LLC",
    "description": "Advertising-Promotional Products",
    "phone": "(305) 527-8085",
    "address": " 3551 NE 169th St - North Miami Beach, FL 33160",
    "location": "Nassau"
  },
  {
    "name": "Now Now Printing",
    "description": "Advertising-Promotional Products",
    "phone": "(786) 908-8602",
    "address": " 18851 NE 29th Ave - Miami, FL 33180",
    "location": "Nassau"
  },
  {
    "name": "HV Designs",
    "description": "Advertising-Promotional Products",
    "phone": "(305) 653-4962",
    "address": " 350 N Seaboard Rd - Miami, FL 33169",
    "location": "Nassau"
  },
  {
    "name": "The CEO Creative",
    "description": "Advertising-Promotional Products",
    "phone": "(754) 755-0445",
    "address": " 20200 West Dixie Highway Suite 902 - Miami, FL 33180",
    "location": "Nassau"
  },
  {
    "name": "Gimmick Advertising LTD Inc",
    "description": "Advertising-Promotional Products",
    "phone": "(305) 893-5580",
    "address": " 1745 NE 124th St - North Miami, FL 33181",
    "location": "Nassau"
  },
  {
    "name": "titanscustomizer llc",
    "description": "Advertising-Promotional Products",
    "phone": "(305) 735-1160",
    "address": " 40 NW 127th St - North Miami, FL 33168",
    "location": "Nassau"
  },
  {
    "name": "Advertise In Miami For Free",
    "description": "Advertising-Promotional Products",
    "phone": "(305) 654-9370",
    "address": " 192 NE 111th St - Miami, FL 33161",
    "location": "Nassau"
  },
  {
    "name": "Intouch Designs",
    "description": "Advertising-Promotional Products",
    "phone": "(786) 376-9858",
    "address": " 1080 98th St Apt 2 - Bay Harbor Islands, FL 33154",
    "location": "Nassau"
  },
  {
    "name": "Happy Endings of Miami",
    "description": "Advertising-Promotional Products",
    "phone": "(305) 759-4467",
    "address": " 651 NW 106th St - Miami, FL 33150",
    "location": "Nassau"
  },
  {
    "name": "Minuteman Press",
    "description": "Advertising-Promotional Products",
    "phone": "(786) 332-4398",
    "address": " 921 NE 79th St - Miami, FL 33138",
    "location": "Nassau"
  },
  {
    "name": "ZNZ Promotions",
    "description": "Advertising-Promotional Products",
    "phone": "(786) 301-9173",
    "address": " 2814 NW 163rd Street Rd - Opa Locka, FL 33054",
    "location": "Nassau"
  },
  {
    "name": "Volta Signs",
    "description": "Advertising-Promotional Products",
    "phone": "(305) 898-2656",
    "address": " 1801 S Treasure Dr Apt 405 - North Bay Village, FL 33141",
    "location": "Nassau"
  },
  {
    "name": "Human Relationships",
    "description": "Advertising-Promotional Products",
    "phone": "(224) 730-1076",
    "address": " 1980 S Ocean Dr - Hallandale Beach, FL 33009",
    "location": "Nassau"
  },
  {
    "name": "International Systems & Supplies",
    "description": "Advertising-Promotional Products",
    "phone": "(954) 929-9222",
    "address": " 2455 Hollywood Blvd - Hollywood, FL 33020",
    "location": "Nassau"
  },
  {
    "name": "Edco Awards & Specialties",
    "description": "Advertising-Promotional Products",
    "phone": "(954) 667-9592",
    "address": " 5634 Johnson St - Hollywood, FL 33021",
    "location": "Nassau"
  },
  {
    "name": "Mobile Magnetic Ad's",
    "description": "Advertising-Promotional Products",
    "phone": "(954) 444-9220",
    "address": " 5656 Arthur St - Hollywood, FL 33021",
    "location": "Nassau"
  },
  {
    "name": "Starlight Advertising Specialty",
    "description": "Advertising-Promotional Products",
    "phone": "(305) 438-0098",
    "address": " 3550 Biscayne Blvd - Miami, FL 33137",
    "location": "Nassau"
  },
  {
    "name": "Williams Specialties Printing",
    "description": "Advertising-Promotional Products",
    "phone": "(305) 769-9925",
    "address": " 4716 E 10th Ct - Hialeah, FL 33013",
    "location": "Nassau"
  },
  {
    "name": "eBrandtrust",
    "description": "Advertising-Promotional Products",
    "phone": "(786) 515-8132",
    "address": " 5445 Collins Ave - Miami Beach, FL 33140",
    "location": "Nassau"
  },
  {
    "name": "Promo Products and Printing",
    "description": "Advertising-Promotional Products",
    "phone": "(305) 431-4669",
    "address": " 5850 Miami Lakes Dr E - Miami Lakes, FL 33014",
    "location": "Nassau"
  },
  {
    "name": "Picasso Embroidery Systems, Inc.",
    "description": "Advertising-Promotional Products",
    "phone": "(305) 827-9666",
    "address": " 6095 NW 167th St Ste D1 - Hialeah, FL 33015",
    "location": "Nassau"
  },
  {
    "name": "Artmediaprint Corp.",
    "description": "Advertising-Promotional Products",
    "phone": "(786) 542-0608",
    "address": " 6625 Miami Lakes Drive E, Suite #516 - Miami Lakes, FL 33014",
    "location": "Nassau"
  },
  {
    "name": "TANIA G TAMAYO MARKETING",
    "description": "Advertising-Promotional Products",
    "phone": "(786) 286-1697",
    "address": " 3801 Indian Creek Dr - Miami Beach, FL 33140",
    "location": "Nassau"
  },
  {
    "name": "Broward Promotions Inc",
    "description": "Advertising-Promotional Products",
    "phone": "(954) 862-7285",
    "address": " 2050 Tigertail Blvd Ste F - Dania, FL 33004",
    "location": "Nassau"
  },
  {
    "name": "Stratus Signs",
    "description": "Advertising-Promotional Products",
    "phone": "(954) 925-2442",
    "address": " 1221 Stirling Rd - Dania, FL 33004",
    "location": "Nassau"
  },
  {
    "name": "World Emblem International, Inc",
    "description": "Advertising-Promotional Products",
    "phone": "(800) 766-0448",
    "address": " 4601 Sheridan St - Hollywood, FL 33021",
    "location": "Nassau"
  },
  {
    "name": "Marketing Matters",
    "description": "Advertising-Promotional Products",
    "phone": "(954) 925-1511",
    "address": " 2700 N 29th Ave - Hollywood, FL 33020",
    "location": "Nassau"
  },
  {
    "name": "Speed Pro Miami",
    "description": "Advertising-Promotional Products",
    "phone": "(954) 534-9503",
    "address": " 11341 Interchange Cir S - Miramar, FL 33025",
    "location": "Nassau"
  },
  {
    "name": "Jz AD Specialties",
    "description": "Advertising-Promotional Products",
    "phone": "(954) 818-6622",
    "address": " 5900 Stirling Rd Ste 6 - Hollywood, FL 33021",
    "location": "Nassau"
  },
  {
    "name": "D -Printing House Corp",
    "description": "Advertising-Promotional Products",
    "phone": "(305) 825-4037",
    "address": " 7990 West 25th Court - Hialeah, FL 33016",
    "location": "Nassau"
  },
  {
    "name": "Fully Promoted North Miami",
    "description": "Advertising-Promotional Products",
    "phone": "(551) 556-6348",
    "address": " 31 NE 17th St - Miami, FL 33132",
    "location": "Nassau"
  },
  {
    "name": "Lock N Stock Promotional Products",
    "description": "Advertising-Promotional Products",
    "phone": "(786) 389-4724",
    "address": " 1603 NW 7th Ave - Miami, FL 33136",
    "location": "Nassau"
  },
  {
    "name": "HNO Productions Inc",
    "description": "Advertising-Promotional Products",
    "phone": "(305) 383-8245",
    "address": " 990 Biscayne Blvd Ste 503 - Miami, FL 33132",
    "location": "Nassau"
  },
  {
    "name": "One Color Prints",
    "description": "Advertising-Promotional Products",
    "phone": "(786) 260-4900",
    "address": " PO Box 960306 - Miami, FL 33296",
    "location": "Nassau"
  },
  {
    "name": "Cexi Prints & Advertising Inc.",
    "description": "Advertising-Promotional Products",
    "phone": "(786) 401-7935",
    "address": " 210 N Miami Ave - Miami, FL 33128",
    "location": "Nassau"
  },
  {
    "name": "UnitedBell.com",
    "description": "Advertising-Promotional Products",
    "phone": "(305) 851-2501",
    "address": " 40 NE 1st Ave Ste 200 - Miami, FL 33132",
    "location": "Nassau"
  },
  {
    "name": "Enfinity Marketing Group",
    "description": "Advertising-Promotional Products",
    "phone": "(305) 504-2830",
    "address": " 66 W Flagler St Ph 1213 - Miami, FL 33130",
    "location": "Nassau"
  },
  {
    "name": "All Group Design",
    "description": "Advertising-Promotional Products",
    "phone": "(305) 300-8469",
    "address": " 2724 W 84th St - Hialeah, FL 33016",
    "location": "Nassau"
  },
  {
    "name": "CARTE BLANCHE DesignAgency",
    "description": "Advertising-Promotional Products",
    "phone": "(305) 834-6209",
    "address": " 2383 Flamingo Dr - miami beach, FL 33140",
    "location": "Nassau"
  },
  {
    "name": "LOGOMORAN LLC",
    "description": "Advertising-Promotional Products",
    "phone": "(305) 799-2002",
    "address": " 1050 W 49th St - Hialeah, FL 33002",
    "location": "Nassau"
  },
  {
    "name": "Kramer Specialties, LLC.",
    "description": "Advertising-Promotional Products",
    "phone": "(305) 470-6650",
    "address": " 1680 Meridian Ave Ste 600 - Miami Beach, FL 33139",
    "location": "Nassau"
  }
]
