[
  {
    "name": "Digicre8tive, Inc.",
    "description": "Advertising-Promotional Products",
    "phone": "(561) 429-4058",
    "address": " 120 N Dixie Hwy - West Palm Beach, FL 33401",
    "location": "Palm_Beach"
  },
  {
    "name": "Minuteman Press",
    "description": "Advertising-Promotional Products",
    "phone": "(561) 655-5355",
    "address": " 2822 S Dixie Hwy - West Palm Beach, FL 33405",
    "location": "Palm_Beach"
  },
  {
    "name": "BLACK MEDIA NETWORK",
    "description": "Advertising-Promotional Products",
    "phone": "(954) 865-6595",
    "address": " 515 N Flagler Dr - West Palm Beach, FL 33401",
    "location": "Palm_Beach"
  },
  {
    "name": "Kirkland Event & Destination",
    "description": "Advertising-Promotional Products",
    "phone": "(561) 296-9449",
    "address": " 2119 S Dixie Hwy - West Palm Beach, FL 33401",
    "location": "Palm_Beach"
  },
  {
    "name": "CRL Media Multicultural Advertising & PR",
    "description": "Public Relations Counselors",
    "phone": "(561) 855-2144",
    "address": " 301 Clematis St - West Palm Beach, FL 33401",
    "location": "Palm_Beach"
  },
  {
    "name": "Internet Marketing Services Inc.",
    "description": "Internet Marketing & Advertising",
    "phone": "(561) 370-7366",
    "address": " 515 N Flagler Dr Ste P300 - West Palm Beach, FL 33401",
    "location": "Palm_Beach"
  },
  {
    "name": "Boardroompr",
    "description": "Advertising Agencies",
    "phone": "(561) 708-4683",
    "address": " 777 S Flagler Dr - West Palm Beach, FL 33401",
    "location": "Palm_Beach"
  },
  {
    "name": "Pathos",
    "description": "Advertising Agencies",
    "phone": "(561) 688-2880",
    "address": " 319 Clematis St Ste 110 - West Palm Beach, FL 33401",
    "location": "Palm_Beach"
  },
  {
    "name": "Naked Digital",
    "description": "Web Site Design & Services",
    "phone": "(561) 899-0761",
    "address": " 410 Evernia St., Ste. 104 - West Palm Beach, FL 33401",
    "location": "Palm_Beach"
  },
  {
    "name": "Loudr A Bottom Line Agency - West Palm Beach, FL",
    "description": "Advertising Agencies",
    "phone": "(561) 791-6295",
    "address": " 100 S Dixie Hwy Ste 200-202 - West Palm Beach, FL 33401",
    "location": "Palm_Beach"
  },
  {
    "name": "Moving Minds",
    "description": "Marketing Consultants",
    "phone": "(800) 420-7026",
    "address": " 700 S Rosemary Ave Ste 204 - West Palm Beach, FL 33401",
    "location": "Palm_Beach"
  },
  {
    "name": "Ryan William's Agency",
    "description": "Marketing Programs & Services",
    "phone": "(561) 588-6336",
    "address": " 1014 North Olive Avenue - West Palm Beach, FL 33401",
    "location": "Palm_Beach"
  },
  {
    "name": "Seongo",
    "description": "Internet Marketing & Advertising",
    "phone": "(973) 600-4468",
    "address": " 2118 Florida Ave - West Palm Beach, FL 33401",
    "location": "Palm_Beach"
  },
  {
    "name": "Graphic Web Design, Inc.",
    "description": "Web Site Design & Services",
    "phone": "(561) 693-5777",
    "address": " 1101 Clare Ave - West Palm Beach, FL 33401",
    "location": "Palm_Beach"
  },
  {
    "name": "Think Freely Marketing Group",
    "description": "Advertising Agencies",
    "phone": "(561) 293-3009",
    "address": " 500 S Australian Ave - West Palm Beach, FL 33401",
    "location": "Palm_Beach"
  },
  {
    "name": "Ods Advertising",
    "description": "Advertising Agencies",
    "phone": "(561) 670-2240",
    "address": " 324 Datura St Ste 201 - West Palm Beach, FL 33401",
    "location": "Palm_Beach"
  },
  {
    "name": "Wilesmith Advertising",
    "description": "Advertising Agencies",
    "phone": "(561) 820-9196",
    "address": " 319 Clematis St Ste 1002 - West Palm Beach, FL 33401",
    "location": "Palm_Beach"
  },
  {
    "name": "Endeavor Global Marketing & Advertising Agency",
    "description": "Advertising Agencies",
    "phone": "(888) 503-7150",
    "address": " 324 Datura St STE 207-209 - West Palm Beach, FL 33401",
    "location": "Palm_Beach"
  },
  {
    "name": "O'Donnell Agency",
    "description": "Advertising Agencies",
    "phone": "(561) 832-3231",
    "address": " 525 Okeechobee Blvd Ste 980 - West Palm Beach, FL 33401",
    "location": "Palm_Beach"
  },
  {
    "name": "Media Music Group",
    "description": "Advertising Agencies",
    "phone": "(561) 328-6874",
    "address": " 1804 N Dixie Hwy - West Palm Beach, FL 33407",
    "location": "Palm_Beach"
  },
  {
    "name": "Pringle & Assoc",
    "description": "Advertising Agencies",
    "phone": "(561) 620-7798",
    "address": " 350 S Ocean Blvd - Palm Beach, FL 33480",
    "location": "Palm_Beach"
  },
  {
    "name": "Bridges Worldwide Inc",
    "description": "Advertising Agencies",
    "phone": "(561) 835-0780",
    "address": " 205 Worth Ave Ste 201 - Palm Beach, FL 33480",
    "location": "Palm_Beach"
  },
  {
    "name": "List Company",
    "description": "Advertising Agencies",
    "phone": "(561) 833-6545",
    "address": " 312 Worth Ave - Palm Beach, FL 33480",
    "location": "Palm_Beach"
  },
  {
    "name": "Board Governance Svc Inc",
    "description": "Advertising Agencies",
    "phone": "(561) 835-8395",
    "address": " 300 El Brillo Way - Palm Beach, FL 33480",
    "location": "Palm_Beach"
  },
  {
    "name": "Mediate.ly",
    "description": "Advertising Agencies",
    "phone": "(561) 868-9080",
    "address": " 525 S Flagler Dr - West Palm Beach, FL 33401",
    "location": "Palm_Beach"
  },
  {
    "name": "Superior Virtual",
    "description": "Advertising Agencies",
    "phone": "(561) 623-5300",
    "address": " 201 S Narcissus Ave Ste 2 - West Palm Beach, FL 33401",
    "location": "Palm_Beach"
  },
  {
    "name": "Sherwood International",
    "description": "Advertising Agencies",
    "phone": "(561) 832-3707",
    "address": " 224 Datura St Ste 1007 - West Palm Beach, FL 33401",
    "location": "Palm_Beach"
  },
  {
    "name": "Dima Marketing",
    "description": "Marketing Programs & Services",
    "phone": "(561) 249-6427",
    "address": " 224 Datura St Ste 809 - West Palm Beach, FL 33401",
    "location": "Palm_Beach"
  },
  {
    "name": "Equilead Inc",
    "description": "Advertising Agencies",
    "phone": "(561) 805-9711",
    "address": " 255 Evernia St - West Palm Beach, FL 33401",
    "location": "Palm_Beach"
  },
  {
    "name": "Lombardo & Partners",
    "description": "Advertising Agencies",
    "phone": "(561) 557-4950",
    "address": " 222 Clematis St - West Palm Beach, FL 33401",
    "location": "Palm_Beach"
  },
  {
    "name": "Cepac",
    "description": "Advertising Agencies",
    "phone": "(561) 653-3266",
    "address": " 215 S Olive Ave - West Palm Beach, FL 33401",
    "location": "Palm_Beach"
  },
  {
    "name": "New Epic Media",
    "description": "Advertising Agencies",
    "phone": "(561) 557-6704",
    "address": " 225 Clematis St - West Palm Beach, FL 33401",
    "location": "Palm_Beach"
  },
  {
    "name": "Evolutions Media",
    "description": "Advertising Agencies",
    "phone": "(561) 508-4996",
    "address": " 324 Datura St Ste 100 - West Palm Beach, FL 33401",
    "location": "Palm_Beach"
  },
  {
    "name": "Consult PR.net",
    "description": "Internet Marketing & Advertising",
    "phone": "(561) 444-7265",
    "address": " 301 Clematis Street - West Palm Beach, FL 33401",
    "location": "Palm_Beach"
  },
  {
    "name": "Adiste Marketing",
    "description": "Internet Marketing & Advertising",
    "phone": "(561) 935-4852",
    "address": " 301 Clematis St Ste 4000 - West Palm Beach, FL 33401",
    "location": "Palm_Beach"
  },
  {
    "name": "Creative Edge Advertising Inc",
    "description": "Advertising Agencies",
    "phone": "(561) 835-0009",
    "address": " 319 Clematis St - West Palm Beach, FL 33401",
    "location": "Palm_Beach"
  },
  {
    "name": "SoVi Digital",
    "description": "Advertising Agencies",
    "phone": "(561) 544-7999",
    "address": " 319 Clematis St - West Palm Beach, FL 33401",
    "location": "Palm_Beach"
  },
  {
    "name": "Practice Makes Perfect",
    "description": "Advertising Agencies",
    "phone": "(561) 296-5678",
    "address": " 330 Clematis St - West Palm Beach, FL 33401",
    "location": "Palm_Beach"
  },
  {
    "name": "Propelfolio A Web Design Company",
    "description": "Web Site Design & Services",
    "phone": "(561) 880-8573",
    "address": " 515 N Flagler Dr - West Palm Beach, FL 33401",
    "location": "Palm_Beach"
  },
  {
    "name": "Big Cat Brandz",
    "description": "Advertising Agencies",
    "phone": "(561) 429-8692",
    "address": " 400 Clematis St - West Palm Beach, FL 33401",
    "location": "Palm_Beach"
  },
  {
    "name": "Sovi Digital Ventures",
    "description": "Advertising Agencies",
    "phone": "(561) 833-0256",
    "address": " 400 Clematis St - West Palm Beach, FL 33401",
    "location": "Palm_Beach"
  },
  {
    "name": "Omnicom Group Inc",
    "description": "Advertising Agencies",
    "phone": "(561) 207-2200",
    "address": " 525 Okeechobee Blvd - West Palm Beach, FL 33401",
    "location": "Palm_Beach"
  },
  {
    "name": "Inbound Authority",
    "description": "Internet Marketing & Advertising",
    "phone": "(561) 223-1736",
    "address": " 1106 Florida Ave - West Palm Beach, FL 33401",
    "location": "Palm_Beach"
  },
  {
    "name": "Johnston Marketing Group",
    "description": "Marketing Programs & Services",
    "phone": "(561) 203-5630",
    "address": " 700 S Rosemary Ave - West Palm Beach, FL 33401",
    "location": "Palm_Beach"
  },
  {
    "name": "Unique Visions",
    "description": "Advertising Agencies",
    "phone": "(561) 247-3630",
    "address": " 1109 Florida Ave - West Palm Beach, FL 33401",
    "location": "Palm_Beach"
  },
  {
    "name": "Power Marketing Academy",
    "description": "Marketing Consultants",
    "phone": "(561) 650-1315",
    "address": " 701 S Rosemary Ave Apt 313 - West Palm Beach, FL 33401",
    "location": "Palm_Beach"
  },
  {
    "name": "Olympusat",
    "description": "Advertising Agencies",
    "phone": "(561) 684-5657",
    "address": " 477 S Rosemary Ave - West Palm Beach, FL 33401",
    "location": "Palm_Beach"
  },
  {
    "name": "DigitSIZE",
    "description": "Advertising Agencies",
    "phone": "(561) 281-6777",
    "address": " 630 S Sapodilla Ave Apt 108 - West Palm Beach, FL 33401",
    "location": "Palm_Beach"
  },
  {
    "name": "Phil Rowe Signs",
    "description": "Signs",
    "phone": "(561) 832-8688",
    "address": " 805 N Dixie Hwy - West Palm Beach, FL 33401",
    "location": "Palm_Beach"
  },
  {
    "name": "Rigstar Media",
    "description": "Advertising Agencies",
    "phone": "(855) 474-4782",
    "address": " 401 N Rosemary Ave - West Palm Beach, FL 33401",
    "location": "Palm_Beach"
  },
  {
    "name": "Marketing Alchemy",
    "description": "Advertising Agencies",
    "phone": "(561) 990-5928",
    "address": " 500 S Australian Ave Ste 600 - West Palm Beach, FL 33401",
    "location": "Palm_Beach"
  },
  {
    "name": "Ad Therapy Inc",
    "description": "Advertising Agencies",
    "phone": "(561) 588-6336",
    "address": " 1804 N Dixie Hwy - West Palm Beach, FL 33407",
    "location": "Palm_Beach"
  },
  {
    "name": "The Merchant Strategy Inc",
    "description": "Advertising Agencies",
    "phone": "(561) 766-2052",
    "address": " 1804 N Dixie Hwy - West Palm Beach, FL 33407",
    "location": "Palm_Beach"
  },
  {
    "name": "The MS Factor",
    "description": "Advertising Agencies",
    "phone": "(561) 588-6336",
    "address": " 1804 N Dixie Hwy - West Palm Beach, FL 33407",
    "location": "Palm_Beach"
  },
  {
    "name": "Advertising USA",
    "description": "Advertising Specialties",
    "phone": "(561) 766-1148",
    "address": " 932 Belvedere Rd - West Palm Beach, FL 33405",
    "location": "Palm_Beach"
  },
  {
    "name": "The Strand Partners",
    "description": "Advertising Agencies",
    "phone": "(561) 520-2510",
    "address": " 1473 N Ocean Blvd - Palm Beach, FL 33480",
    "location": "Palm_Beach"
  },
  {
    "name": "Port Printing Company",
    "description": "Advertising-Promotional Products",
    "phone": "(561) 612-0082",
    "address": " 3534 Broadway - West Palm Beach, FL 33407",
    "location": "Palm_Beach"
  },
  {
    "name": "SLP Media Group",
    "description": "Advertising-Promotional Products",
    "phone": "(866) 944-8571",
    "address": " 931 Village Blvd Ste 905-359 - West Palm Beach, FL 33409",
    "location": "Palm_Beach"
  },
  {
    "name": "YP Marketing Solutions",
    "description": "Advertising-Promotional Products",
    "phone": "(561) 688-5500",
    "address": " 2000 Palm Beach Lakes Blvd Ste 203 - West Palm Beach, FL 33409",
    "location": "Palm_Beach"
  },
  {
    "name": "Mozyup, Inc",
    "description": "Advertising-Promotional Products",
    "phone": "(561) 729-3081",
    "address": " 5400 N Flagler Dr Apt C17 - West Palm Beach, FL 33407",
    "location": "Palm_Beach"
  },
  {
    "name": "Right Now Printing",
    "description": "Advertising-Promotional Products",
    "phone": "(561) 771-4844",
    "address": " 1710 45th Street - West Palm Beach, FL 33407",
    "location": "Palm_Beach"
  },
  {
    "name": "All Out Advertising Inc",
    "description": "Advertising Agencies",
    "phone": "(561) 687-0365",
    "address": " 1547 N Florida Mango Rd - West Palm Beach, FL 33409",
    "location": "Palm_Beach"
  },
  {
    "name": "Ferrin Signs Inc",
    "description": "Signs",
    "phone": "(561) 802-4242",
    "address": " 945 26th St - West Palm Beach, FL 33407",
    "location": "Palm_Beach"
  },
  {
    "name": "Minding My Business",
    "description": "Advertising Agencies",
    "phone": "(561) 463-0542",
    "address": " 235 Courtney Lakes Cir - West Palm Beach, FL 33401",
    "location": "Palm_Beach"
  },
  {
    "name": "Mao Web Solutions",
    "description": "Internet Marketing & Advertising",
    "phone": "(561) 906-8797",
    "address": " 650 Pacific Grove Dr Unit 1 - West Palm Beach, FL 33401",
    "location": "Palm_Beach"
  },
  {
    "name": "Effectv",
    "description": "Advertising Agencies",
    "phone": "(888) 877-9799",
    "address": " 1700 Palm Beach Lakes Blvd Ste 900 - West Palm Beach, FL 33401",
    "location": "Palm_Beach"
  },
  {
    "name": "That Agency",
    "description": "Internet Marketing & Advertising",
    "phone": "(561) 832-6262",
    "address": " 2000 Palm Beach Lakes Blvd Ste 601 - West Palm Beach, FL 33409",
    "location": "Palm_Beach"
  },
  {
    "name": "The Digital Intellect",
    "description": "Advertising Agencies",
    "phone": "(561) 677-9656",
    "address": " 2090 Palm Beach Lakes Blvd Ste 800 - West Palm Beach, FL 33409",
    "location": "Palm_Beach"
  },
  {
    "name": "Hoover Architectural Products",
    "description": "Awnings & Canopies",
    "phone": "(561) 844-4444",
    "address": " 5107 N Australian Ave - Mangonia Park, FL 33407",
    "location": "Palm_Beach"
  },
  {
    "name": "Aner Signs Holdings Inc",
    "description": "Signs",
    "phone": "(561) 845-6677",
    "address": " 1213 W. 50th Street - West Palm Beach, FL 33407",
    "location": "Palm_Beach"
  },
  {
    "name": "Lamar Advertising",
    "description": "Advertising Agencies",
    "phone": "(561) 835-8400",
    "address": " 333 Southern Blvd - West Palm Beach, FL 33405",
    "location": "Palm_Beach"
  },
  {
    "name": "Reputation 1",
    "description": "Advertising Agencies",
    "phone": "(561) 249-6103",
    "address": " 3301 Embassy Dr - West Palm Beach, FL 33401",
    "location": "Palm_Beach"
  },
  {
    "name": "AM Media",
    "description": "Advertising Agencies",
    "phone": "(561) 242-8155",
    "address": " 2475 Mercer Ave - West Palm Beach, FL 33401",
    "location": "Palm_Beach"
  },
  {
    "name": "Amvtec",
    "description": "Advertising Agencies",
    "phone": "(561) 832-0404",
    "address": " 535 22nd St - West Palm Beach, FL 33407",
    "location": "Palm_Beach"
  },
  {
    "name": "Dsquared Media",
    "description": "Web Site Design & Services",
    "phone": "(561) 654-0237",
    "address": " 526 Northwood Rd - West Palm Beach, FL 33407",
    "location": "Palm_Beach"
  },
  {
    "name": "Aner Sign Inc",
    "description": "Advertising Specialties",
    "phone": "(561) 242-0405",
    "address": " 1413 Forsythe Rd - West Palm Beach, FL 33405",
    "location": "Palm_Beach"
  },
  {
    "name": "Ad Nuance Agency",
    "description": "Advertising Agencies",
    "phone": "(717) 491-5307",
    "address": " 470 Executive Center Dr - West Palm Beach, FL 33401",
    "location": "Palm_Beach"
  },
  {
    "name": "S & S Marketing Inc",
    "description": "Marketing Consultants",
    "phone": "(561) 684-7471",
    "address": " 1750 N Florida Mango Rd - West Palm Beach, FL 33409",
    "location": "Palm_Beach"
  },
  {
    "name": "Ram Advertising",
    "description": "Advertising Agencies",
    "phone": "(561) 791-7707",
    "address": " 1000 Southern Blvd - West Palm Beach, FL 33405",
    "location": "Palm_Beach"
  },
  {
    "name": "Corecare Associates",
    "description": "Advertising Agencies",
    "phone": "(561) 689-6321",
    "address": " 400 Executive Center Dr - West Palm Beach, FL 33401",
    "location": "Palm_Beach"
  },
  {
    "name": "Lamar Florida Inc",
    "description": "Advertising Agencies",
    "phone": "(561) 249-1437",
    "address": " 371 Puritan Rd - West Palm Beach, FL 33405",
    "location": "Palm_Beach"
  },
  {
    "name": "A Classified Marketplace",
    "description": "Directory & Guide Advertising",
    "phone": "(800) 914-4705",
    "address": " Po Box 7432 - West Palm Beach, FL 33405",
    "location": "Palm_Beach"
  },
  {
    "name": "Intelavise",
    "description": "Advertising Agencies",
    "phone": "(561) 899-9922",
    "address": " 100 Flagler Ln - West Palm Beach, FL 33407",
    "location": "Palm_Beach"
  },
  {
    "name": "Tamajin Enterprises",
    "description": "Advertising Specialties",
    "phone": "(561) 841-0664",
    "address": " 617 37th St - West Palm Beach, FL 33407",
    "location": "Palm_Beach"
  },
  {
    "name": "Pyra Promotions",
    "description": "Advertising Specialties",
    "phone": "(561) 330-2490",
    "address": " 1700 Palm Beach Lakes Blvd - West Palm Beach, FL 33401",
    "location": "Palm_Beach"
  },
  {
    "name": "Ldg Planning Consultants",
    "description": "Advertising Agencies",
    "phone": "(561) 863-5617",
    "address": " 913 39th Ct - West Palm Beach, FL 33407",
    "location": "Palm_Beach"
  },
  {
    "name": "Img Finance",
    "description": "Advertising Agencies",
    "phone": "(561) 904-6025",
    "address": " 900 Osceola Dr - West Palm Beach, FL 33409",
    "location": "Palm_Beach"
  },
  {
    "name": "BSE Design & Communications",
    "description": "Graphic Designers",
    "phone": "(561) 697-5160",
    "address": " 2250 Palm Beach Lakes Blvd - West Palm Beach, FL 33409",
    "location": "Palm_Beach"
  },
  {
    "name": "Knowledge Is Power",
    "description": "Advertising Agencies",
    "phone": "(561) 623-0219",
    "address": " 5500 N Flagler Dr - West Palm Beach, FL 33407",
    "location": "Palm_Beach"
  },
  {
    "name": "Proforma Scotto Promotions",
    "description": "Advertising Specialties",
    "phone": "(561) 328-3602",
    "address": " 1170 Gator Trl - West Palm Beach, FL 33409",
    "location": "Palm_Beach"
  },
  {
    "name": "The Boner Group",
    "description": "Marketing Consultants",
    "phone": "(561) 688-2880",
    "address": " 440 Columbia Dr Ste 105 - West Palm Beach, FL 33409",
    "location": "Palm_Beach"
  },
  {
    "name": "Highland Products Group",
    "description": "Advertising Agencies",
    "phone": "(561) 338-7422",
    "address": " 931 Village Blvd - West Palm Beach, FL 33409",
    "location": "Palm_Beach"
  },
  {
    "name": "Adrevs Inc",
    "description": "Advertising Agencies",
    "phone": "(518) 306-6868",
    "address": " 3635 Whitehall Dr - West Palm Beach, FL 33401",
    "location": "Palm_Beach"
  },
  {
    "name": "VIP Line Media Group",
    "description": "Advertising Agencies",
    "phone": "(561) 328-8771",
    "address": " 5307 East Ave - West Palm Beach, FL 33407",
    "location": "Palm_Beach"
  },
  {
    "name": "Aner Signs Hld",
    "description": "Signs",
    "phone": "(561) 845-6242",
    "address": " 1213 50th St - Mangonia Park, FL 33407",
    "location": "Palm_Beach"
  },
  {
    "name": "Macro Print",
    "description": "Signs",
    "phone": "(561) 882-6514",
    "address": " 1243 52nd St - Mangonia Park, FL 33407",
    "location": "Palm_Beach"
  },
  {
    "name": "R M Presidential Ent Inc",
    "description": "Advertising Agencies",
    "phone": "(561) 355-5420",
    "address": " 2158 Spafford Ave - West Palm Beach, FL 33409",
    "location": "Palm_Beach"
  },
  {
    "name": "Dee T-Shirts",
    "description": "Clothing Stores",
    "phone": "(561) 842-5800",
    "address": " 2120 Broadway - Riviera Beach, FL 33404",
    "location": "Palm_Beach"
  },
  {
    "name": "Fully Promoted",
    "description": "Advertising-Promotional Products",
    "phone": "(561) 615-8655",
    "address": " 1369 N Military Trl - West Palm Beach, FL 33409",
    "location": "Palm_Beach"
  },
  {
    "name": "Fully Promoted Palm Beach Gardens, FL",
    "description": "Advertising-Promotional Products",
    "phone": "(561) 775-9195",
    "address": " 3954 Northlake Blvd - Palm Beach Gardens, FL 33403",
    "location": "Palm_Beach"
  },
  {
    "name": "Digital Arts Enterprises",
    "description": "Advertising-Promotional Products",
    "phone": "(877) 504-5682",
    "address": " 8645 N Military Trl Ste 504 - West Palm Beach, FL 33410",
    "location": "Palm_Beach"
  },
  {
    "name": "ARCH MCH, INC",
    "description": "Advertising-Promotional Products",
    "phone": "(561) 412-7003",
    "address": " 116 Island Shores Dr - Greenacres, FL 33413",
    "location": "Palm_Beach"
  },
  {
    "name": "Fully Promoted CORPORATE",
    "description": "Advertising-Promotional Products",
    "phone": "(800) 727-6720",
    "address": " 2121 Vista Pkwy - West Palm Beach, FL 33411",
    "location": "Palm_Beach"
  },
  {
    "name": "A Affordable Printing And Promotional Products",
    "description": "Advertising-Promotional Products",
    "phone": "(561) 642-9122",
    "address": " 3074 S Jog Rd - Greenacres, FL 33467",
    "location": "Palm_Beach"
  },
  {
    "name": "KPA Promotions, Inc.",
    "description": "Advertising-Promotional Products",
    "phone": "(561) 209-9822",
    "address": " 8080 Belvedere Rd Ste 7 - West Palm Beach, FL 33411",
    "location": "Palm_Beach"
  },
  {
    "name": "Wizazos Promo",
    "description": "Advertising-Promotional Products",
    "phone": "(561) 891-3815",
    "address": " 5180 Horseshoe Cir N - West Palm Beach, FL 33417",
    "location": "Palm_Beach"
  },
  {
    "name": "Underground Promos",
    "description": "Advertising-Promotional Products",
    "phone": "(609) 456-0260",
    "address": " 870 N Federal Hwy - Lake Worth, FL 33460",
    "location": "Palm_Beach"
  },
  {
    "name": "Glasofer Robert",
    "description": "Advertising-Promotional Products",
    "phone": "(561) 686-4644",
    "address": " 6511 Emerald Dunes Dr - West Palm Beach, FL 33411",
    "location": "Palm_Beach"
  },
  {
    "name": "Florida Water Products",
    "description": "Advertising-Promotional Products",
    "phone": "(561) 530-7866",
    "address": " 475 N Cleary Rd - West Palm Beach, FL 33413",
    "location": "Palm_Beach"
  },
  {
    "name": "KPA Promotions & Awards, Inc.",
    "description": "Advertising-Promotional Products",
    "phone": "(561) 209-9822",
    "address": " 346 Pike Rd Ste 11 - West Palm Beach, FL 33411",
    "location": "Palm_Beach"
  },
  {
    "name": "Signarama North Palm Beach",
    "description": "Advertising-Promotional Products",
    "phone": "(561) 845-7339",
    "address": " 900 Northlake Blvd - North Palm Beach, FL 33408",
    "location": "Palm_Beach"
  },
  {
    "name": "Advertising and Marketing Solutions",
    "description": "Advertising-Promotional Products",
    "phone": "(718) 600-5014",
    "address": " 3900 Haverhill Rd N Unit 223542 - West Palm Beach, FL 33422",
    "location": "Palm_Beach"
  },
  {
    "name": "AJF Graphics",
    "description": "Advertising-Promotional Products",
    "phone": "(561) 642-5590",
    "address": " 3072 S Jog Rd - Greenacres, FL 33467",
    "location": "Palm_Beach"
  },
  {
    "name": "Embroidme",
    "description": "Advertising-Promotional Products",
    "phone": "(561) 615-8655",
    "address": " 1369 N Military Trl - West Palm Beach, FL 33409",
    "location": "Palm_Beach"
  },
  {
    "name": "Designstogo",
    "description": "Advertising-Promotional Products",
    "phone": "(561) 432-1313",
    "address": " 4317 10th Ave N - Palm Springs, FL 33461",
    "location": "Palm_Beach"
  },
  {
    "name": "WGI Creative Services",
    "description": "Advertising-Promotional Products",
    "phone": "(561) 713-1717",
    "address": " 2035 Vista Pkwy - West Palm Beach, FL 33411",
    "location": "Palm_Beach"
  },
  {
    "name": "Big Digital Graphics",
    "description": "Advertising-Promotional Products",
    "phone": "(561) 844-4708",
    "address": " 1335 Old Dixie Hwy Unit 4 - Lake Park, FL 33403",
    "location": "Palm_Beach"
  },
  {
    "name": "Southern Printing & Marketing",
    "description": "Advertising-Promotional Products",
    "phone": "(561) 968-6661",
    "address": " 4888 10th Ave N - Greenacres, FL 33463",
    "location": "Palm_Beach"
  },
  {
    "name": "Promotion Store ®",
    "description": "Advertising-Promotional Products",
    "phone": "(561) 594-6000",
    "address": " 2885 N Military Trl - West Palm Beach, FL 33409",
    "location": "Palm_Beach"
  },
  {
    "name": "Ad Pros of Palm Beach",
    "description": "Advertising-Promotional Products",
    "phone": "(561) 687-3710",
    "address": " 5064 El Claro Cir - West Palm Beach, FL 33415",
    "location": "Palm_Beach"
  },
  {
    "name": "L F Advertising",
    "description": "Advertising-Promotional Products",
    "phone": "(561) 533-5450",
    "address": " 1848 Aragon Ave - Lake Worth Beach, FL 33461",
    "location": "Palm_Beach"
  },
  {
    "name": "Expresscoupon.org",
    "description": "Advertising-Promotional Products",
    "phone": "(305) 600-6255",
    "address": " 300 Wedgewood Plaza DR - Riviera Beach, FL 33404",
    "location": "Palm_Beach"
  },
  {
    "name": "Logo Gear",
    "description": "Advertising-Promotional Products",
    "phone": "(561) 582-2201",
    "address": " 2000 N Dixie Hwy Ste 6 - Lake Worth, FL 33460",
    "location": "Palm_Beach"
  },
  {
    "name": "Monarch Advertising",
    "description": "Advertising-Promotional Products",
    "phone": "(786) 541-5479",
    "address": " 1605 Silver Beach Rd # 15 - Riviera Beach, FL 33404",
    "location": "Palm_Beach"
  },
  {
    "name": "EmbroidMe",
    "description": "Advertising-Promotional Products",
    "phone": "(561) 640-7367",
    "address": " 2121 Vista Pkwy - West Palm Beach, FL 33411",
    "location": "Palm_Beach"
  },
  {
    "name": "Banyan Printing",
    "description": "Printing Services",
    "phone": "(561) 586-6220",
    "address": " 1937 10th Ave N - Lake Worth, FL 33461",
    "location": "Palm_Beach"
  },
  {
    "name": "Newton Search Engine Marketing",
    "description": "Internet Marketing & Advertising",
    "phone": "(877) 456-3196",
    "address": " 4061 N Haverhill Rd - West Palm Beach, FL 33417",
    "location": "Palm_Beach"
  },
  {
    "name": "Sign Connection USA",
    "description": "Signs",
    "phone": "(561) 439-6569",
    "address": " 3883 10th Ave N - Lake Worth, FL 33461",
    "location": "Palm_Beach"
  },
  {
    "name": "Atlantic Real Estate Sign Co",
    "description": "Signs",
    "phone": "(561) 684-8687",
    "address": " 6537 Southern Blvd Ste 9 - West Palm Beach, FL 33413",
    "location": "Palm_Beach"
  },
  {
    "name": "Strategic Marketing",
    "description": "Advertising Agencies",
    "phone": "(561) 688-8155",
    "address": " 8895 N Military Trl - West Palm Beach, FL 33410",
    "location": "Palm_Beach"
  },
  {
    "name": "Graphic Reproductions",
    "description": "Signs",
    "phone": "(561) 842-4076",
    "address": " 1383 N Killian Dr - West Palm Beach, FL 33403",
    "location": "Palm_Beach"
  },
  {
    "name": "SmartLink Internet Marketing",
    "description": "Internet Consultants",
    "phone": "(561) 688-8155",
    "address": " 8895 N Military Trl Ste B202 - West Palm Beach, FL 33410",
    "location": "Palm_Beach"
  },
  {
    "name": "Regina Miller Business Conslnt",
    "description": "Advertising Agencies",
    "phone": "(561) 667-5387",
    "address": " 303 N Lakeside Dr - Lake Worth, FL 33460",
    "location": "Palm_Beach"
  },
  {
    "name": "Media Simplified",
    "description": "Advertising Agencies",
    "phone": "(321) 384-6685",
    "address": " 5401 N Haverhill Rd Unit 119 - West Palm Beach, FL 33407",
    "location": "Palm_Beach"
  },
  {
    "name": "Sign A Rama Corporate HQ",
    "description": "Signs",
    "phone": "(561) 640-5570",
    "address": " 2121 Vista Pkwy - West Palm Beach, FL 33411",
    "location": "Palm_Beach"
  },
  {
    "name": "FASTSIGNS",
    "description": "Signs",
    "phone": "(561) 616-3590",
    "address": " 4275 Okeechobee Blvd - West Palm Beach, FL 33409",
    "location": "Palm_Beach"
  },
  {
    "name": "Florida Digital Center",
    "description": "Market Research & Analysis",
    "phone": "(954) 605-6338",
    "address": " 1509 N Military Trl Unit 222 - West Palm Beach, FL 33409",
    "location": "Palm_Beach"
  },
  {
    "name": "Billboard Connection",
    "description": "Outdoor Advertising",
    "phone": "(561) 687-5445",
    "address": " 1367 N Military Trl - West Palm Beach, FL 33409",
    "location": "Palm_Beach"
  },
  {
    "name": "Atlas Sign Industries",
    "description": "Signs",
    "phone": "(561) 863-6659",
    "address": " 1077 W Blue Heron Blvd - Riviera Beach, FL 33404",
    "location": "Palm_Beach"
  },
  {
    "name": "Ace Custom Signs & Window Tinting",
    "description": "Signs",
    "phone": "(561) 310-4064",
    "address": " 4574 Dyer Blvd - West Palm Beach, FL 33407",
    "location": "Palm_Beach"
  },
  {
    "name": "Reprographic Solutions",
    "description": "Signs",
    "phone": "(561) 640-5450",
    "address": " 2361 Vista Pkwy Ste 2 - West Palm Beach, FL 33411",
    "location": "Palm_Beach"
  },
  {
    "name": "Cheetah Agency",
    "description": "Advertising Agencies",
    "phone": "(561) 830-5050",
    "address": " 2054 Vista Pkwy - West Palm Beach, FL 33411",
    "location": "Palm_Beach"
  },
  {
    "name": "Prographic Works",
    "description": "Advertising Agencies",
    "phone": "(561) 440-4114",
    "address": " 2101 Vista Pkwy - West Palm Beach, FL 33411",
    "location": "Palm_Beach"
  },
  {
    "name": "Billboard Connection Inc",
    "description": "Advertising Agencies",
    "phone": "(561) 640-5570",
    "address": " 2121 Vista Pkwy - West Palm Beach, FL 33411",
    "location": "Palm_Beach"
  },
  {
    "name": "Palm Beach Clipper",
    "description": "Marketing Programs & Services",
    "phone": "(561) 541-8108",
    "address": " 4260 Leo Ln - Riviera Beach, FL 33410",
    "location": "Palm_Beach"
  },
  {
    "name": "Dunn Signs",
    "description": "Signs",
    "phone": "(561) 969-3296",
    "address": " 4400 Charlotte St - Lake Worth, FL 33461",
    "location": "Palm_Beach"
  },
  {
    "name": "SouthFlo SEO",
    "description": "Internet Marketing & Advertising",
    "phone": "(561) 530-2433",
    "address": " 4015 Dorado Dr - Palm Beach Gardens, FL 33418",
    "location": "Palm_Beach"
  },
  {
    "name": "Proton Signs",
    "description": "Signs",
    "phone": "(561) 585-1755",
    "address": " 510 Whitney Ave Suite A-5 - Lantana, FL 33462",
    "location": "Palm_Beach"
  },
  {
    "name": "Seo Architech - Local SEO Company",
    "description": "Advertising Agencies",
    "phone": "(954) 582-8282",
    "address": " 7754 Okeechobee Blvd # 214 - West Palm Beach, FL 33411",
    "location": "Palm_Beach"
  },
  {
    "name": "Baldrica Advertising & Marketing",
    "description": "Advertising Agencies",
    "phone": "(561) 683-0404",
    "address": " 5660 Corporate Way - West Palm Beach, FL 33407",
    "location": "Palm_Beach"
  },
  {
    "name": "Venue Advertising Inc",
    "description": "Advertising Agencies",
    "phone": "(561) 844-1778",
    "address": " 945 W 15th St - Riviera Beach, FL 33404",
    "location": "Palm_Beach"
  },
  {
    "name": "West Palm Beach Florida Internet Marketing and Website SEO",
    "description": "Advertising Agencies",
    "phone": "(561) 945-0025",
    "address": " 3951 N Haverhill Rd - West Palm Beach, FL 33417",
    "location": "Palm_Beach"
  },
  {
    "name": "Ads Plus Advertise",
    "description": "Advertising Agencies",
    "phone": "(561) 318-5411",
    "address": " 1201 Yacht Harbor Dr - Riviera Beach, FL 33404",
    "location": "Palm_Beach"
  },
  {
    "name": "Doveco Advertising",
    "description": "Directory & Guide Advertising",
    "phone": "(561) 433-3884",
    "address": " 500 Village Green Cir W - Palm Springs, FL 33461",
    "location": "Palm_Beach"
  },
  {
    "name": "Evans Advertising",
    "description": "Advertising Agencies",
    "phone": "(561) 882-0044",
    "address": " 1605 Prosperity Farms Rd - West Palm Beach, FL 33403",
    "location": "Palm_Beach"
  },
  {
    "name": "Creative Edge Inc",
    "description": "Advertising Agencies",
    "phone": "(561) 835-0009",
    "address": " 777 W Lantana Rd - Lantana, FL 33462",
    "location": "Palm_Beach"
  },
  {
    "name": "Cfl Designs",
    "description": "Advertising Specialties",
    "phone": "(561) 779-9317",
    "address": " 312 S 12th St - Lantana, FL 33462",
    "location": "Palm_Beach"
  },
  {
    "name": "The James R Whelan Agency",
    "description": "Advertising Agencies",
    "phone": "(561) 432-0075",
    "address": " 1850 Forest Hill Blvd Ste 102 - West Palm Beach, FL 33406",
    "location": "Palm_Beach"
  },
  {
    "name": "Maasmedia",
    "description": "Advertising Agencies",
    "phone": "(561) 433-4334",
    "address": " 1860 Forest Hill Blvd - West Palm Beach, FL 33406",
    "location": "Palm_Beach"
  },
  {
    "name": "CS Networks",
    "description": "Advertising Agencies",
    "phone": "(561) 366-7960",
    "address": " 1294 S Congress Ave - West Palm Beach, FL 33406",
    "location": "Palm_Beach"
  },
  {
    "name": "Kemp Signs Inc",
    "description": "Signs",
    "phone": "(561) 840-6382",
    "address": " 1767 Hill Ave - West Palm Beach, FL 33407",
    "location": "Palm_Beach"
  },
  {
    "name": "Finnish Media Group Inc",
    "description": "Newspapers",
    "phone": "(561) 540-5440",
    "address": " 224 Wellesley Dr - Lake Worth, FL 33460",
    "location": "Palm_Beach"
  },
  {
    "name": "Hally Tropical Radio 180.8 FM",
    "description": "Radio Stations & Broadcast Companies",
    "phone": "(561) 303-5442",
    "address": " 501 20th Ave N - Lake Worth, FL 33460",
    "location": "Palm_Beach"
  },
  {
    "name": "Foreclosure Assistance Service",
    "description": "Advertising Agencies",
    "phone": "(561) 282-6646",
    "address": " 4500 Belvedere Rd Ste G - Haverhill, FL 33415",
    "location": "Palm_Beach"
  },
  {
    "name": "P & L Advertising and Marketing",
    "description": "Marketing Programs & Services",
    "phone": "(561) 660-8539",
    "address": " 4500 Belvedere Rd Ste G - Haverhill, FL 33415",
    "location": "Palm_Beach"
  },
  {
    "name": "Signs of Recovery",
    "description": "Advertising Specialties",
    "phone": "(561) 366-7168",
    "address": " 1622 N Federal Hwy - Lake Worth Beach, FL 33460",
    "location": "Palm_Beach"
  },
  {
    "name": "Community Welfare Service",
    "description": "Advertising Agencies",
    "phone": "(561) 296-4289",
    "address": " 1771 S Congress Ave - West Palm Beach, FL 33406",
    "location": "Palm_Beach"
  },
  {
    "name": "Green Jeans Creative",
    "description": "Graphic Designers",
    "phone": "(561) 670-8292",
    "address": " 3898 Circle Lake Dr - West Palm Beach, FL 33417",
    "location": "Palm_Beach"
  },
  {
    "name": "Smarlink",
    "description": "Advertising Agencies",
    "phone": "(561) 688-8153",
    "address": " 5725 Corporate Way Ste 107 - West Palm Beach, FL 33407",
    "location": "Palm_Beach"
  },
  {
    "name": "Supreme Signs & Graphics",
    "description": "Signs",
    "phone": "(561) 249-2372",
    "address": " 4657 Southern Blvd - West Palm Beach, FL 33415",
    "location": "Palm_Beach"
  },
  {
    "name": "Advertising Accents",
    "description": "Advertising Agencies",
    "phone": "(561) 688-9708",
    "address": " 4757 Brook Dr - West Palm Beach, FL 33417",
    "location": "Palm_Beach"
  },
  {
    "name": "Exuwak Productions",
    "description": "Advertising Agencies",
    "phone": "(561) 285-1501",
    "address": " 4180 Brook Cir W - West Palm Beach, FL 33417",
    "location": "Palm_Beach"
  },
  {
    "name": "Lamar Advertising Co",
    "description": "Advertising Agencies",
    "phone": "(561) 835-8400",
    "address": " 801 Northpoint Pkwy - West Palm Beach, FL 33407",
    "location": "Palm_Beach"
  },
  {
    "name": "Sign Shop & More!",
    "description": "Signs",
    "phone": "(561) 814-2941",
    "address": " 2537 Beach Ct - Riviera Beach, FL 33404",
    "location": "Palm_Beach"
  },
  {
    "name": "Planet Signs Inc",
    "description": "Signs",
    "phone": "(561) 697-0033",
    "address": " 901 S Military Trl - West Palm Beach, FL 33415",
    "location": "Palm_Beach"
  },
  {
    "name": "New Max Media",
    "description": "Advertising Agencies",
    "phone": "(561) 640-6996",
    "address": " 1501 Northpoint Pkwy Ste 104 - West Palm Beach, FL 33407",
    "location": "Palm_Beach"
  },
  {
    "name": "Elite Printing and Signs",
    "description": "Signs",
    "phone": "(561) 969-9999",
    "address": " 1481 S Military Trl - West Palm Beach, FL 33415",
    "location": "Palm_Beach"
  },
  {
    "name": "Street Signs USA",
    "description": "Advertising Specialties",
    "phone": "(561) 848-1411",
    "address": " 117 Silver Beach Rd - Lake Park, FL 33403",
    "location": "Palm_Beach"
  },
  {
    "name": "Vinyl Designs",
    "description": "Signs",
    "phone": "(561) 649-2502",
    "address": " 1941 S Military Trl - West Palm Beach, FL 33415",
    "location": "Palm_Beach"
  },
  {
    "name": "First Impressions Creative Services Inc",
    "description": "Advertising Agencies",
    "phone": "(561) 585-8668",
    "address": " 807 Lucerne Ave - Lake Worth, FL 33460",
    "location": "Palm_Beach"
  },
  {
    "name": "Intl Ad Group, Inc",
    "description": "Advertising Agencies",
    "phone": "(855) 376-0234",
    "address": " 728 Lake Ave - Lake Worth, FL 33460",
    "location": "Palm_Beach"
  },
  {
    "name": "Reconsultants Reconsultants",
    "description": "Advertising Agencies",
    "phone": "(561) 623-0077",
    "address": " 1013 Lucerne Ave - Lake Worth, FL 33460",
    "location": "Palm_Beach"
  },
  {
    "name": "Beautysophia",
    "description": "Advertising Agencies",
    "phone": "(561) 701-8612",
    "address": " 1005 Lake Ave - Lake Worth, FL 33460",
    "location": "Palm_Beach"
  },
  {
    "name": "Buckeye Charlie's Signs & Service",
    "description": "Signs",
    "phone": "(561) 582-5767",
    "address": " 3670 23rd Ave S - Lake Worth Beach, FL 33461",
    "location": "Palm_Beach"
  },
  {
    "name": "Signs of Progress Inc",
    "description": "Signs",
    "phone": "(561) 845-0080",
    "address": " 126 10th St - Lake Park, FL 33403",
    "location": "Palm_Beach"
  },
  {
    "name": "Southeast Highway Signs",
    "description": "Signs",
    "phone": "(561) 848-1411",
    "address": " 1137 Silver Beach Rd - Lake Park, FL 33403",
    "location": "Palm_Beach"
  },
  {
    "name": "Signs By Catalina",
    "description": "Signs",
    "phone": "(561) 408-2793",
    "address": " 4352 72nd St N - West Palm Beach, FL 33404",
    "location": "Palm_Beach"
  },
  {
    "name": "Market Specific Advertising",
    "description": "Advertising Specialties",
    "phone": "(561) 683-7976",
    "address": " 5786 Cassandra Ct - West Palm Beach, FL 33415",
    "location": "Palm_Beach"
  },
  {
    "name": "American Printing & Signs",
    "description": "Signs",
    "phone": "(561) 841-9000",
    "address": " 7296 42nd Way N - West Palm Beach, FL 33404",
    "location": "Palm_Beach"
  },
  {
    "name": "Total Sign Solution & CNC Inc",
    "description": "Signs",
    "phone": "(561) 784-8551",
    "address": " 7655 Enterprise Dr - Riviera Beach, FL 33404",
    "location": "Palm_Beach"
  },
  {
    "name": "D R Scibe",
    "description": "Advertising Agencies",
    "phone": "(561) 223-2643",
    "address": " 3281 Lake Worth Rd - Palm Springs, FL 33461",
    "location": "Palm_Beach"
  },
  {
    "name": "Sign Supply USA",
    "description": "Advertising Specialties",
    "phone": "(561) 615-8797",
    "address": " 7960 Central Industrial Dr Ste 120 - Riviera Beach, FL 33404",
    "location": "Palm_Beach"
  },
  {
    "name": "C2 Consulting Group-Web Design & Marketing",
    "description": "Marketing Consultants",
    "phone": "(561) 513-5900",
    "address": " 2101 Vista Pkwy - West Palm Beach, FL 33411",
    "location": "Palm_Beach"
  },
  {
    "name": "Quik Signs",
    "description": "Signs",
    "phone": "(561) 202-6705",
    "address": " 421 Northlake Blvd - North Palm Beach, FL 33408",
    "location": "Palm_Beach"
  },
  {
    "name": "Metropolitan Advertising",
    "description": "Advertising Specialties",
    "phone": "(561) 845-7050",
    "address": " 1330 S Killian Dr - West Palm Beach, FL 33403",
    "location": "Palm_Beach"
  },
  {
    "name": "Rivera Marketing, Inc.",
    "description": "Marketing Consultants",
    "phone": "(855) 377-6174",
    "address": " 4952 10th Ave N - Greenacres, FL 33463",
    "location": "Palm_Beach"
  },
  {
    "name": "Vision Signs and Graphics Inc",
    "description": "Signs",
    "phone": "(561) 844-0308",
    "address": " 1343 S Killian Dr - West Palm Beach, FL 33403",
    "location": "Palm_Beach"
  },
  {
    "name": "Palm Beach Image Factory",
    "description": "Advertising Agencies",
    "phone": "(561) 840-7243",
    "address": " 1408 N Killian Dr - West Palm Beach, FL 33403",
    "location": "Palm_Beach"
  },
  {
    "name": "Signmaster",
    "description": "Signs",
    "phone": "(561) 842-8500",
    "address": " 1458 10th Ct - West Palm Beach, FL 33403",
    "location": "Palm_Beach"
  },
  {
    "name": "www.seostrategyninja.com",
    "description": "Internet Consultants",
    "phone": "(561) 320-3271",
    "address": " 6768 Silver Ridge Ln - Greenacres, FL 33413",
    "location": "Palm_Beach"
  },
  {
    "name": "Austrade",
    "description": "Advertising Agencies",
    "phone": "(561) 209-2447",
    "address": " 3309 Northlake Blvd - Palm Beach Gardens, FL 33403",
    "location": "Palm_Beach"
  },
  {
    "name": "Oamii",
    "description": "Advertising Agencies",
    "phone": "(561) 228-4111",
    "address": " 6742 Forest Hill Blvd - Greenacres, FL 33413",
    "location": "Palm_Beach"
  },
  {
    "name": "Opportunity Options Inc",
    "description": "Advertising Agencies",
    "phone": "(561) 965-9995",
    "address": " 1281 Olympic Cir - Greenacres, FL 33413",
    "location": "Palm_Beach"
  },
  {
    "name": "Kauff's Illumination",
    "description": "Signs",
    "phone": "(561) 694-5898",
    "address": " 3587 Northlake Blvd - Palm Beach Gardens, FL 33403",
    "location": "Palm_Beach"
  },
  {
    "name": "Web1 SEO",
    "description": "Internet Marketing & Advertising",
    "phone": "(561) 841-1832",
    "address": " 721 Us Highway 1 Ste 215 - North Palm Beach, FL 33408",
    "location": "Palm_Beach"
  },
  {
    "name": "Tactical Marketing & Seo",
    "description": "Marketing Programs & Services",
    "phone": "(844) 285-5381",
    "address": " 4256 Melaleuca Ln - Lake Worth, FL 33461",
    "location": "Palm_Beach"
  },
  {
    "name": "Dick Gruenwald Associates",
    "description": "Advertising Agencies",
    "phone": "(561) 622-3200",
    "address": " 4362 Northlake Blvd - Palm Beach Gardens, FL 33410",
    "location": "Palm_Beach"
  },
  {
    "name": "Carandrealtors.Biz",
    "description": "Advertising Agencies",
    "phone": "(732) 778-7784",
    "address": " 1540 Lake Crystal Dr - West Palm Beach, FL 33411",
    "location": "Palm_Beach"
  },
  {
    "name": "A King Consulting Inc",
    "description": "Advertising Agencies",
    "phone": "(561) 439-6976",
    "address": " 4597 Gladiator Cir - Greenacres, FL 33463",
    "location": "Palm_Beach"
  },
  {
    "name": "M K Marketing",
    "description": "Advertising Specialties",
    "phone": "(561) 963-6357",
    "address": " 118 E Ocean Ave - Lantana, FL 33462",
    "location": "Palm_Beach"
  },
  {
    "name": "Ad Specialty Products",
    "description": "Advertising-Promotional Products",
    "phone": "(401) 451-1874",
    "address": " 1025 Gateway Blvd #303 - Boynton Beach, FL 33426",
    "location": "Palm_Beach"
  },
  {
    "name": "Sweetz Inc",
    "description": "Advertising-Promotional Products",
    "phone": "(561) 843-1450",
    "address": " 1305 Asbury Way - Boynton Beach, FL 33426",
    "location": "Palm_Beach"
  },
  {
    "name": "Advertising Promotional Specialties Inc",
    "description": "Advertising-Promotional Products",
    "phone": "(561) 694-1616",
    "address": " 2929 Biarritz Dr - West Palm Beach, FL 33410",
    "location": "Palm_Beach"
  },
  {
    "name": "Sales&Marketing Strategie Inc",
    "description": "Advertising-Promotional Products",
    "phone": "(561) 791-9959",
    "address": " 122 Ponce De Leon St - Royal Palm Beach, FL 33411",
    "location": "Palm_Beach"
  },
  {
    "name": "Raptor Promotions",
    "description": "Advertising-Promotional Products",
    "phone": "(561) 791-3570",
    "address": " 8684 Via Prestigio E - Wellington, FL 33411",
    "location": "Palm_Beach"
  },
  {
    "name": "Robot Country",
    "description": "Advertising-Promotional Products",
    "phone": "(561) 732-0817",
    "address": " 4235 Lucerne Villas Ln - Lake Worth, FL 33467",
    "location": "Palm_Beach"
  },
  {
    "name": "Ecogreen Supplier",
    "description": "Advertising-Promotional Products",
    "phone": "(561) 450-6062",
    "address": " 4757 Saddle Ranch Rd - Lake Worth, FL 33467",
    "location": "Palm_Beach"
  },
  {
    "name": "Stitch By Stitch",
    "description": "Advertising-Promotional Products",
    "phone": "(561) 333-7828",
    "address": " 10300 Forest Hill Blvd - Wellington, FL 33414",
    "location": "Palm_Beach"
  },
  {
    "name": "Swag Brands",
    "description": "Advertising-Promotional Products",
    "phone": "(561) 570-6370",
    "address": " 445 Pumpkin Dr - West Palm Beach, FL 33410",
    "location": "Palm_Beach"
  },
  {
    "name": "Excomat International",
    "description": "Advertising-Promotional Products",
    "phone": "(561) 439-7006",
    "address": " 6075 86th Dr S - Lake Worth, FL 33467",
    "location": "Palm_Beach"
  },
  {
    "name": "Freedom Breeze",
    "description": "Advertising-Promotional Products",
    "phone": "(646) 479-3304",
    "address": " 763 Hibiscus Dr - Royal Palm Beach, FL 33411",
    "location": "Palm_Beach"
  },
  {
    "name": "Forrester-Smith",
    "description": "Advertising-Promotional Products",
    "phone": "(561) 432-9100",
    "address": " 4539 Hunting Trl - Lake Worth, FL 33467",
    "location": "Palm_Beach"
  },
  {
    "name": "Promoconcepts,Inc",
    "description": "Advertising-Promotional Products",
    "phone": "(561) 433-5601",
    "address": " 10862 Royal Devon Way - Lake Worth, FL 33449",
    "location": "Palm_Beach"
  },
  {
    "name": "Waldinger Richard & Bobbi",
    "description": "Advertising-Promotional Products",
    "phone": "(561) 630-3435",
    "address": " 6435 Eastpointe Pines St - West Palm Beach, FL 33418",
    "location": "Palm_Beach"
  },
  {
    "name": "Print-It Plus",
    "description": "Advertising-Promotional Products",
    "phone": "(561) 790-0884",
    "address": " 11420 Okeechobee Blvd - Royal Palm Beach, FL 33411",
    "location": "Palm_Beach"
  },
  {
    "name": "Allied Advertising & Marketing Inc",
    "description": "Advertising-Promotional Products",
    "phone": "(305) 205-0980",
    "address": " 7648 Ironhorse Blvd - West Palm Beach, FL 33412",
    "location": "Palm_Beach"
  },
  {
    "name": "The Central Saver",
    "description": "Advertising-Promotional Products",
    "phone": "(352) 502-0408",
    "address": " 3840 Max Pl - Boynton Beach, FL 33436",
    "location": "Palm_Beach"
  },
  {
    "name": "MVP Sports And Screenprinting Inc",
    "description": "Advertising-Promotional Products",
    "phone": "(561) 582-0093",
    "address": " 3475 High Ridge Rd - Boynton Beach, FL 33426",
    "location": "Palm_Beach"
  },
  {
    "name": "Kluch Clothing Co",
    "description": "Advertising-Promotional Products",
    "phone": "(561) 734-9665",
    "address": " 215 SE 8th Ave - Boynton Beach, FL 33435",
    "location": "Palm_Beach"
  },
  {
    "name": "Biz in the Bag",
    "description": "Advertising-Promotional Products",
    "phone": "(561) 376-9029",
    "address": " 129 Las Brisas Cir - Hypoluxo, FL 33462",
    "location": "Palm_Beach"
  },
  {
    "name": "A1 Custom Mousepad Imaging Inc.",
    "description": "Advertising-Promotional Products",
    "phone": "(561) 630-7170",
    "address": " 6231 Pga Blvd Ste 104 - Palm Beach Gardens, FL 33418",
    "location": "Palm_Beach"
  },
  {
    "name": "Exotic",
    "description": "Printing Services-Commercial",
    "phone": "(561) 585-9200",
    "address": " 7928 Coral St Ste 42 - Lantana, FL 33462",
    "location": "Palm_Beach"
  },
  {
    "name": "United One Media Group",
    "description": "Advertising Agencies",
    "phone": "(561) 365-8853",
    "address": " 1690 Renaissance Commons Blvd - Boynton Beach, FL 33426",
    "location": "Palm_Beach"
  },
  {
    "name": "Granat Design",
    "description": "Internet Marketing & Advertising",
    "phone": "(561) 799-4880",
    "address": " 101 Alegria Way - Palm Beach Gardens, FL 33418",
    "location": "Palm_Beach"
  },
  {
    "name": "Web Promotion Partners - Search Engine Optimization",
    "description": "Internet Marketing & Advertising",
    "phone": "(561) 299-3942",
    "address": " 4440 Pga Blvd Ste 600 - Palm Beach Gardens, FL 33410",
    "location": "Palm_Beach"
  },
  {
    "name": "Palm Beach Link",
    "description": "Coupon Advertising",
    "phone": "(561) 596-6549",
    "address": " 5500 Military Trl Ste 22-208 - Jupiter, FL 33458",
    "location": "Palm_Beach"
  },
  {
    "name": "IBI Marketing",
    "description": "Marketing Programs & Services",
    "phone": "(561) 328-7071",
    "address": " 8636 High Cay - West Palm Beach, FL 33411",
    "location": "Palm_Beach"
  },
  {
    "name": "BigMouth Media",
    "description": "Advertising Agencies",
    "phone": "(888) 850-1220",
    "address": " 400 Village Square Xing - Palm Beach Gardens, FL 33410",
    "location": "Palm_Beach"
  },
  {
    "name": "BlowFish SEO",
    "description": "Internet Marketing & Advertising",
    "phone": "(561) 972-8605",
    "address": " 3300 PGA Blvd - Palm Beach Gardens, FL 33410",
    "location": "Palm_Beach"
  },
  {
    "name": "StickyWebz",
    "description": "Marketing Programs & Services",
    "phone": "(561) 819-9999",
    "address": " 10140 Okeechobee Blvd - West Palm Beach, FL 33411",
    "location": "Palm_Beach"
  },
  {
    "name": "Silverbacks Media",
    "description": "Internet Marketing & Advertising",
    "phone": "(561) 342-1399",
    "address": " 6162 Astoria Dr - Lake Worth, FL 33463",
    "location": "Palm_Beach"
  },
  {
    "name": "Fisch For Success Marketing",
    "description": "Marketing Programs & Services",
    "phone": "(561) 475-5114",
    "address": " 12544 Woodmill Dr - Palm Beach Gardens, FL 33418",
    "location": "Palm_Beach"
  },
  {
    "name": "Stratovative LLC",
    "description": "Internet Marketing & Advertising",
    "phone": "(914) 224-6967",
    "address": " 146 Via Condado Way - Palm Beach Gardens, FL 33418",
    "location": "Palm_Beach"
  },
  {
    "name": "DKT Digital Marketing & Web Design",
    "description": "Internet Marketing & Advertising",
    "phone": "(561) 572-6514",
    "address": " 7542 Thornlee Dr - Lake Worth, FL 33467",
    "location": "Palm_Beach"
  },
  {
    "name": "The Email List Company",
    "description": "Marketing Programs & Services",
    "phone": "(844) 226-9818",
    "address": " 14255 Us Highway 1 Ste 2155 - Juno Beach, FL 33408",
    "location": "Palm_Beach"
  },
  {
    "name": "AXIA Creative",
    "description": "Advertising Agencies",
    "phone": "(561) 282-6205",
    "address": " 12171 Old Country Rd - Wellington, FL 33414",
    "location": "Palm_Beach"
  },
  {
    "name": "Media Zoom Design Firm - Boynton Beach",
    "description": "Marketing Programs & Services",
    "phone": "(561) 706-8846",
    "address": " 4140 Key Lime Blvd - Boynton Beach, FL 33436",
    "location": "Palm_Beach"
  },
  {
    "name": "Kick Off Advertising",
    "description": "Advertising Agencies",
    "phone": "(561) 501-8682",
    "address": " 3815 Providence Road Boynton Beach - Boynton, FL 33436",
    "location": "Palm_Beach"
  },
  {
    "name": "Island Advertising",
    "description": "Advertising Agencies",
    "phone": "(561) 432-3838",
    "address": " 5920 Piney Ct - Greenacres, FL 33463",
    "location": "Palm_Beach"
  },
  {
    "name": "Valpak of Palm Beach County",
    "description": "Direct Mail Advertising",
    "phone": "(561) 204-4505",
    "address": " 8185 Laborie Ln - Wellington, FL 33414",
    "location": "Palm_Beach"
  },
  {
    "name": "Aroundwellington.Com",
    "description": "Advertising Agencies",
    "phone": "(561) 965-6617",
    "address": " 6243 Sand Hills Cir - Lake Worth, FL 33463",
    "location": "Palm_Beach"
  },
  {
    "name": "McNicholas & Associates Inc",
    "description": "Advertising Agencies",
    "phone": "(772) 219-1719",
    "address": " 3001 Pga Blvd - Palm Beach Gardens, FL 33410",
    "location": "Palm_Beach"
  },
  {
    "name": "3I Advertising",
    "description": "Advertising Agencies",
    "phone": "(561) 630-0915",
    "address": " 4400 Pga Blvd - Palm Beach Gardens, FL 33410",
    "location": "Palm_Beach"
  },
  {
    "name": "Javier Lopez Advertising",
    "description": "Advertising Agencies",
    "phone": "(561) 964-1743",
    "address": " 4860 Bonanza Rd - Lake Worth, FL 33467",
    "location": "Palm_Beach"
  },
  {
    "name": "Source.com",
    "description": "Advertising Agencies",
    "phone": "(561) 296-9555",
    "address": " 3101 Fairlane Farms Rd - Wellington, FL 33414",
    "location": "Palm_Beach"
  },
  {
    "name": "Creative Outdoor Advertising",
    "description": "Transit Advertising",
    "phone": "(561) 433-8267",
    "address": " 3909 Redman Pkwy - Boynton Beach, FL 33436",
    "location": "Palm_Beach"
  },
  {
    "name": "Armfield Group Inc",
    "description": "Marketing Consultants",
    "phone": "(954) 541-3466",
    "address": " 1034 Gateway Blvd Ste 104 - Boynton Beach, FL 33426",
    "location": "Palm_Beach"
  },
  {
    "name": "Daniels Roberts Inc",
    "description": "Advertising Agencies",
    "phone": "(561) 241-0066",
    "address": " 209 N Seacrest Blvd Ste 2 - Boynton Beach, FL 33435",
    "location": "Palm_Beach"
  },
  {
    "name": "Domain Holdings Group Inc",
    "description": "Advertising Agencies",
    "phone": "(561) 733-6600",
    "address": " 639 E Ocean Ave - Boynton Beach, FL 33435",
    "location": "Palm_Beach"
  },
  {
    "name": "Thomas Signs and Graphics",
    "description": "Advertising Specialties",
    "phone": "(561) 249-1725",
    "address": " 1000 Stinson Way Ste 106 - West Palm Beach, FL 33411",
    "location": "Palm_Beach"
  },
  {
    "name": "Data Print",
    "description": "Printing Services-Commercial",
    "phone": "(561) 630-7099",
    "address": " 10180 Riverside Dr - Palm Beach Gardens, FL 33410",
    "location": "Palm_Beach"
  },
  {
    "name": "Ihealthspot",
    "description": "Web Site Design & Services",
    "phone": "(954) 978-2184",
    "address": " 6415 Lake Worth Rd Ste 312 - Greenacres, FL 33463",
    "location": "Palm_Beach"
  },
  {
    "name": "Market Ran",
    "description": "Advertising Agencies",
    "phone": "(561) 855-7616",
    "address": " 10385 Ironwood Rd - Palm Beach Gardens, FL 33410",
    "location": "Palm_Beach"
  },
  {
    "name": "Wallace Group",
    "description": "Advertising Agencies",
    "phone": "(561) 624-8824",
    "address": " 10110 Hunt Club Ln - Palm Beach Gardens, FL 33418",
    "location": "Palm_Beach"
  },
  {
    "name": "Palm Beach Rox",
    "description": "Advertising Agencies",
    "phone": "(561) 776-0277",
    "address": " 11000 Prosperity Farms Rd - Palm Beach Gardens, FL 33410",
    "location": "Palm_Beach"
  },
  {
    "name": "Ritz Management Svc Inc",
    "description": "Advertising Agencies",
    "phone": "(561) 627-7631",
    "address": " 167 Vintageisle Ln - Palm Beach Gardens, FL 33418",
    "location": "Palm_Beach"
  },
  {
    "name": "Ray Advertising",
    "description": "Advertising Agencies",
    "phone": "(561) 737-1914",
    "address": " 7570 S Federal Hwy - Lantana, FL 33462",
    "location": "Palm_Beach"
  },
  {
    "name": "Westerra Management",
    "description": "Advertising Agencies",
    "phone": "(561) 799-3858",
    "address": " 3300 Pga Blvd - Palm Beach Gardens, FL 33410",
    "location": "Palm_Beach"
  },
  {
    "name": "Gold Stocks 360",
    "description": "Financial Services",
    "phone": "(561) 891-1903",
    "address": " 11911 Us Highway 1 Suite 201-13 - North Palm Beach, FL 33408",
    "location": "Palm_Beach"
  },
  {
    "name": "Hms Associates Inc",
    "description": "Advertising Agencies",
    "phone": "(561) 333-6957",
    "address": " 1684 Mayacoo Lakes Blvd - West Palm Beach, FL 33411",
    "location": "Palm_Beach"
  },
  {
    "name": "Kwik Advertising & Sales",
    "description": "Advertising Agencies",
    "phone": "(561) 963-1100",
    "address": " 7556 Lake Worth Rd - Lake Worth, FL 33467",
    "location": "Palm_Beach"
  },
  {
    "name": "Signs of Distinction",
    "description": "Signs",
    "phone": "(561) 798-3621",
    "address": " 150 Business Park Way Ste 1 - Royal Palm Beach, FL 33411",
    "location": "Palm_Beach"
  },
  {
    "name": "Intermatch Marketing",
    "description": "Marketing Programs & Services",
    "phone": "(561) 514-1328",
    "address": " 9437 Bristol Ridge Ct - West Palm Beach, FL 33411",
    "location": "Palm_Beach"
  },
  {
    "name": "On Masonry Chimney",
    "description": "Advertising Agencies",
    "phone": "(561) 847-4042",
    "address": " 140 Bella Vista Way - Royal Palm Beach, FL 33411",
    "location": "Palm_Beach"
  },
  {
    "name": "Sign & Drive Motor",
    "description": "Advertising Specialties",
    "phone": "(561) 340-1483",
    "address": " 8401 Lake Worth Rd - Lake Worth, FL 33467",
    "location": "Palm_Beach"
  },
  {
    "name": "Grizzled Fox",
    "description": "Advertising Agencies",
    "phone": "(561) 432-4708",
    "address": " 6273 Floridian Cir - Lake Worth, FL 33463",
    "location": "Palm_Beach"
  },
  {
    "name": "K B Business Consultants Inc",
    "description": "Advertising Agencies",
    "phone": "(561) 932-0098",
    "address": " 8461 Lake Worth Rd Ste 214 - Lake Worth, FL 33467",
    "location": "Palm_Beach"
  },
  {
    "name": "Langford Group",
    "description": "Advertising Agencies",
    "phone": "(561) 630-8075",
    "address": " 7108 Fairway Dr - Palm Beach Gardens, FL 33418",
    "location": "Palm_Beach"
  },
  {
    "name": "Jiffy Signs Usa",
    "description": "Signs",
    "phone": "(561) 966-9011",
    "address": " 4868 Canal Dr - Lake Worth, FL 33463",
    "location": "Palm_Beach"
  },
  {
    "name": "C J Ventures Inc",
    "description": "Advertising Agencies",
    "phone": "(561) 434-3100",
    "address": " 6586 Hypoluxo Rd Ste 294 - Lake Worth, FL 33467",
    "location": "Palm_Beach"
  },
  {
    "name": "Queen B Direct",
    "description": "Marketing Programs & Services",
    "phone": "(561) 318-6999",
    "address": " 11189 Persimmon Blvd - West Palm Beach, FL 33411",
    "location": "Palm_Beach"
  },
  {
    "name": "Agnikay",
    "description": "Advertising Agencies",
    "phone": "(561) 328-6930",
    "address": " 7824 Sonoma Springs Cir Apt 110 - Lake Worth, FL 33463",
    "location": "Palm_Beach"
  },
  {
    "name": "Barkley S Henderson & Associates",
    "description": "Advertising Agencies",
    "phone": "(561) 776-8654",
    "address": " 152 Oakwood Ln - Palm Beach Gardens, FL 33410",
    "location": "Palm_Beach"
  },
  {
    "name": "Torch Promotions Inc",
    "description": "Advertising Specialties",
    "phone": "(561) 745-1647",
    "address": " 5206 Woodruff Ln - Palm Beach Gardens, FL 33418",
    "location": "Palm_Beach"
  },
  {
    "name": "Conselltant",
    "description": "Advertising Agencies",
    "phone": "(561) 860-8511",
    "address": " 10313 Trianon Pl - Wellington, FL 33449",
    "location": "Palm_Beach"
  },
  {
    "name": "Mrb Consulting Co Inc",
    "description": "Advertising Agencies",
    "phone": "(561) 799-2511",
    "address": " 7957 Via Villagio - West Palm Beach, FL 33412",
    "location": "Palm_Beach"
  },
  {
    "name": "Bullseye Marketing Consultants",
    "description": "Marketing Programs & Services",
    "phone": "(561) 469-8640",
    "address": " 716 Bocce Ct - Palm Beach Gardens, FL 33410",
    "location": "Palm_Beach"
  },
  {
    "name": "Lean Learning Center Inc",
    "description": "Advertising Agencies",
    "phone": "(561) 626-0676",
    "address": " 10130 Northlake Blvd - West Palm Beach, FL 33412",
    "location": "Palm_Beach"
  },
  {
    "name": "Mauricio Frech Management Consultant",
    "description": "Advertising Agencies",
    "phone": "(561) 641-4201",
    "address": " 7118 Davit Cir - Lake Worth, FL 33467",
    "location": "Palm_Beach"
  },
  {
    "name": "Ad Bag By Wendy McWhorter",
    "description": "Advertising Agencies",
    "phone": "(561) 324-3414",
    "address": " 7146 Dawnshire Pl - Lake Worth, FL 33467",
    "location": "Palm_Beach"
  },
  {
    "name": "Mayfield Creative Inc.",
    "description": "Advertising Agencies",
    "phone": "(561) 515-0084",
    "address": " 12171 Old Country Rd - Wellington, FL 33414",
    "location": "Palm_Beach"
  },
  {
    "name": "Source One Tactical Inc",
    "description": "Advertising Agencies",
    "phone": "(561) 753-6656",
    "address": " 3280 Fairlane Farms Rd - Wellington, FL 33414",
    "location": "Palm_Beach"
  },
  {
    "name": "Brangenix",
    "description": "Advertising Agencies",
    "phone": "(561) 227-1522",
    "address": " 12230 Forest Hill Blvd - Wellington, FL 33414",
    "location": "Palm_Beach"
  },
  {
    "name": "Signs of Profit",
    "description": "Signs",
    "phone": "(954) 247-1154",
    "address": " 4781 N Congress Ave - Boynton Beach, FL 33426",
    "location": "Palm_Beach"
  },
  {
    "name": "Aaron Group 2000 Inc",
    "description": "Advertising Agencies",
    "phone": "(561) 968-6455",
    "address": " 7222 Chesapeake Cir - Boynton Beach, FL 33436",
    "location": "Palm_Beach"
  },
  {
    "name": "American Signcrafters",
    "description": "Signs",
    "phone": "(561) 547-3760",
    "address": " 130 Commerce Rd - Boynton Beach, FL 33426",
    "location": "Palm_Beach"
  },
  {
    "name": "Guaranteed Signs Co",
    "description": "Advertising Specialties",
    "phone": "(561) 585-7446",
    "address": " 3487 High Ridge Rd - Boynton Beach, FL 33426",
    "location": "Palm_Beach"
  },
  {
    "name": "Specialty Advertising Inc",
    "description": "Advertising Specialties",
    "phone": "(561) 737-7452",
    "address": " 4317 Redding Rd - Boynton Beach, FL 33436",
    "location": "Palm_Beach"
  },
  {
    "name": "Just Your Graphics & Signs",
    "description": "Advertising Specialties",
    "phone": "(561) 732-2966",
    "address": " 3920 Max Pl - Boynton Beach, FL 33436",
    "location": "Palm_Beach"
  },
  {
    "name": "Top Flite Signs and Graphics",
    "description": "Signs",
    "phone": "(561) 740-9900",
    "address": " 1330 W Industrial Ave Ste 110 - Boynton Beach, FL 33426",
    "location": "Palm_Beach"
  },
  {
    "name": "Top Flite Graphics",
    "description": "Signs",
    "phone": "(561) 740-9900",
    "address": " 625 Industrial Ave - Boynton Beach, FL 33426",
    "location": "Palm_Beach"
  },
  {
    "name": "Zion Way Media Inc",
    "description": "Signs",
    "phone": "(561) 536-5533",
    "address": " 410 NE 3rd St - Boynton Beach, FL 33435",
    "location": "Palm_Beach"
  },
  {
    "name": "Signs Camilucci",
    "description": "Advertising Specialties",
    "phone": "(561) 272-5137",
    "address": " 350 NW 4th St - Boynton Beach, FL 33435",
    "location": "Palm_Beach"
  },
  {
    "name": "Third Street Signs Inc",
    "description": "Signs",
    "phone": "(561) 374-9111",
    "address": " 216 NE 3rd St - Boynton Beach, FL 33435",
    "location": "Palm_Beach"
  },
  {
    "name": "Propel Marketing & Design",
    "description": "Advertising Agencies",
    "phone": "(800) 943-2346",
    "address": " 533 E Ocean Ave - Boynton Beach, FL 33435",
    "location": "Palm_Beach"
  },
  {
    "name": "K4 Digital, Inc",
    "description": "Advertising Agencies",
    "phone": "(561) 536-3627",
    "address": " 815 W Boynton Beach Blvd - Boynton Beach, FL 33426",
    "location": "Palm_Beach"
  },
  {
    "name": "Factory Sign",
    "description": "Advertising Specialties",
    "phone": "(561) 292-3719",
    "address": " 4746 Palo Verde Dr - Boynton Beach, FL 33436",
    "location": "Palm_Beach"
  },
  {
    "name": "Camilucci Signs",
    "description": "Advertising Specialties",
    "phone": "(561) 806-5381",
    "address": " 1106 SE 1st St - Boynton Beach, FL 33435",
    "location": "Palm_Beach"
  },
  {
    "name": "Roosevelt Group Inc",
    "description": "Advertising Agencies",
    "phone": "(561) 748-8052",
    "address": " 190 Bears Club Dr - Jupiter, FL 33477",
    "location": "Palm_Beach"
  },
  {
    "name": "Irwin Goldstein Inc",
    "description": "Advertising Specialties",
    "phone": "(561) 737-3696",
    "address": " 6580 Southport Dr - Boynton Beach, FL 33472",
    "location": "Palm_Beach"
  },
  {
    "name": "House of Promos",
    "description": "Advertising-Promotional Products",
    "phone": "(561) 364-4035",
    "address": " 6992 Lismore Ave - Boynton Beach, FL 33437",
    "location": "Palm_Beach"
  },
  {
    "name": "Arnold Grossman Company",
    "description": "Advertising-Promotional Products",
    "phone": "(561) 732-3365",
    "address": " 8804 Shoal Creek Ln - Boynton Beach, FL 33472",
    "location": "Palm_Beach"
  },
  {
    "name": "Creative Business Promotions Inc",
    "description": "Advertising-Promotional Products",
    "phone": "(561) 375-9393",
    "address": " 8407 Marsala Way - Boynton Beach, FL 33472",
    "location": "Palm_Beach"
  },
  {
    "name": "Softco",
    "description": "Advertising-Promotional Products",
    "phone": "(561) 394-8002",
    "address": " 6306 Water Lilly Ln - Boynton Beach, FL 33437",
    "location": "Palm_Beach"
  },
  {
    "name": "Meiko's Great Buys",
    "description": "Advertising-Promotional Products",
    "phone": "(704) 968-3395",
    "address": " 11211 S Military Trl Apt 3623 - Boynton Beach, FL 33436",
    "location": "Palm_Beach"
  },
  {
    "name": "QuinnCom",
    "description": "Web Site Design & Services",
    "phone": "(561) 622-7577",
    "address": " 1155 Main St - Jupiter, FL 33458",
    "location": "Palm_Beach"
  },
  {
    "name": "AiLOQ",
    "description": "Advertising Agencies",
    "phone": "(754) 778-7854",
    "address": " 10836 Fillmore Dr - Boynton Beach, FL 33437",
    "location": "Palm_Beach"
  },
  {
    "name": "Web Gumption",
    "description": "Web Site Design & Services",
    "phone": "(561) 247-3817",
    "address": " 12161 Ken Adams Way - Wellington, FL 33414",
    "location": "Palm_Beach"
  },
  {
    "name": "HiLite Advertising",
    "description": "Interactive Media",
    "phone": "(877) 457-5837",
    "address": " 8927 Hypoluxo Rd Ste A-4 - Lake Worth, FL 33467",
    "location": "Palm_Beach"
  },
  {
    "name": "Discount Printing",
    "description": "Lithographers",
    "phone": "(561) 740-7399",
    "address": " 10444 White Pinto Ct - Lake Worth, FL 33449",
    "location": "Palm_Beach"
  },
  {
    "name": "Finfrock Marketing",
    "description": "Advertising Agencies",
    "phone": "(561) 286-4476",
    "address": " 601 Heritage Dr - Jupiter, FL 33458",
    "location": "Palm_Beach"
  },
  {
    "name": "homerunSEO",
    "description": "Internet Consultants",
    "phone": "(561) 445-3517",
    "address": " 1203 Town Center Dr Apt 325 - Jupiter, FL 33458",
    "location": "Palm_Beach"
  },
  {
    "name": "Sizzable Digital Marketing",
    "description": "Internet Marketing & Advertising",
    "phone": "(561) 222-7070",
    "address": " 10165 Stonehenge Cir - Boynton Beach, FL 33437",
    "location": "Palm_Beach"
  },
  {
    "name": "Tmg ADS Inc.",
    "description": "Advertising Agencies",
    "phone": "(561) 223-1212",
    "address": " 4081 Bahia Isle Cir - Wellington, FL 33449",
    "location": "Palm_Beach"
  },
  {
    "name": "MB Sales",
    "description": "Advertising Agencies",
    "phone": "(561) 304-2626",
    "address": " 6583 Turchino Dr - Lake Worth, FL 33467",
    "location": "Palm_Beach"
  },
  {
    "name": "Benchmark Advertising & Design",
    "description": "Advertising Agencies",
    "phone": "(561) 629-5010",
    "address": " 7219 Via Abruzzi - Lake Worth, FL 33467",
    "location": "Palm_Beach"
  },
  {
    "name": "UbizToday.mobi",
    "description": "Marketing Programs & Services",
    "phone": "(516) 236-4699",
    "address": " 9543 San Vittore St - Lake Worth, FL 33467",
    "location": "Palm_Beach"
  },
  {
    "name": "Graphic Signs",
    "description": "Signs",
    "phone": "(561) 432-6266",
    "address": " 10101 Lantana Rd Ste L - Lake Worth, FL 33449",
    "location": "Palm_Beach"
  },
  {
    "name": "Radiant Signs Service Inc",
    "description": "Signs",
    "phone": "(561) 753-8244",
    "address": " 4200 Bluff Harbor Way - Wellington, FL 33449",
    "location": "Palm_Beach"
  },
  {
    "name": "Quickprint Line",
    "description": "Lithographers",
    "phone": "(561) 740-9930",
    "address": " 10444 White Pinto Ct - Lake Worth, FL 33449",
    "location": "Palm_Beach"
  },
  {
    "name": "Four Oaks Capital Management",
    "description": "Advertising Agencies",
    "phone": "(561) 799-9901",
    "address": " 11791 Stonehaven Way - West Palm Beach, FL 33412",
    "location": "Palm_Beach"
  },
  {
    "name": "Steves Frozen Chillers",
    "description": "Advertising Specialties",
    "phone": "(561) 586-5956",
    "address": " 9599 Campi Dr - Lake Worth, FL 33467",
    "location": "Palm_Beach"
  },
  {
    "name": "Beach Signs",
    "description": "Signs",
    "phone": "(561) 798-4331",
    "address": " 8466 Coconut Blvd - West Palm Beach, FL 33412",
    "location": "Palm_Beach"
  },
  {
    "name": "Simply.Biz",
    "description": "Business & Trade Organizations",
    "phone": "(561) 306-9038",
    "address": " 651 E Woolbright Rd Apt E406 - Boynton Beach, FL 33435",
    "location": "Palm_Beach"
  },
  {
    "name": "Lamark",
    "description": "Advertising Agencies",
    "phone": "(954) 894-8799",
    "address": " 1801 S Federal Hwy - Boynton Beach, FL 33435",
    "location": "Palm_Beach"
  },
  {
    "name": "Shift The Ocean Marketing",
    "description": "Advertising Agencies",
    "phone": "(929) 436-3141",
    "address": " 2397 SW Congress Blvd - Boynton Beach, FL 33426",
    "location": "Palm_Beach"
  },
  {
    "name": "Tej Digital",
    "description": "Advertising Agencies",
    "phone": "(561) 429-6040",
    "address": " 1209 Main St - Jupiter, FL 33458",
    "location": "Palm_Beach"
  },
  {
    "name": "Brooks Measey Assoc",
    "description": "Advertising Agencies",
    "phone": "(561) 523-0200",
    "address": " 10394 Saint Andrews Rd - Boynton Beach, FL 33436",
    "location": "Palm_Beach"
  },
  {
    "name": "Nemesis Interactive",
    "description": "Advertising Agencies",
    "phone": "(561) 200-4335",
    "address": " 2001 Belmont Pl - Boynton Beach, FL 33436",
    "location": "Palm_Beach"
  },
  {
    "name": "Business Class solutions",
    "description": "Advertising-Shoppers Publications",
    "phone": "(561) 247-5448",
    "address": " 6641 Conch Ct - Boynton Beach, FL 33437",
    "location": "Palm_Beach"
  },
  {
    "name": "Rodney L Patrick & Assoc",
    "description": "Advertising Agencies",
    "phone": "(561) 358-9143",
    "address": " 165 SE 26th Ave - Boynton Beach, FL 33435",
    "location": "Palm_Beach"
  },
  {
    "name": "Eshlepper Inc",
    "description": "Advertising Agencies",
    "phone": "(941) 962-5605",
    "address": " 10158 Stonehenge Cir - Boynton Beach, FL 33437",
    "location": "Palm_Beach"
  },
  {
    "name": "Carlos E Briggs Inc",
    "description": "Advertising Agencies",
    "phone": "(561) 364-1005",
    "address": " 5222 Stonybrook Dr - Boynton Beach, FL 33437",
    "location": "Palm_Beach"
  },
  {
    "name": "Roebrocup",
    "description": "Advertising Specialties",
    "phone": "(561) 737-4402",
    "address": " 5609 Lakeview Mews Ct - Boynton Beach, FL 33437",
    "location": "Palm_Beach"
  }
]
