[
  {
    "name": "Next Gifts",
    "description": "Advertising-Promotional Products",
    "phone": "(619) 274-3987",
    "address": " 10751 75th St - Seminole, FL 33777",
    "location": "Seminole"
  },
  {
    "name": "Hit Promotional Products",
    "description": "Advertising-Promotional Products",
    "phone": "(727) 546-4800",
    "address": " 10810 72nd St - Seminole, FL 33777",
    "location": "Seminole"
  },
  {
    "name": "A -Direct Advertising Specialty Company",
    "description": "Advertising-Promotional Products",
    "phone": "(727) 398-1000",
    "address": " 8950 Seminole Blvd - Seminole, FL 33772",
    "location": "Seminole"
  },
  {
    "name": "Sapphire Signs",
    "description": "Signs",
    "phone": "(727) 393-4543",
    "address": " 6875 Seminole Blvd - Seminole, FL 33772",
    "location": "Seminole"
  },
  {
    "name": "A Sign X-Press Inc",
    "description": "Signs",
    "phone": "(727) 541-5573",
    "address": " 10831 Canal St - Seminole, FL 33777",
    "location": "Seminole"
  },
  {
    "name": "Beach 2 Bay Ads",
    "description": "Marketing Programs & Services",
    "phone": "(727) 233-0246",
    "address": " PO Box 245 - Bay Pines, FL 33744",
    "location": "Seminole"
  },
  {
    "name": "KDM Design & Marketing Inc",
    "description": "Advertising Agencies",
    "phone": "(727) 344-2026",
    "address": " 9855 59th Ave N - Saint Petersburg, FL 33708",
    "location": "Seminole"
  },
  {
    "name": "My Marketing Department, Inc",
    "description": "Advertising Agencies",
    "phone": "(727) 888-1200",
    "address": " 7777 131st St Ste 9 - Seminole, FL 33776",
    "location": "Seminole"
  },
  {
    "name": "Blue Atlas Marketing",
    "description": "Advertising Agencies",
    "phone": "(855) 755-6225",
    "address": " 13721 88th Ave - Seminole, FL 33776",
    "location": "Seminole"
  },
  {
    "name": "Hit Promotional Products, Inc.",
    "description": "Advertising Specialties",
    "phone": "(727) 541-5561",
    "address": " 7150 Bryan Dairy Rd - Seminole, FL 33777",
    "location": "Seminole"
  },
  {
    "name": "Preferred Custom Printing",
    "description": "T-Shirts-Wholesale & Manufacturers",
    "phone": "(727) 443-1900",
    "address": " 7000 Bryan Dairy Rd - Seminole, FL 33777",
    "location": "Seminole"
  },
  {
    "name": "Ts Concepts Group",
    "description": "Advertising Agencies",
    "phone": "(727) 369-8060",
    "address": " 8666 Seminole Blvd - Seminole, FL 33772",
    "location": "Seminole"
  },
  {
    "name": "Sound Branding Ideas",
    "description": "Advertising Specialties",
    "phone": "(727) 224-1791",
    "address": " 11125 Park Blvd - Seminole, FL 33772",
    "location": "Seminole"
  },
  {
    "name": "The Jingle Writer",
    "description": "Marketing Programs & Services",
    "phone": "(727) 224-1791",
    "address": " 11125 Park Blvd - Seminole, FL 33772",
    "location": "Seminole"
  },
  {
    "name": "The E Factory",
    "description": "Advertising Agencies",
    "phone": "(727) 319-4459",
    "address": " 10575 68th Ave - Seminole, FL 33772",
    "location": "Seminole"
  },
  {
    "name": "BizBlueprint",
    "description": "Marketing Programs & Services",
    "phone": "(877) 632-1888",
    "address": " 8998 Seminole Blvd - Seminole, FL 33772",
    "location": "Seminole"
  },
  {
    "name": "Exceltech Of Pinellas Inc",
    "description": "Advertising Agencies",
    "phone": "(727) 397-1769",
    "address": " 9405 94th St - Seminole, FL 33777",
    "location": "Seminole"
  },
  {
    "name": "Miraclemedia",
    "description": "Advertising Agencies",
    "phone": "(727) 397-3817",
    "address": " 13800 Park Blvd - Seminole, FL 33776",
    "location": "Seminole"
  },
  {
    "name": "JMK Solutions Inc",
    "description": "Advertising Agencies",
    "phone": "(727) 595-7613",
    "address": " 13790 87th Pl - Seminole, FL 33776",
    "location": "Seminole"
  },
  {
    "name": "Nancy Walker",
    "description": "Advertising Agencies",
    "phone": "(727) 596-8780",
    "address": " 9925 136th St - Seminole, FL 33776",
    "location": "Seminole"
  },
  {
    "name": "International Linear Matrix",
    "description": "Signs",
    "phone": "(727) 549-1808",
    "address": " 10821 Canal St - Seminole, FL 33777",
    "location": "Seminole"
  },
  {
    "name": "Bayshore Media Inc",
    "description": "Advertising-Promotional Products",
    "phone": "(727) 548-8345",
    "address": " 6925 112th Cir - Largo, FL 33773",
    "location": "Seminole"
  },
  {
    "name": "Classic Products Corp",
    "description": "Advertising-Promotional Products",
    "phone": "(727) 533-0476",
    "address": " 7333 124th Ave - Largo, FL 33773",
    "location": "Seminole"
  },
  {
    "name": "Makiby Promotions of Florida",
    "description": "Advertising-Promotional Products",
    "phone": "(727) 595-1510",
    "address": " 702 2nd St - Indian Rocks Beach, FL 33785",
    "location": "Seminole"
  },
  {
    "name": "Minuteman Press",
    "description": "Advertising-Promotional Products",
    "phone": "(727) 954-0519",
    "address": " 9600 66th St N Ste A - Pinellas Park, FL 33782",
    "location": "Seminole"
  },
  {
    "name": "Liberty Creative | Screen Printing, Embroidery, Design, & Promotional Products",
    "description": "Advertising-Promotional Products",
    "phone": "(727) 532-0444",
    "address": " 1299 Starkey Rd Ste 103 - Largo, FL 33771",
    "location": "Seminole"
  },
  {
    "name": "Premier Juices",
    "description": "Advertising-Promotional Products",
    "phone": "(727) 533-8200",
    "address": " 19321 US Highway 19 N - Clearwater, FL 33764",
    "location": "Seminole"
  },
  {
    "name": "Direct Advertising",
    "description": "Advertising-Promotional Products",
    "phone": "(727) 524-7600",
    "address": " 12530 Enterprise Blvd - Largo, FL 33773",
    "location": "Seminole"
  },
  {
    "name": "Hit 8155 DC",
    "description": "Advertising-Promotional Products",
    "phone": "(727) 329-8860",
    "address": " 8155 Bryan Dairy Rd - Largo, FL 33777",
    "location": "Seminole"
  },
  {
    "name": "Impressive Designs",
    "description": "Advertising-Promotional Products",
    "phone": "(727) 595-9000",
    "address": " 311 1st St - Indian Rocks Beach, FL 33785",
    "location": "Seminole"
  },
  {
    "name": "Proforma Specialty Products",
    "description": "Advertising-Promotional Products",
    "phone": "(727) 259-0222",
    "address": " 12300 Seminole Blvd Lot 4 - Largo, FL 33778",
    "location": "Seminole"
  },
  {
    "name": "Soh Distribution Company",
    "description": "Advertising-Promotional Products",
    "phone": "(727) 538-4783",
    "address": " 8585 Somerset Dr - Largo, FL 33773",
    "location": "Seminole"
  },
  {
    "name": "PressWorks RediPrint",
    "description": "Advertising Specialties",
    "phone": "(727) 595-8056",
    "address": " 12968 Walsingham Rd - Largo, FL 33774",
    "location": "Seminole"
  },
  {
    "name": "Signs By Dave",
    "description": "Signs",
    "phone": "(727) 347-6501",
    "address": " 7049 35th Ter N - Saint Petersburg, FL 33710",
    "location": "Seminole"
  },
  {
    "name": "A To Z Printing",
    "description": "Printing Services-Commercial",
    "phone": "(727) 531-6464",
    "address": " 9225 Ulmerton Rd Ste L - Largo, FL 33771",
    "location": "Seminole"
  },
  {
    "name": "FASTSIGNS",
    "description": "Signs",
    "phone": "(727) 341-0084",
    "address": " 4058 Park St N - Saint Petersburg, FL 33709",
    "location": "Seminole"
  },
  {
    "name": "Grimco Inc",
    "description": "Signs",
    "phone": "(800) 542-9941",
    "address": " 12395 Belcher Rd S - Largo, FL 33773",
    "location": "Seminole"
  },
  {
    "name": "Novel Signs",
    "description": "Signs",
    "phone": "(727) 331-8198",
    "address": " 8233 Ulmerton Rd - Largo, FL 33771",
    "location": "Seminole"
  },
  {
    "name": "Underground Graphics Inc",
    "description": "Embroidery",
    "phone": "(727) 535-9582",
    "address": " 13355 Belcher Rd S Ste H - Largo, FL 33773",
    "location": "Seminole"
  },
  {
    "name": "Baxter Christenson, Inc.",
    "description": "Advertising Specialties",
    "phone": "(727) 710-8711",
    "address": " 14493 Bay Hills Dr - Largo, FL 33774",
    "location": "Seminole"
  },
  {
    "name": "Wescat, Inc",
    "description": "Advertising Agencies",
    "phone": "(813) 559-0921",
    "address": " 8915 Laurel Dr N - Pinellas Park, FL 33782",
    "location": "Seminole"
  },
  {
    "name": "Official Business Listing",
    "description": "Advertising Specialties",
    "phone": "(727) 483-7514",
    "address": " 12945 Seminole Blvd - Largo, FL 33778",
    "location": "Seminole"
  },
  {
    "name": "Digital Marcom, LLC",
    "description": "Internet Marketing & Advertising",
    "phone": "(770) 262-2862",
    "address": " 13801 Walsingham Road Suite A #403 - Largo, FL 33774",
    "location": "Seminole"
  },
  {
    "name": "Apolo Signs & Awnings",
    "description": "Signs",
    "phone": "(727) 535-0900",
    "address": " 8780 126th Ave - Largo, FL 33773",
    "location": "Seminole"
  },
  {
    "name": "Hersh Marketing Group, Inc.",
    "description": "Advertising Agencies",
    "phone": "(727) 916-1600",
    "address": " 7834 66th Way N - Pinellas Park, FL 33781",
    "location": "Seminole"
  },
  {
    "name": "Fly High Business Builders",
    "description": "Advertising Agencies",
    "phone": "(866) 359-3422",
    "address": " 10225 Ulmerton Rd - Largo, FL 33771",
    "location": "Seminole"
  },
  {
    "name": "Hollowell Marketing",
    "description": "Print Advertising",
    "phone": "(727) 698-4031",
    "address": " 12277 Eldon Dr - Largo, FL 33774",
    "location": "Seminole"
  },
  {
    "name": "Ads and Funnels",
    "description": "Advertising Agencies",
    "phone": "(727) 280-5912",
    "address": " 12700 66th St N - Saint Petersburg, FL 33716",
    "location": "Seminole"
  },
  {
    "name": "Mail Marketing",
    "description": "Advertising Agencies",
    "phone": "(727) 556-2500",
    "address": " 12405 73rd Ct - Largo, FL 33773",
    "location": "Seminole"
  },
  {
    "name": "GCI Printing Services DBA Gulf Coast Imprinting",
    "description": "Screen Printing",
    "phone": "(727) 545-9566",
    "address": " 2050 Tall Pines Dr Ste A - Largo, FL 33771",
    "location": "Seminole"
  },
  {
    "name": "AdAbler, LLC",
    "description": "Internet Marketing & Advertising",
    "phone": "(813) 420-0852",
    "address": " 312 6th Ave - Indian Rocks Beach, FL 33785",
    "location": "Seminole"
  },
  {
    "name": "Tradewinds United",
    "description": "Advertising Agencies",
    "phone": "(727) 888-2679",
    "address": " 6822 22nd Ave N Ste 152 - Saint Petersburg, FL 33710",
    "location": "Seminole"
  },
  {
    "name": "Watrous Peggy",
    "description": "Advertising Agencies",
    "phone": "(727) 363-4646",
    "address": " 775 115th Ave - Treasure Island, FL 33706",
    "location": "Seminole"
  },
  {
    "name": "Visual Concepts Fla",
    "description": "Signs",
    "phone": "(727) 498-8835",
    "address": " 5683 70th Ave N - Pinellas Park, FL 33781",
    "location": "Seminole"
  },
  {
    "name": "Southern Image",
    "description": "Signs",
    "phone": "(727) 546-7089",
    "address": " 8100 Park Blvd N Ste 9 - Pinellas Park, FL 33781",
    "location": "Seminole"
  },
  {
    "name": "National Marketing Associates Inc",
    "description": "Advertising Agencies",
    "phone": "(727) 320-2444",
    "address": " 14503 Gulf Blvd - Madeira Beach, FL 33708",
    "location": "Seminole"
  },
  {
    "name": "The Sign Man",
    "description": "Signs",
    "phone": "(727) 392-6764",
    "address": " 12073 Seminole Blvd - Largo, FL 33778",
    "location": "Seminole"
  },
  {
    "name": "Sign Crafters",
    "description": "Signs",
    "phone": "(727) 588-9000",
    "address": " 12015 117th St - Largo, FL 33778",
    "location": "Seminole"
  },
  {
    "name": "The Media Crew",
    "description": "Internet Marketing & Advertising",
    "phone": "(727) 517-3839",
    "address": " 12597 Walsingham Rd - Largo, FL 33774",
    "location": "Seminole"
  },
  {
    "name": "Universal Survey Advertising Inc",
    "description": "Marketing Programs & Services",
    "phone": "(727) 517-0800",
    "address": " 12597 Walsingham Rd - Largo, FL 33774",
    "location": "Seminole"
  },
  {
    "name": "D & N's Consulting & Management",
    "description": "Advertising Agencies",
    "phone": "(727) 593-0682",
    "address": " 19531 Gulf Blvd Apt 606 - Indian Shores, FL 33785",
    "location": "Seminole"
  },
  {
    "name": "Business Growth Solutions Of Florida",
    "description": "Advertising Agencies",
    "phone": "(727) 581-6314",
    "address": " 12945 Seminole Blvd - Largo, FL 33778",
    "location": "Seminole"
  },
  {
    "name": "Avalon Sign Sol Ution",
    "description": "Signs",
    "phone": "(727) 386-4520",
    "address": " 12945 Seminole Blvd - Largo, FL 33778",
    "location": "Seminole"
  },
  {
    "name": "Valpak",
    "description": "Advertising Agencies",
    "phone": "(727) 399-3000",
    "address": " 11445 130th Ave - Largo, FL 33778",
    "location": "Seminole"
  },
  {
    "name": "Signs Novel",
    "description": "Signs",
    "phone": "(727) 331-8198",
    "address": " 8016 118th Ave - Largo, FL 33773",
    "location": "Seminole"
  },
  {
    "name": "Coastal Sign Installation",
    "description": "Signs",
    "phone": "(727) 209-2571",
    "address": " 8725 66th Ct N - Pinellas Park, FL 33782",
    "location": "Seminole"
  },
  {
    "name": "R & W Signs",
    "description": "Signs",
    "phone": "(727) 586-1328",
    "address": " 9470 Ulmerton Rd - Largo, FL 33771",
    "location": "Seminole"
  },
  {
    "name": "Advantage Sign Supply",
    "description": "Advertising Specialties",
    "phone": "(727) 544-6333",
    "address": " 7401 114th Ave - Largo, FL 33773",
    "location": "Seminole"
  },
  {
    "name": "Advantage Sign & Graphics",
    "description": "Signs",
    "phone": "(727) 535-4260",
    "address": " 13150 Starkey Rd - Largo, FL 33773",
    "location": "Seminole"
  },
  {
    "name": "Ace Signs",
    "description": "Signs",
    "phone": "(727) 517-7446",
    "address": " 14420 Walsingham Rd - Largo, FL 33774",
    "location": "Seminole"
  },
  {
    "name": "Letter Perfect Inc",
    "description": "Signs",
    "phone": "(727) 530-7076",
    "address": " 9225 Ulmerton Rd - Largo, FL 33771",
    "location": "Seminole"
  },
  {
    "name": "Innovative Designs Inc",
    "description": "Advertising Specialties",
    "phone": "(727) 350-3926",
    "address": " 7490 30th Ave N - Saint Petersburg, FL 33710",
    "location": "Seminole"
  },
  {
    "name": "Signs of A Dragon Inc",
    "description": "Advertising Specialties",
    "phone": "(727) 914-4388",
    "address": " 4729 66th St N - Kenneth City, FL 33709",
    "location": "Seminole"
  },
  {
    "name": "Herbie Cope Signs Inc",
    "description": "Signs",
    "phone": "(727) 573-1448",
    "address": " 10410 66th St N - Pinellas Park, FL 33782",
    "location": "Seminole"
  },
  {
    "name": "Gulf Bay Advertising",
    "description": "Advertising Specialties",
    "phone": "(727) 289-4508",
    "address": " 11600 7th St E - Treasure Island, FL 33706",
    "location": "Seminole"
  },
  {
    "name": "Kyle Vena",
    "description": "Print Advertising",
    "phone": "(727) 564-8724",
    "address": " 2310 Tall Pines Dr Ste 220 - largo, FL 33771",
    "location": "Seminole"
  },
  {
    "name": "The Go Agency",
    "description": "Advertising Agencies",
    "phone": "(727) 400-6968",
    "address": " 1301 Seminole Blvd Ste 128 - Largo, FL 33770",
    "location": "Seminole"
  },
  {
    "name": "Just Click It Digital Marketing",
    "description": "Internet Marketing & Advertising",
    "phone": "(866) 757-7337",
    "address": " 1301 Seminole Blvd Ste 13 - Largo, FL 33770",
    "location": "Seminole"
  },
  {
    "name": "King & Grube Inc",
    "description": "Printing Services",
    "phone": "(727) 327-6033",
    "address": " 1211 10th St SW - Largo, FL 33770",
    "location": "Seminole"
  },
  {
    "name": "Image Advertising Specialties",
    "description": "Advertising Specialties",
    "phone": "(727) 547-5264",
    "address": " 9601 61st Way N - Pinellas Park, FL 33782",
    "location": "Seminole"
  },
  {
    "name": "Letter Perfect",
    "description": "Signs",
    "phone": "(727) 530-7076",
    "address": " 1700 Palm Way Ste C - Largo, FL 33771",
    "location": "Seminole"
  },
  {
    "name": "Sign & Design USA",
    "description": "Signs",
    "phone": "(727) 536-4444",
    "address": " 7500 Ulmerton Rd - Largo, FL 33771",
    "location": "Seminole"
  },
  {
    "name": "Rick Crosby & Associates",
    "description": "Advertising Agencies",
    "phone": "(727) 535-1338",
    "address": " 12360 66th St - Largo, FL 33773",
    "location": "Seminole"
  },
  {
    "name": "FKQ Advertising & Marketing Inc",
    "description": "Printing Services",
    "phone": "(727) 306-9621",
    "address": " 15351 Roosevelt Blvd - Clearwater, FL 33760",
    "location": "Seminole"
  },
  {
    "name": "Reliable Promotions",
    "description": "Advertising-Promotional Products",
    "phone": "(727) 449-1316",
    "address": " 807A Court St - Clearwater, FL 33756",
    "location": "Seminole"
  },
  {
    "name": "Blue Dot Promotional Marketing LLC",
    "description": "Advertising-Promotional Products",
    "phone": "(813) 476-0530",
    "address": " 6600 Sunset Way - St Pete Beach, FL 33706",
    "location": "Seminole"
  },
  {
    "name": "Helinger Advertising",
    "description": "Advertising-Promotional Products",
    "phone": "(727) 327-3333",
    "address": " 4201 Central Ave - Saint Petersburg, FL 33713",
    "location": "Seminole"
  },
  {
    "name": "Accurate Promotional Products",
    "description": "Advertising-Promotional Products",
    "phone": "(727) 522-0104",
    "address": " 3030 Morris St N - St Petersburg, FL 33713",
    "location": "Seminole"
  },
  {
    "name": "Proforma Source1 Promotions",
    "description": "Advertising-Promotional Products",
    "phone": "(727) 266-7559",
    "address": " 240 Sand Key Estates Dr Apt 78 - Clearwater, FL 33767",
    "location": "Seminole"
  },
  {
    "name": "iStick",
    "description": "Advertising-Promotional Products",
    "phone": "(727) 686-2356",
    "address": " 1130 Cleveland St - Clearwater, FL 33755",
    "location": "Seminole"
  },
  {
    "name": "All Directions Media",
    "description": "Advertising-Promotional Products",
    "phone": "(877) 376-7379",
    "address": " 2803 Gulf To Bay Blvd - Clearwater, FL 33759",
    "location": "Seminole"
  },
  {
    "name": "Sun State Promotions and Awards",
    "description": "Advertising-Promotional Products",
    "phone": "(727) 451-3738",
    "address": " 1668 S Lake Ave Apt 1 - Clearwater, FL 33756",
    "location": "Seminole"
  },
  {
    "name": "Cuppa",
    "description": "Advertising-Promotional Products",
    "phone": "(727) 820-0271",
    "address": " 3131 Morris St N - Saint Petersburg, FL 33713",
    "location": "Seminole"
  },
  {
    "name": "Advertising Specialties",
    "description": "Advertising-Promotional Products",
    "phone": "(727) 446-6591",
    "address": " 304 S Prospect Ave - Clearwater, FL 33756",
    "location": "Seminole"
  },
  {
    "name": "Blue Dog Promotions",
    "description": "Advertising-Promotional Products",
    "phone": "(727) 209-3400",
    "address": " 4501 4th St N - Saint Petersburg, FL 33703",
    "location": "Seminole"
  },
  {
    "name": "CC Lion's Den",
    "description": "Advertising-Promotional Products",
    "phone": "(727) 310-1979",
    "address": " 4967 91st Ave N Apt B - Pinellas Park, FL 33782",
    "location": "Seminole"
  },
  {
    "name": "Promotional Playground",
    "description": "Advertising-Promotional Products",
    "phone": "(727) 521-1294",
    "address": " 4491 62nd Ave N - Pinellas Park, FL 33781",
    "location": "Seminole"
  },
  {
    "name": "More Sales Inc",
    "description": "Advertising-Promotional Products",
    "phone": "(727) 573-7761",
    "address": " 11319 43rd St N - Clearwater, FL 33762",
    "location": "Seminole"
  },
  {
    "name": "A D V Promos And More",
    "description": "Advertising-Promotional Products",
    "phone": "(727) 323-1200",
    "address": " 5353 2nd Ave N - Saint Petersburg, FL 33710",
    "location": "Seminole"
  },
  {
    "name": "Zeraq",
    "description": "Advertising-Promotional Products",
    "phone": "(727) 323-9819",
    "address": " 4265 Central Ave - Saint Petersburg, FL 33713",
    "location": "Seminole"
  },
  {
    "name": "Adver-T Screen Printing & Embroidery",
    "description": "Advertising-Promotional Products",
    "phone": "(727) 443-5525",
    "address": " 408 S Saturn Ave - Clearwater, FL 33755",
    "location": "Seminole"
  },
  {
    "name": "Supera-Tec Screen Printing",
    "description": "Advertising-Promotional Products",
    "phone": "(727) 521-1294",
    "address": " 4491 62nd Ave N Ste 110 - Pinellas Park, FL 33781",
    "location": "Seminole"
  },
  {
    "name": "Embrace Promotional Products",
    "description": "Advertising-Promotional Products",
    "phone": "(727) 424-9446",
    "address": " 7124 49th St N - Pinellas Park, FL 33781",
    "location": "Seminole"
  },
  {
    "name": "DeWittBusiness.com",
    "description": "Advertising-Promotional Products",
    "phone": "(727) 556-0305",
    "address": " 4505 131st Ave N Ste 11 - clearwater, FL 33762",
    "location": "Seminole"
  },
  {
    "name": "Deko Source",
    "description": "Advertising-Promotional Products",
    "phone": "(800) 517-7780",
    "address": " 2810 Scherer Dr N Ste 135 - Saint Petersburg, FL 33716",
    "location": "Seminole"
  },
  {
    "name": "Ubee Marketing",
    "description": "Advertising-Promotional Products",
    "phone": "(727) 400-3257",
    "address": " 1447 Drew St - Clearwater, FL 33755",
    "location": "Seminole"
  },
  {
    "name": "Proforma The One Source",
    "description": "Advertising-Promotional Products",
    "phone": "(727) 460-3308",
    "address": " 7419 10th Ave N - Saint Petersburg, FL 33710",
    "location": "Seminole"
  },
  {
    "name": "Logomotive",
    "description": "Advertising-Promotional Products",
    "phone": "(727) 521-2121",
    "address": " 1253 55th Ave N - Saint Petersburg, FL 33703",
    "location": "Seminole"
  },
  {
    "name": "Perfect Copy & Print, Inc",
    "description": "Advertising-Promotional Products",
    "phone": "(727) 329-8745",
    "address": " 6541 44th St N - Pinellas Park, FL 33781",
    "location": "Seminole"
  },
  {
    "name": "Bayprint",
    "description": "Advertising-Promotional Products",
    "phone": "(727) 823-1965",
    "address": " 2235 16th Ave N - St Petersburg, FL 33713",
    "location": "Seminole"
  },
  {
    "name": "FG Promos",
    "description": "Advertising-Promotional Products",
    "phone": "(813) 391-1124",
    "address": " 1560 Central Ave - Saint Petersburg, FL 33705",
    "location": "Seminole"
  },
  {
    "name": "Aspirations Winery",
    "description": "Advertising-Promotional Products",
    "phone": "(727) 799-9463",
    "address": " 22041 Us Highway 19 N - Clearwater, FL 33765",
    "location": "Seminole"
  },
  {
    "name": "LogoHQ Promotional Products",
    "description": "Advertising-Promotional Products",
    "phone": "(727) 527-1999",
    "address": " 1551 102nd Ave N Ste C - Saint Petersburg, FL 33716",
    "location": "Seminole"
  },
  {
    "name": "Big Fish Co Custom Creations",
    "description": "Advertising-Promotional Products",
    "phone": "(727) 525-5010",
    "address": " 3128 Dr Martin Luther King Jr St N - Saint Petersburg, FL 33704",
    "location": "Seminole"
  },
  {
    "name": "Florida Distributing Source",
    "description": "Advertising-Promotional Products",
    "phone": "(727) 531-0899",
    "address": " 14038 63rd Way N - Clearwater, FL 33760",
    "location": "Seminole"
  },
  {
    "name": "Royal Palm Industries Inc",
    "description": "Advertising-Promotional Products",
    "phone": "(727) 527-7282",
    "address": " 4201 62nd Ave N - Pinellas Park, FL 33781",
    "location": "Seminole"
  },
  {
    "name": "Advanced Semicom",
    "description": "Advertising-Promotional Products",
    "phone": "(727) 524-9409",
    "address": " 4707 140th Ave N - Clearwater, FL 33762",
    "location": "Seminole"
  },
  {
    "name": "Distribution Video and Audio",
    "description": "Advertising-Promotional Products",
    "phone": "(727) 446-2348",
    "address": " 699 1/2 Lakeview Rd - Clearwater, FL 33756",
    "location": "Seminole"
  },
  {
    "name": "Primoris Distri Bution Ser",
    "description": "Advertising-Promotional Products",
    "phone": "(727) 914-6880",
    "address": " 4200 31st St N - Saint Petersburg, FL 33714",
    "location": "Seminole"
  },
  {
    "name": "Foodworks",
    "description": "Advertising-Promotional Products",
    "phone": "(727) 202-8546",
    "address": " 3670 131st Ave N - Clearwater, FL 33762",
    "location": "Seminole"
  },
  {
    "name": "Sensidyne Inc",
    "description": "Advertising-Promotional Products",
    "phone": "(727) 530-3602",
    "address": " 16333 Bay Vista Dr - Clearwater, FL 33760",
    "location": "Seminole"
  },
  {
    "name": "Blue Water Promotions Inc",
    "description": "Advertising-Promotional Products",
    "phone": "(727) 323-7710",
    "address": " 4922 8th Ave S - Gulfport, FL 33707",
    "location": "Seminole"
  },
  {
    "name": "Pencom",
    "description": "Advertising-Promotional Products",
    "phone": "(727) 571-1641",
    "address": " 11801 28th St N - Saint Petersburg, FL 33716",
    "location": "Seminole"
  },
  {
    "name": "Clearwater Point",
    "description": "Advertising-Promotional Products",
    "phone": "(727) 441-4640",
    "address": " 868 Bayway Blvd - Clearwater Beach, FL 33767",
    "location": "Seminole"
  },
  {
    "name": "920 Graphix",
    "description": "Advertising-Promotional Products",
    "phone": "(920) 858-5141",
    "address": " Dartmouth Ave N - Saint Petersburg, FL 33713",
    "location": "Seminole"
  },
  {
    "name": "Landers & Partners",
    "description": "Advertising Specialties",
    "phone": "(727) 572-5228",
    "address": " 13555 Automobile Blvd, Ste 610 - Clearwater, FL 33762",
    "location": "Seminole"
  },
  {
    "name": "Pack 'n' Mail",
    "description": "Mail & Shipping Services",
    "phone": "(727) 360-9008",
    "address": " 7217 Gulf Blvd Ste 14 - St Pete Beach, FL 33706",
    "location": "Seminole"
  },
  {
    "name": "Thomas Sign & Awning Company, Inc.",
    "description": "Signs",
    "phone": "(727) 573-7757",
    "address": " 4590 118th Ave N - Clearwater, FL 33762",
    "location": "Seminole"
  },
  {
    "name": "A Bargain Signs Inc",
    "description": "Signs",
    "phone": "(727) 573-1526",
    "address": " 10977 49th St N - Clearwater, FL 33762",
    "location": "Seminole"
  },
  {
    "name": "Lino & Associates Inc",
    "description": "Advertising Agencies",
    "phone": "(727) 384-3700",
    "address": " 6515 1st Ave S - Saint Petersburg, FL 33707",
    "location": "Seminole"
  },
  {
    "name": "TheWrapElement.com The Wrap Element",
    "description": "Advertising Agencies",
    "phone": "(727) 244-3118",
    "address": " 3575 Gandy Blvd N - Pinellas Park, FL 33781",
    "location": "Seminole"
  },
  {
    "name": "iHeartMedia",
    "description": "Advertising Agencies",
    "phone": "(813) 832-1000",
    "address": " 13577 Feather Sound Dr - Clearwater, FL 33762",
    "location": "Seminole"
  },
  {
    "name": "Cutting Edge Signs & Graphics",
    "description": "Signs",
    "phone": "(727) 546-3700",
    "address": " 8621 49th St N - Pinellas Park, FL 33782",
    "location": "Seminole"
  },
  {
    "name": "Allen Industries",
    "description": "Signs",
    "phone": "(727) 573-3076",
    "address": " 11351 49th St N - Clearwater, FL 33762",
    "location": "Seminole"
  },
  {
    "name": "Dowling Graphics Inc",
    "description": "Graphic Designers",
    "phone": "(727) 573-5997",
    "address": " 12920 Automobile Blvd - Clearwater, FL 33762",
    "location": "Seminole"
  },
  {
    "name": "Galaxy Marketing Solutions LLC",
    "description": "Marketing Programs & Services",
    "phone": "(727) 531-7171",
    "address": " 14055 46th St N Ste 1102 - Clearwater, FL 33762",
    "location": "Seminole"
  },
  {
    "name": "DGS Retail",
    "description": "Signs",
    "phone": "(727) 388-4975",
    "address": " 3070 44th Ave N - Saint Petersburg, FL 33714",
    "location": "Seminole"
  },
  {
    "name": "CEA Marketing",
    "description": "Advertising Agencies",
    "phone": "(727) 523-8044",
    "address": " 2233 Nursery Rd - Clearwater, FL 33764",
    "location": "Seminole"
  },
  {
    "name": "Boominess Digital Marketing",
    "description": "Advertising Agencies",
    "phone": "(727) 297-5463",
    "address": " 912 Drew St Ste 202 - Clearwater, FL 33755",
    "location": "Seminole"
  },
  {
    "name": "Devine Communications Corp",
    "description": "Advertising Agencies",
    "phone": "(727) 573-2575",
    "address": " 9300 5th St N - Saint Petersburg, FL 33702",
    "location": "Seminole"
  },
  {
    "name": "Courtland Creative",
    "description": "Video Production Services",
    "phone": "(813) 722-1008",
    "address": " 2401 W Bay Dr Ste 428 - Largo, FL 33770",
    "location": "Seminole"
  },
  {
    "name": "Our Town America",
    "description": "Marketing Programs & Services",
    "phone": "(727) 345-0811",
    "address": " 13900 Us Highway 19 N - Clearwater, FL 33764",
    "location": "Seminole"
  },
  {
    "name": "Pros Marketing Of America",
    "description": "Advertising Agencies",
    "phone": "(727) 461-1211",
    "address": " 3233 E Bay Dr - Largo, FL 33771",
    "location": "Seminole"
  },
  {
    "name": "Global Enterprises W. W. Inc.",
    "description": "Marketing Programs & Services",
    "phone": "(727) 286-8605",
    "address": " 3665 E Bay Dr Ste 204 - Largo, FL 33771",
    "location": "Seminole"
  },
  {
    "name": "Edifying Voyages",
    "description": "Marketing Consultants",
    "phone": "(949) 484-0606",
    "address": " 4604 49th Street N #1552 - Saint Petersburg, FL 33709",
    "location": "Seminole"
  },
  {
    "name": "Sign Language of Tampa Bay",
    "description": "Marketing Programs & Services",
    "phone": "(727) 572-8831",
    "address": " 10880 49th St N - Clearwater, FL 33762",
    "location": "Seminole"
  },
  {
    "name": "Central Avenue Signs",
    "description": "Signs",
    "phone": "(727) 384-9501",
    "address": " 6636 Central Ave - Saint Petersburg, FL 33707",
    "location": "Seminole"
  },
  {
    "name": "Affordable Signs & Wraps",
    "description": "Signs",
    "phone": "(727) 498-8900",
    "address": " 6859 Haines Rd N - Pinellas Park, FL 33781",
    "location": "Seminole"
  },
  {
    "name": "ASAP Signs & Engraving",
    "description": "Signs-Erectors & Hangers",
    "phone": "(727) 443-4878",
    "address": " 509 D St - Clearwater, FL 33756",
    "location": "Seminole"
  },
  {
    "name": "Power Moves Digital Marketing & Websites",
    "description": "Marketing Programs & Services",
    "phone": "(727) 219-3721",
    "address": " 1958 Promenade Way - Clearwater, FL 33760",
    "location": "Seminole"
  },
  {
    "name": "Design Strategies Inc",
    "description": "Advertising Agencies",
    "phone": "(727) 466-6888",
    "address": " 2231 Harn Blvd - Clearwater, FL 33764",
    "location": "Seminole"
  },
  {
    "name": "Sail Marketing",
    "description": "Marketing Programs & Services",
    "phone": "(727) 324-7461",
    "address": " 5325 Gulfport Blvd S - Gulfport, FL 33707",
    "location": "Seminole"
  },
  {
    "name": "Strategic Media Inc",
    "description": "Advertising Specialties",
    "phone": "(727) 531-7622",
    "address": " 2857 Executive Dr Ste 120 - Clearwater, FL 33762",
    "location": "Seminole"
  },
  {
    "name": "Evolved Marketing",
    "description": "Marketing Programs & Services",
    "phone": "(727) 201-2256",
    "address": " 630 Chestnut St Ste 200 - Clearwater, FL 33756",
    "location": "Seminole"
  },
  {
    "name": "Sign Concepts",
    "description": "Signs",
    "phone": "(727) 462-5320",
    "address": " 304 S Prospect Ave - Clearwater, FL 33756",
    "location": "Seminole"
  },
  {
    "name": "GO Agency Digital Marketing",
    "description": "Advertising Agencies",
    "phone": "(813) 790-5909",
    "address": " 2655 Ulmerton Rd Ste 219 - Clearwater, FL 33762",
    "location": "Seminole"
  },
  {
    "name": "Internet Specialist",
    "description": "Internet Marketing & Advertising",
    "phone": "(727) 698-6567",
    "address": " 639 Cleveland St - Clearwater, FL 33755",
    "location": "Seminole"
  },
  {
    "name": "Prosperous Concepts",
    "description": "Internet Consultants",
    "phone": "(727) 403-0482",
    "address": " 411 Cleveland St # 238 - Clearwater, FL 33755",
    "location": "Seminole"
  },
  {
    "name": "Image360 St. Petersburg Central",
    "description": "Signs",
    "phone": "(727) 823-2712",
    "address": " 2235 16th Ave N - St Petersburg, FL 33713",
    "location": "Seminole"
  },
  {
    "name": "Catalina Marketing Corporation",
    "description": "Marketing Consultants",
    "phone": "(727) 579-5000",
    "address": " 200 Carillon Pkwy - Saint Petersburg, FL 33716",
    "location": "Seminole"
  },
  {
    "name": "Evolved Strategic Marketing",
    "description": "Advertising Agencies",
    "phone": "(727) 201-2256",
    "address": " 906 Drew St - Clearwater, FL 33755",
    "location": "Seminole"
  },
  {
    "name": "Badger Marketing",
    "description": "Marketing Consultants",
    "phone": "(813) 644-9588",
    "address": " 1201 Gandy Blvd N Unit 21445 - Saint Petersburg, FL 33742",
    "location": "Seminole"
  },
  {
    "name": "GenerateMoreLeads.com",
    "description": "Internet Marketing & Advertising",
    "phone": "(727) 644-3384",
    "address": " 800 S Gulfview Blvd - Clearwater Beach, FL 33767",
    "location": "Seminole"
  },
  {
    "name": "LocalMediaInsider",
    "description": "Interactive Media",
    "phone": "(408) 892-9815",
    "address": " 2544 2nd Ave N - Saint Petersburg, FL 33713",
    "location": "Seminole"
  },
  {
    "name": "Dunlop Signs Flags & Banners Inc",
    "description": "Signs",
    "phone": "(727) 631-0033",
    "address": " 1866 Drew St - Clearwater, FL 33765",
    "location": "Seminole"
  },
  {
    "name": "Belt Creative",
    "description": "Graphic Designers",
    "phone": "(585) 204-0292",
    "address": " 8100 6th St N - Saint Petersburg, FL 33702",
    "location": "Seminole"
  },
  {
    "name": "P3 Agency",
    "description": "Marketing Programs & Services",
    "phone": "(727) 224-3543",
    "address": " 325 N Belcher Rd - Clearwater, FL 33765",
    "location": "Seminole"
  },
  {
    "name": "Apexx.ai",
    "description": "Computer Software Publishers & Developers",
    "phone": "(727) 902-2265",
    "address": " 7901 4th St N Ste 300 - St Petersburg, FL 33702",
    "location": "Seminole"
  },
  {
    "name": "Sun Wolf",
    "description": "Signs",
    "phone": "(727) 466-9653",
    "address": " 1301 N Arcturas Ave - Clearwater, FL 33765",
    "location": "Seminole"
  },
  {
    "name": "Little Genie Graphic Design",
    "description": "Graphic Designers",
    "phone": "(727) 867-1130",
    "address": " 6051 Sun Blvd Apt 405 - Saint Petersburg, FL 33715",
    "location": "Seminole"
  },
  {
    "name": "Directory Advertising Service",
    "description": "Directory & Guide Advertising",
    "phone": "(727) 584-8697",
    "address": " 2000 W Bay Dr - Largo, FL 33770",
    "location": "Seminole"
  },
  {
    "name": "Media Impact Advertising",
    "description": "Advertising Agencies",
    "phone": "(727) 536-3342",
    "address": " 13825 Icot Blvd - Clearwater, FL 33760",
    "location": "Seminole"
  },
  {
    "name": "Advantage Indoor Advertising",
    "description": "Advertising Agencies",
    "phone": "(727) 800-2600",
    "address": " 6100 Central Ave - Saint Petersburg, FL 33707",
    "location": "Seminole"
  },
  {
    "name": "Shop and Save Tampa Bay",
    "description": "Advertising Agencies",
    "phone": "(727) 514-3807",
    "address": " 1 Country Club Ln - Belleair, FL 33756",
    "location": "Seminole"
  },
  {
    "name": "Creative Events Advertising",
    "description": "Advertising Agencies",
    "phone": "(727) 523-8044",
    "address": " 2233 Nursery Rd - Clearwater, FL 33764",
    "location": "Seminole"
  },
  {
    "name": "Midvale",
    "description": "Advertising Agencies",
    "phone": "(727) 498-6489",
    "address": " 3158 24th Ave N - Saint Petersburg, FL 33713",
    "location": "Seminole"
  },
  {
    "name": "St Petersburg Times",
    "description": "Advertising Agencies",
    "phone": "(727) 445-4188",
    "address": " 710 Court St - Clearwater, FL 33756",
    "location": "Seminole"
  },
  {
    "name": "J & M Advertising",
    "description": "Advertising Agencies",
    "phone": "(727) 451-6510",
    "address": " 912 Drew St Ste 201 - Clearwater, FL 33755",
    "location": "Seminole"
  },
  {
    "name": "Directnet Advertisingnet Inc",
    "description": "Advertising Agencies",
    "phone": "(727) 567-6630",
    "address": " 9400 4th St N - Saint Petersburg, FL 33702",
    "location": "Seminole"
  },
  {
    "name": "Ad Partners Inc",
    "description": "Advertising Agencies",
    "phone": "(727) 289-8900",
    "address": " 9800 4th St N - Saint Petersburg, FL 33702",
    "location": "Seminole"
  },
  {
    "name": "Excel Advertising",
    "description": "Advertising Agencies",
    "phone": "(727) 791-0182",
    "address": " 3000 Gulf To Bay Blvd - Clearwater, FL 33759",
    "location": "Seminole"
  },
  {
    "name": "Godfrey Design & Advertising",
    "description": "Advertising Specialties",
    "phone": "(727) 579-1899",
    "address": " 275 96th Ave N Ste 7 - Saint Petersburg, FL 33702",
    "location": "Seminole"
  },
  {
    "name": "Compusigns Banner Mania",
    "description": "Signs",
    "phone": "(727) 547-1910",
    "address": " 1479 Belcher Rd S - Largo, FL 33771",
    "location": "Seminole"
  },
  {
    "name": "Thru Sign",
    "description": "Internet Marketing & Advertising",
    "phone": "(727) 547-4020",
    "address": " 5670 54th Ave N - Kenneth City, FL 33709",
    "location": "Seminole"
  },
  {
    "name": "J Smith Marketing",
    "description": "Advertising Agencies",
    "phone": "(727) 586-3048",
    "address": " 801 W Bay Dr - Largo, FL 33770",
    "location": "Seminole"
  },
  {
    "name": "Slwm",
    "description": "Advertising Agencies",
    "phone": "(727) 531-1112",
    "address": " 12161 62nd St - Largo, FL 33773",
    "location": "Seminole"
  },
  {
    "name": "Architectural Identification",
    "description": "Signs",
    "phone": "(727) 851-9544",
    "address": " 2105 Tyrone Blvd N - Saint Petersburg, FL 33710",
    "location": "Seminole"
  },
  {
    "name": "Elite LED & Signs Inc",
    "description": "Signs",
    "phone": "(727) 507-0600",
    "address": " 12315 62nd St Unit B - Largo, FL 33773",
    "location": "Seminole"
  },
  {
    "name": "Monthy Media Mobile Home Publishers",
    "description": "Publishers",
    "phone": "(727) 585-7388",
    "address": " 151 1st St NW - Largo, FL 33770",
    "location": "Seminole"
  },
  {
    "name": "Oakhurst Signs",
    "description": "Signs",
    "phone": "(727) 532-8255",
    "address": " 12445 62nd St Unit 305 - Largo, FL 33773",
    "location": "Seminole"
  },
  {
    "name": "Direct Promotions and Renewals",
    "description": "Advertising Specialties",
    "phone": "(727) 300-2420",
    "address": " Address On File With Bbb - Saint Petersburg, FL 33710",
    "location": "Seminole"
  },
  {
    "name": "Image Station",
    "description": "Marketing Consultants",
    "phone": "(727) 821-2424",
    "address": " 8150 52nd St N - Pinellas Park, FL 33781",
    "location": "Seminole"
  },
  {
    "name": "Dial Directories",
    "description": "Publishers-Directory & Guide",
    "phone": "(727) 585-1100",
    "address": " 2401 W Bay Dr Ste 430 - Largo, FL 33770",
    "location": "Seminole"
  },
  {
    "name": "Right Digital Market",
    "description": "Advertising Agencies",
    "phone": "(727) 240-0688",
    "address": " 2401 W Bay Dr - Largo, FL 33770",
    "location": "Seminole"
  },
  {
    "name": "America Ii Group",
    "description": "Advertising Agencies",
    "phone": "(727) 541-4739",
    "address": " 5899 117th Ave N - Pinellas Park, FL 33782",
    "location": "Seminole"
  },
  {
    "name": "Mark My Words Media Inc",
    "description": "Advertising Agencies",
    "phone": "(800) 243-2077",
    "address": " 10228 Paradise Blvd - Treasure Island, FL 33706",
    "location": "Seminole"
  },
  {
    "name": "Directory Advertising",
    "description": "Advertising Specialties",
    "phone": "(727) 584-1378",
    "address": " 2000 E Bay Dr - Largo, FL 33771",
    "location": "Seminole"
  },
  {
    "name": "Eagle Printing",
    "description": "Lithographers",
    "phone": "(727) 469-8622",
    "address": " 2475 E Bay Dr - Largo, FL 33771",
    "location": "Seminole"
  },
  {
    "name": "C J Publishers Inc",
    "description": "Publishing Consultants",
    "phone": "(727) 521-6277",
    "address": " 4940 72nd Ave N Ste 200 - Pinellas Park, FL 33781",
    "location": "Seminole"
  },
  {
    "name": "American Retail Alliance Corp.",
    "description": "Marketing Consultants",
    "phone": "(727) 581-1500",
    "address": " 2979 W Bay Dr Ste 2 - Belleair Bluffs, FL 33770",
    "location": "Seminole"
  },
  {
    "name": "National Sign",
    "description": "Signs",
    "phone": "(727) 572-1503",
    "address": " 5651 116th Ave N - Clearwater, FL 33760",
    "location": "Seminole"
  },
  {
    "name": "Adtech Electric Advertising Inc",
    "description": "Signs",
    "phone": "(727) 585-2111",
    "address": " 180 Commerce Dr N - Largo, FL 33770",
    "location": "Seminole"
  },
  {
    "name": "Fishhook Marketing - Web Design & SEO",
    "description": "Advertising Agencies",
    "phone": "(727) 349-4665",
    "address": " 8800 49th St N - Pinellas Park, FL 33782",
    "location": "Seminole"
  },
  {
    "name": "American Awning & Screening",
    "description": "Awnings & Canopies",
    "phone": "(727) 581-5711",
    "address": " 572 Indian Rocks Rd N - Belleair Bluffs, FL 33770",
    "location": "Seminole"
  },
  {
    "name": "Main Line Sign & Graphics",
    "description": "Advertising Specialties",
    "phone": "(727) 400-4191",
    "address": " 1601 8th Ave NW - Largo, FL 33770",
    "location": "Seminole"
  },
  {
    "name": "Southeast Advertising Inc",
    "description": "Advertising Agencies",
    "phone": "(727) 530-1603",
    "address": " 14001 63rd Way N - Clearwater, FL 33760",
    "location": "Seminole"
  },
  {
    "name": "Amico Treasure Island Holdings",
    "description": "Advertising Agencies",
    "phone": "(727) 538-2069",
    "address": " 14001 63rd Way N - Clearwater, FL 33760",
    "location": "Seminole"
  },
  {
    "name": "Applied Media Technologies",
    "description": "Advertising Specialties",
    "phone": "(727) 531-3105",
    "address": " 4091 Amtc Center Dr - Clearwater, FL 33764",
    "location": "Seminole"
  },
  {
    "name": "Webtivity Marketing & Design",
    "description": "Marketing Programs & Services",
    "phone": "(941) 753-7574",
    "address": " 138 Pinellas Way N - Saint Petersburg, FL 33710",
    "location": "Seminole"
  },
  {
    "name": "shoplocaltb.com",
    "description": "Advertising Agencies",
    "phone": "(727) 614-5941",
    "address": " 1030 Clearwater Largo Rd N - largo, FL 33770",
    "location": "Seminole"
  },
  {
    "name": "Young Creative",
    "description": "Advertising Agencies",
    "phone": "(262) 719-2227",
    "address": " 148 Cypress Ln W - Largo, FL 33770",
    "location": "Seminole"
  },
  {
    "name": "Quik Promotions",
    "description": "Advertising Specialties",
    "phone": "(727) 527-5000",
    "address": " 6648 Central Ave - Saint Petersburg, FL 33707",
    "location": "Seminole"
  },
  {
    "name": "Thinkquik",
    "description": "Printing Services-Commercial",
    "phone": "(727) 527-5000",
    "address": " 6644 Central Ave - Saint Petersburg, FL 33707",
    "location": "Seminole"
  },
  {
    "name": "A Cooper Signs",
    "description": "Signs-Maintenance & Repair",
    "phone": "(727) 527-1824",
    "address": " 6564 44th St N Ste 802 - Pinellas Park, FL 33781",
    "location": "Seminole"
  },
  {
    "name": "Great Dane Sign Company",
    "description": "Signs",
    "phone": "(727) 350-5584",
    "address": " 6541 44th St N - Pinellas Park, FL 33781",
    "location": "Seminole"
  },
  {
    "name": "Powercurve Communications",
    "description": "Advertising Agencies",
    "phone": "(727) 642-6603",
    "address": " 1231 Alexander Way - Clearwater, FL 33756",
    "location": "Seminole"
  },
  {
    "name": "Lines and Signs, Inc.",
    "description": "Signs",
    "phone": "(727) 224-5140",
    "address": " 106 Coral Ct - Clearwater, FL 33756",
    "location": "Seminole"
  },
  {
    "name": "Integrity Printing & Business Forms, Inc.",
    "description": "Printing Services",
    "phone": "(727) 538-0700",
    "address": " 4625 E Bay Dr Ste 304 - Clearwater, FL 33764",
    "location": "Seminole"
  },
  {
    "name": "Alpha Bay Media",
    "description": "Advertising Agencies",
    "phone": "(727) 353-8427",
    "address": " 8017 13th Ave S - Saint Petersburg, FL 33707",
    "location": "Seminole"
  },
  {
    "name": "Sun Key Publications",
    "description": "Directory & Guide Advertising",
    "phone": "(727) 538-4112",
    "address": " 13575 58th St N - Clearwater, FL 33760",
    "location": "Seminole"
  },
  {
    "name": "Advertising & Marketing Spec",
    "description": "Advertising Agencies",
    "phone": "(727) 527-6419",
    "address": " 4906 33rd Ave N - Saint Petersburg, FL 33710",
    "location": "Seminole"
  },
  {
    "name": "Street Signs Inc",
    "description": "Signs",
    "phone": "(727) 525-6587",
    "address": " 6250 42nd St N Ste 31 - Pinellas Park, FL 33781",
    "location": "Seminole"
  },
  {
    "name": "Blue Wave Signs & Awnings Inc",
    "description": "Signs",
    "phone": "(727) 532-0287",
    "address": " 14501 60th St N - Clearwater, FL 33760",
    "location": "Seminole"
  },
  {
    "name": "National Traffic Signs",
    "description": "Signs",
    "phone": "(727) 446-7983",
    "address": " 14521 60th St N - Clearwater, FL 33760",
    "location": "Seminole"
  },
  {
    "name": "Modern Mail & Print Solutions",
    "description": "Printing Consultants",
    "phone": "(727) 572-6245",
    "address": " 14201 58th St N - Clearwater, FL 33760",
    "location": "Seminole"
  },
  {
    "name": "Tiffin Jay H & Associates Inc",
    "description": "Advertising Agencies",
    "phone": "(727) 581-5626",
    "address": " 5 Desoto Pl - Belleair, FL 33756",
    "location": "Seminole"
  },
  {
    "name": "Sign Age Of Tampa Bay Inc",
    "description": "Signs",
    "phone": "(727) 536-9400",
    "address": " 16036 US Highway 19 N - Clearwater, FL 33764",
    "location": "Seminole"
  },
  {
    "name": "Bluewater Media",
    "description": "Internet Marketing & Advertising",
    "phone": "(813) 944-2926",
    "address": " 14375 Myerlake Cir - Clearwater, FL 33760",
    "location": "Seminole"
  },
  {
    "name": "Paradise Advertising & Marketing",
    "description": "Advertising Agencies",
    "phone": "(727) 821-5155",
    "address": " 5999 Central Ave - Saint Petersburg, FL 33710",
    "location": "Seminole"
  },
  {
    "name": "Voice Over America",
    "description": "Directory & Guide Advertising",
    "phone": "(727) 499-0599",
    "address": " 4910 Creekside Dr - Clearwater, FL 33760",
    "location": "Seminole"
  },
  {
    "name": "Publications Nep",
    "description": "Advertising Agencies",
    "phone": "(727) 289-5563",
    "address": " 4908 Creekside Dr - Clearwater, FL 33760",
    "location": "Seminole"
  },
  {
    "name": "Jb Led and Sign S Inc",
    "description": "Advertising Specialties",
    "phone": "(727) 289-8195",
    "address": " 4150 112th Ter N - Clearwater, FL 33762",
    "location": "Seminole"
  },
  {
    "name": "Nics",
    "description": "Advertising Agencies",
    "phone": "(727) 321-8790",
    "address": " 4500 28th Ave N - Saint Petersburg, FL 33713",
    "location": "Seminole"
  },
  {
    "name": "Media Rosette",
    "description": "Signs",
    "phone": "(727) 954-4570",
    "address": " 12910 Automobile Blvd - Clearwater, FL 33762",
    "location": "Seminole"
  },
  {
    "name": "Manatee Shirts & Graphics",
    "description": "Screen Printing",
    "phone": "(727) 535-8633",
    "address": " 13584 49th St N Ste 8 - Clearwater, FL 33762",
    "location": "Seminole"
  },
  {
    "name": "Piranha Graphix",
    "description": "Signs",
    "phone": "(727) 321-4324",
    "address": " 4657 37th St N - Saint Petersburg, FL 33714",
    "location": "Seminole"
  },
  {
    "name": "America's Favorite Coupon Book",
    "description": "Advertising Agencies",
    "phone": "(727) 528-3200",
    "address": " 4359 35th St N - Saint Petersburg, FL 33714",
    "location": "Seminole"
  },
  {
    "name": "PSP Sign",
    "description": "Marketing Programs & Services",
    "phone": "(813) 244-8148",
    "address": " 3345 57th Ave N - Saint Petersburg, FL 33714",
    "location": "Seminole"
  },
  {
    "name": "Tri Ed Distribution",
    "description": "Advertising Agencies",
    "phone": "(727) 530-3902",
    "address": " 4600 140th Ave N Ste 220 - Clearwater, FL 33762",
    "location": "Seminole"
  },
  {
    "name": "Creative Warehouse 2 Inc",
    "description": "Advertising Agencies",
    "phone": "(727) 367-1400",
    "address": " 249 Corey Ave - St Pete Beach, FL 33706",
    "location": "Seminole"
  },
  {
    "name": "Cw2 Inc",
    "description": "Advertising Agencies",
    "phone": "(727) 367-1400",
    "address": " 249 Corey Ave - St Pete Beach, FL 33706",
    "location": "Seminole"
  },
  {
    "name": "Octane Marketing",
    "description": "Advertising Agencies",
    "phone": "(727) 538-8606",
    "address": " 4500 140th Ave N - Clearwater, FL 33762",
    "location": "Seminole"
  },
  {
    "name": "Sunshine Design Studio",
    "description": "Advertising Agencies",
    "phone": "(727) 424-8388",
    "address": " 25th 26th Street Ct N - Saint Petersburg, FL 33714",
    "location": "Seminole"
  },
  {
    "name": "Logo Headquarters",
    "description": "Advertising Specialties",
    "phone": "(727) 527-1999",
    "address": " 3115 44th Ave N - Saint Petersburg, FL 33714",
    "location": "Seminole"
  },
  {
    "name": "Inuvo Inc",
    "description": "Advertising Agencies",
    "phone": "(727) 324-0150",
    "address": " 15500 Lightwave Dr - Clearwater, FL 33760",
    "location": "Seminole"
  },
  {
    "name": "Bcf",
    "description": "Advertising Agencies",
    "phone": "(727) 346-5965",
    "address": " 3110 42nd Ave N - Saint Petersburg, FL 33714",
    "location": "Seminole"
  },
  {
    "name": "Magee Sign Service",
    "description": "Advertising Specialties",
    "phone": "(727) 324-4285",
    "address": " 2390 Sherwood Ln - Clearwater, FL 33764",
    "location": "Seminole"
  },
  {
    "name": "Mega Turbo Marketing",
    "description": "Internet Marketing & Advertising",
    "phone": "(954) 465-0776",
    "address": " A St - Clearwater, FL 33755",
    "location": "Seminole"
  },
  {
    "name": "Abbey Printing Of St Pete Beach Inc",
    "description": "Printing Services",
    "phone": "(727) 360-4850",
    "address": " 6640 Gulf Blvd - St Pete Beach, FL 33706",
    "location": "Seminole"
  },
  {
    "name": "Compass Banners And Signs",
    "description": "Signs",
    "phone": "(727) 522-7414",
    "address": " 5504 Haines Rd N - Saint Petersburg, FL 33714",
    "location": "Seminole"
  },
  {
    "name": "Hype Group",
    "description": "Marketing Consultants",
    "phone": "(727) 623-9085",
    "address": " 4563 Central Ave - Saint Petersburg, FL 33713",
    "location": "Seminole"
  },
  {
    "name": "Odyssey Promotions",
    "description": "Advertising Specialties",
    "phone": "(727) 388-3629",
    "address": " 3125 30th Ave N - Saint Petersburg, FL 33713",
    "location": "Seminole"
  },
  {
    "name": "Global E-Trading",
    "description": "Advertising Agencies",
    "phone": "(727) 461-1089",
    "address": " 1239 S Myrtle Ave - Clearwater, FL 33756",
    "location": "Seminole"
  },
  {
    "name": "Parwoode Inc",
    "description": "Signs",
    "phone": "(727) 327-1237",
    "address": " 3198 24th Ave N - Saint Petersburg, FL 33713",
    "location": "Seminole"
  },
  {
    "name": "Professional Media Group",
    "description": "Marketing Consultants",
    "phone": "(727) 584-5511",
    "address": " 1201 S Highland Ave Ste 7 - Clearwater, FL 33756",
    "location": "Seminole"
  },
  {
    "name": "Illumination Sign Co",
    "description": "Advertising Specialties",
    "phone": "(727) 529-5294",
    "address": " 1100 S Hillcrest Ave - Clearwater, FL 33756",
    "location": "Seminole"
  },
  {
    "name": "Russell Johns Associates Inc",
    "description": "Directory & Guide Advertising",
    "phone": "(727) 443-7666",
    "address": " 1001 S Myrtle Ave Ste 7 - Clearwater, FL 33756",
    "location": "Seminole"
  },
  {
    "name": "Desk & Door Nameplate Co",
    "description": "Signs",
    "phone": "(727) 327-1472",
    "address": " 2895 21st Ave N - Saint Petersburg, FL 33713",
    "location": "Seminole"
  },
  {
    "name": "Priority Medical",
    "description": "Advertising Agencies",
    "phone": "(727) 461-1211",
    "address": " 611 Druid Rd E Ste 705 - Clearwater, FL 33756",
    "location": "Seminole"
  },
  {
    "name": "Daniel Signs",
    "description": "Signs",
    "phone": "(727) 327-2842",
    "address": " 1620 51st St S - Gulfport, FL 33707",
    "location": "Seminole"
  },
  {
    "name": "KDM Design and Marketing Inc.",
    "description": "Web Site Design & Services",
    "phone": "(727) 344-2026",
    "address": " 2423 58th St S - Gulfport, FL 33707",
    "location": "Seminole"
  },
  {
    "name": "Think Tank Studio Inc",
    "description": "Advertising Agencies",
    "phone": "(727) 441-4488",
    "address": " 1226 Turner St - Clearwater, FL 33756",
    "location": "Seminole"
  },
  {
    "name": "The Mallard Group Inc",
    "description": "Advertising Agencies",
    "phone": "(727) 572-4665",
    "address": " 2861 Executive Dr - Clearwater, FL 33762",
    "location": "Seminole"
  },
  {
    "name": "Jeff Arthur Studio's",
    "description": "Advertising Specialties",
    "phone": "(727) 573-5277",
    "address": " 2857 Executive Dr - Clearwater, FL 33762",
    "location": "Seminole"
  },
  {
    "name": "Strops Marketing Inc",
    "description": "Advertising Agencies",
    "phone": "(727) 462-0019",
    "address": " 635 Court St - Clearwater, FL 33756",
    "location": "Seminole"
  },
  {
    "name": "Commercial Image Centre",
    "description": "Web Site Design & Services",
    "phone": "(727) 442-1959",
    "address": " 2162 Academy Dr - Clearwater, FL 33764",
    "location": "Seminole"
  },
  {
    "name": "Designed Signs Clearwater Inc",
    "description": "Signs",
    "phone": "(727) 442-0553",
    "address": " 1616 Gulf To Bay Blvd - Clearwater, FL 33755",
    "location": "Seminole"
  },
  {
    "name": "Piranha Graphix Inc",
    "description": "Signs",
    "phone": "(727) 321-4324",
    "address": " 5022 Gulfport Blvd S - Gulfport, FL 33707",
    "location": "Seminole"
  },
  {
    "name": "Cr Impact",
    "description": "Advertising Agencies",
    "phone": "(727) 345-7300",
    "address": " 2825 Beach Blvd S - Gulfport, FL 33707",
    "location": "Seminole"
  },
  {
    "name": "Out Of Area",
    "description": "Advertising Agencies",
    "phone": "(727) 441-4912",
    "address": " 300 S Duncan Ave - Clearwater, FL 33755",
    "location": "Seminole"
  },
  {
    "name": "Designer Club Entertaininment",
    "description": "Advertising Agencies",
    "phone": "(727) 327-4441",
    "address": " 675 37th St S - Saint Petersburg, FL 33711",
    "location": "Seminole"
  },
  {
    "name": "Advertising Bull Dog",
    "description": "Advertising Specialties",
    "phone": "(727) 239-0060",
    "address": " 1433 Gulf To Bay Blvd Ste I - Clearwater, FL 33755",
    "location": "Seminole"
  },
  {
    "name": "Forthfox",
    "description": "Copy Writers",
    "phone": "(727) 998-1849",
    "address": " PO Box 13946 - Saint Petersburg, FL 33733",
    "location": "Seminole"
  },
  {
    "name": "Craft Brands",
    "description": "Advertising Agencies",
    "phone": "(239) 691-0561",
    "address": " P.O. Box 12825 - St. Petersburg, FL 33733",
    "location": "Seminole"
  },
  {
    "name": "Keanan Kintzel",
    "description": "Advertising Agencies",
    "phone": "(727) 443-7300",
    "address": " 645 Cleveland St - Clearwater, FL 33755",
    "location": "Seminole"
  },
  {
    "name": "Studio98",
    "description": "Web Site Design & Services",
    "phone": "(727) 219-2132",
    "address": " 411 Cleveland St Unit 134 - Clearwater, FL 33755",
    "location": "Seminole"
  },
  {
    "name": "Dealer Solutions One",
    "description": "Advertising Agencies",
    "phone": "(727) 330-7621",
    "address": " 600 Cleveland St - Clearwater, FL 33755",
    "location": "Seminole"
  },
  {
    "name": "Jw Berry Signs",
    "description": "Advertising Specialties",
    "phone": "(727) 447-3750",
    "address": " 1280 Cleveland St - Clearwater, FL 33755",
    "location": "Seminole"
  },
  {
    "name": "Media Garage Group Inc",
    "description": "Advertising Agencies",
    "phone": "(727) 258-0318",
    "address": " 3001 1st Ave S - Saint Petersburg, FL 33712",
    "location": "Seminole"
  },
  {
    "name": "Automationlinks",
    "description": "Advertising Agencies",
    "phone": "(727) 888-5855",
    "address": " 4638 Gulf Blvd - St Pete Beach, FL 33706",
    "location": "Seminole"
  },
  {
    "name": "Strategy 21",
    "description": "Advertising Agencies",
    "phone": "(727) 528-8000",
    "address": " 4109 Haines Rd N - Saint Petersburg, FL 33703",
    "location": "Seminole"
  },
  {
    "name": "Dark Horse Marketing",
    "description": "Marketing Programs & Services",
    "phone": "(714) 262-3333",
    "address": " 207 Vine Ave - Clearwater, FL 33755",
    "location": "Seminole"
  },
  {
    "name": "Parwoode Sign Co",
    "description": "Signs",
    "phone": "(727) 327-1237",
    "address": " 2616 1st Ave N - Saint Petersburg, FL 33713",
    "location": "Seminole"
  },
  {
    "name": "First Advantage",
    "description": "Advertising Agencies",
    "phone": "(727) 290-1000",
    "address": " 140 Fountain Pkwy N Ste 140 - Saint Petersburg, FL 33716",
    "location": "Seminole"
  },
  {
    "name": "Blue Water Promotions",
    "description": "Advertising Specialties",
    "phone": "(727) 323-7710",
    "address": " 6400 Dr Martin Luther King Jr St N - Saint Petersburg, FL 33702",
    "location": "Seminole"
  },
  {
    "name": "Think Tank Studio",
    "description": "Advertising Specialties",
    "phone": "(727) 441-4488",
    "address": " 1539 Pinewood St - Clearwater, FL 33755",
    "location": "Seminole"
  },
  {
    "name": "Corplogowear",
    "description": "Advertising Agencies",
    "phone": "(727) 322-9151",
    "address": " 2429 Central Ave - Saint Petersburg, FL 33713",
    "location": "Seminole"
  },
  {
    "name": "Bovsi Studios",
    "description": "Marketing Consultants",
    "phone": "(813) 704-7953",
    "address": " 2732 6th Ave S - Saint Petersburg, FL 33712",
    "location": "Seminole"
  },
  {
    "name": "Adventures In Advertising",
    "description": "Advertising Specialties",
    "phone": "(727) 578-3633",
    "address": " 843 93rd Ave N - Saint Petersburg, FL 33702",
    "location": "Seminole"
  },
  {
    "name": "Hit Signs",
    "description": "Signs",
    "phone": "(727) 322-3636",
    "address": " 621 27th St S - Saint Petersburg, FL 33712",
    "location": "Seminole"
  },
  {
    "name": "Wagenvoord Advertising W",
    "description": "Advertising-Broadcast & Film",
    "phone": "(727) 441-3311",
    "address": " 706 N Myrtle Ave - Clearwater, FL 33755",
    "location": "Seminole"
  },
  {
    "name": "Big Sea Inc",
    "description": "Advertising Agencies",
    "phone": "(727) 386-8031",
    "address": " 2622 Fairfield Ave S - Saint Petersburg, FL 33712",
    "location": "Seminole"
  },
  {
    "name": "Affluent Media Network",
    "description": "Marketing Programs & Services",
    "phone": "(727) 466-0433",
    "address": " 200 Brightwater Dr - Clearwater Beach, FL 33767",
    "location": "Seminole"
  },
  {
    "name": "Affluentials",
    "description": "Advertising Agencies",
    "phone": "(727) 466-0433",
    "address": " 200 Brightwater Dr - Clearwater Beach, FL 33767",
    "location": "Seminole"
  },
  {
    "name": "Summit Business Management",
    "description": "Advertising Agencies",
    "phone": "(727) 243-1336",
    "address": " 702 Karlyn Dr - Clearwater, FL 33755",
    "location": "Seminole"
  },
  {
    "name": "Big Nerd Marketing",
    "description": "Advertising Agencies",
    "phone": "(844) 637-3439",
    "address": " 11300 Dr Martin Luther King Jr St N - Saint Petersburg, FL 33716",
    "location": "Seminole"
  },
  {
    "name": "Tampa Bay Interconnect",
    "description": "Advertising Agencies",
    "phone": "(727) 578-2662",
    "address": " 11500 Dr Martin Luther King Jr St N - Saint Petersburg, FL 33716",
    "location": "Seminole"
  },
  {
    "name": "Communicasting",
    "description": "Advertising Agencies",
    "phone": "(727) 463-7265",
    "address": " 750 94th Ave N - Saint Petersburg, FL 33702",
    "location": "Seminole"
  },
  {
    "name": "Image Production",
    "description": "Advertising Agencies",
    "phone": "(727) 823-8909",
    "address": " 150 22nd St S - Saint Petersburg, FL 33712",
    "location": "Seminole"
  },
  {
    "name": "Idearc Media, Inc",
    "description": "Advertising Specialties",
    "phone": "(727) 563-7000",
    "address": " 9620 Executive Center Dr N - Saint Petersburg, FL 33702",
    "location": "Seminole"
  },
  {
    "name": "Adpower Media Group",
    "description": "Advertising Agencies",
    "phone": "(727) 631-0200",
    "address": " 701 N Hercules Ave - Clearwater, FL 33765",
    "location": "Seminole"
  },
  {
    "name": "Adzado",
    "description": "Advertising Agencies",
    "phone": "(833) 401-5587",
    "address": " 7904 4th St N - Saint Petersburg, FL 33702",
    "location": "Seminole"
  },
  {
    "name": "Provident Merchandise Sourcing",
    "description": "Advertising Agencies",
    "phone": "(727) 726-4668",
    "address": " 107 Hampton Rd - Clearwater, FL 33759",
    "location": "Seminole"
  },
  {
    "name": "Landers And Partners",
    "description": "Advertising Agencies",
    "phone": "(727) 572-5228",
    "address": " 10051 5th St N - Saint Petersburg, FL 33702",
    "location": "Seminole"
  },
  {
    "name": "Dragon Digital Marketing",
    "description": "Internet Marketing & Advertising",
    "phone": "(727) 308-0030",
    "address": " 7901 4th St N Ste 4040 - Saint Petersburg, FL 33702",
    "location": "Seminole"
  },
  {
    "name": "Omnitube",
    "description": "Advertising Agencies",
    "phone": "(813) 328-3760",
    "address": " 7901 4th St N - Saint Petersburg, FL 33702",
    "location": "Seminole"
  },
  {
    "name": "Honest Podcasts",
    "description": "Production Companies-Film, TV, Radio, Etc",
    "phone": "(904) 370-3843",
    "address": " 7901 4th St N Ste 300 - Saint Petersburg, FL 33702",
    "location": "Seminole"
  },
  {
    "name": "Mosaic Development",
    "description": "Advertising Agencies",
    "phone": "(239) 603-8596",
    "address": " 1763 1st Ave N - Saint Petersburg, FL 33713",
    "location": "Seminole"
  },
  {
    "name": "Mindshare Multi Media",
    "description": "Advertising Agencies",
    "phone": "(727) 575-9264",
    "address": " 9675 4th St N - Saint Petersburg, FL 33702",
    "location": "Seminole"
  },
  {
    "name": "Palm Bay Advertising, Inc",
    "description": "Advertising Agencies",
    "phone": "(813) 586-1685",
    "address": " 3695 40th St S - Saint Petersburg, FL 33711",
    "location": "Seminole"
  },
  {
    "name": "Consolidated Direct Marketing",
    "description": "Direct Mail Advertising",
    "phone": "(727) 483-4707",
    "address": " 3000 Gulf To Bay Blvd - Clearwater, FL 33759",
    "location": "Seminole"
  },
  {
    "name": "3Geeks Interactive, LLC SEO Services",
    "description": "Internet Marketing & Advertising",
    "phone": "(727) 537-6336",
    "address": " 9952 Gandy Blvd N Ste C - Saint Petersburg, FL 33702",
    "location": "Seminole"
  },
  {
    "name": "VIS Movement",
    "description": "Advertising Specialties",
    "phone": "(727) 710-3767",
    "address": " 1905 5th Ave S - Saint Petersburg, FL 33712",
    "location": "Seminole"
  },
  {
    "name": "Wilson Printing USA",
    "description": "Printing Services",
    "phone": "(727) 536-4173",
    "address": " 1085 Cephas Rd - Clearwater, FL 33765",
    "location": "Seminole"
  },
  {
    "name": "Perrone & Chute Partners In",
    "description": "Advertising Agencies",
    "phone": "(727) 521-1795",
    "address": " 121 69th Ave N - Saint Petersburg, FL 33702",
    "location": "Seminole"
  },
  {
    "name": "On Key Design",
    "description": "Advertising Agencies",
    "phone": "(727) 577-3238",
    "address": " 138 88th Ave NE - Saint Petersburg, FL 33702",
    "location": "Seminole"
  },
  {
    "name": "Excellent Marketing Results",
    "description": "Advertising Agencies",
    "phone": "(727) 446-5200",
    "address": " 2055 Range Rd - Clearwater, FL 33765",
    "location": "Seminole"
  },
  {
    "name": "Ramel Consulting",
    "description": "Advertising Agencies",
    "phone": "(727) 576-6868",
    "address": " 9466 Treasure Ln NE - Saint Petersburg, FL 33702",
    "location": "Seminole"
  },
  {
    "name": "JB Edwards",
    "description": "Marketing Programs & Services",
    "phone": "(727) 736-0880",
    "address": " 2069 Range Rd - Clearwater, FL 33765",
    "location": "Seminole"
  },
  {
    "name": "Custom Concepts",
    "description": "Advertising-Promotional Products",
    "phone": "(727) 528-8222",
    "address": " 3958 14th St NE - Saint Petersburg, FL 33703",
    "location": "Seminole"
  },
  {
    "name": "Biz Promo, LLC",
    "description": "Advertising-Promotional Products",
    "phone": "(727) 733-8387",
    "address": " 1497 Main St # 364 - Dunedin, FL 34698",
    "location": "Seminole"
  },
  {
    "name": "B Hive Awards and Promotional Products",
    "description": "Advertising-Promotional Products",
    "phone": "(727) 442-7163",
    "address": " 1810 N Hercules Ave - Clearwater, FL 33765",
    "location": "Seminole"
  },
  {
    "name": "P3 Promotions",
    "description": "Advertising-Promotional Products",
    "phone": "(727) 209-2449",
    "address": " 446 2nd St N - Saint Petersburg, FL 33701",
    "location": "Seminole"
  },
  {
    "name": "Priatek",
    "description": "Advertising-Promotional Products",
    "phone": "(727) 375-5616",
    "address": " 200 Central Ave Ste 2300 - Saint Petersburg, FL 33701",
    "location": "Seminole"
  },
  {
    "name": "J B Edwards & Associates",
    "description": "Advertising-Promotional Products",
    "phone": "(727) 736-0880",
    "address": " 445 Grant St - Dunedin, FL 34698",
    "location": "Seminole"
  },
  {
    "name": "Strictly Street Entertainment",
    "description": "Advertising-Promotional Products",
    "phone": "(727) 420-9687",
    "address": " 1414 Asturia Way S - Saint Petersburg, FL 33705",
    "location": "Seminole"
  },
  {
    "name": "Paradise Promotional Products",
    "description": "Advertising-Promotional Products",
    "phone": "(727) 799-3720",
    "address": " 2451 N Mcmullen Booth Rd - Clearwater, FL 33759",
    "location": "Seminole"
  },
  {
    "name": "Brian Cash Claus Coupon Book",
    "description": "Advertising-Promotional Products",
    "phone": "(727) 228-0115",
    "address": " 1497 Main St #277 - Dunedin, FL 34698",
    "location": "Seminole"
  },
  {
    "name": "Stitch Logo",
    "description": "Advertising-Promotional Products",
    "phone": "(877) 652-8600",
    "address": " 2165 Sunnydale Blvd Ste H - Clearwater, FL 33765",
    "location": "Seminole"
  },
  {
    "name": "Music Promo BHT",
    "description": "Advertising-Promotional Products",
    "phone": "(727) 403-1046",
    "address": " 431 11th Ave N - Saint Petersburg, FL 33701",
    "location": "Seminole"
  },
  {
    "name": "Shoreline Image Works",
    "description": "Advertising-Promotional Products",
    "phone": "(727) 786-6184",
    "address": " 1754 Vista Way - Clearwater, FL 33755",
    "location": "Seminole"
  },
  {
    "name": "Global Components",
    "description": "Advertising-Promotional Products",
    "phone": "(727) 712-3000",
    "address": " 22061 US Highway 19 N - Clearwater, FL 33765",
    "location": "Seminole"
  },
  {
    "name": "Weapons World Inc",
    "description": "Advertising-Promotional Products",
    "phone": "(860) 266-6249",
    "address": " 1650 N Hercules Ave - Clearwater, FL 33765",
    "location": "Seminole"
  },
  {
    "name": "Prv Distribution",
    "description": "Advertising-Promotional Products",
    "phone": "(727) 298-1111",
    "address": " 1650 N Hercules Ave - Clearwater, FL 33765",
    "location": "Seminole"
  },
  {
    "name": "Ads Distributors Inc",
    "description": "Advertising-Promotional Products",
    "phone": "(727) 725-8711",
    "address": " 670 2nd St N - Safety Harbor, FL 34695",
    "location": "Seminole"
  },
  {
    "name": "Mr Technique",
    "description": "Web Site Design & Services",
    "phone": "(727) 209-7995",
    "address": " 136 4th St N Ste 204 - Saint Petersburg, FL 33701",
    "location": "Seminole"
  },
  {
    "name": "Davidson Sign Services Inc",
    "description": "Signs-Maintenance & Repair",
    "phone": "(727) 726-3555",
    "address": " 1201 Cedar St Ste B - Safety Harbor, FL 34695",
    "location": "Seminole"
  },
  {
    "name": "411 Clearwater",
    "description": "Internet Marketing & Advertising",
    "phone": "(727) 238-2020",
    "address": " 880 Mandalay Ave - Clearwater Beach, FL 33767",
    "location": "Seminole"
  },
  {
    "name": "Sales Up Solutions",
    "description": "Advertising Agencies",
    "phone": "(727) 755-3614",
    "address": " 204 37th Ave N - Saint Petersburg, FL 33704",
    "location": "Seminole"
  },
  {
    "name": "Oyova",
    "description": "Internet Marketing & Advertising",
    "phone": "(727) 289-6549",
    "address": " 290 Dr Martin Luther King Jr St N #201 - Saint Petersburg, FL 33705",
    "location": "Seminole"
  },
  {
    "name": "Skyway Media",
    "description": "Web Site Design & Services",
    "phone": "(727) 317-6826",
    "address": " 1029 Central Ave - Saint Petersburg, FL 33705",
    "location": "Seminole"
  },
  {
    "name": "DigiLogic, Inc.",
    "description": "Web Site Design & Services",
    "phone": "(866) 222-5030",
    "address": " 505 Mandalay Ave Apt 56 - Clearwater Beach, FL 33767",
    "location": "Seminole"
  },
  {
    "name": "Life Improvement Media Group",
    "description": "Internet Marketing & Advertising",
    "phone": "(866) 930-9337",
    "address": " 735 Arlington Ave N Ste 31 - Saint Petersburg, FL 33701",
    "location": "Seminole"
  },
  {
    "name": "Cyberlicious",
    "description": "Internet Marketing & Advertising",
    "phone": "(727) 820-1988",
    "address": " 735 Arlington Ave N - Saint Petersburg, FL 33701",
    "location": "Seminole"
  },
  {
    "name": "Rob Graham Enterprises",
    "description": "Advertising Agencies",
    "phone": "(727) 803-6058",
    "address": " 100 7th St S - Saint Petersburg, FL 33701",
    "location": "Seminole"
  },
  {
    "name": "Pivotal Sign & Graphics, Inc.",
    "description": "Signs",
    "phone": "(727) 462-2266",
    "address": " 2140 Sunnydale Blvd Ste D - Clearwater, FL 33765",
    "location": "Seminole"
  },
  {
    "name": "Castnet Media",
    "description": "Advertising Agencies",
    "phone": "(727) 892-2391",
    "address": " 490 1st Ave S - St Petersburg, FL 33701",
    "location": "Seminole"
  },
  {
    "name": "Advanced Digital Media Services",
    "description": "Web Site Design & Services",
    "phone": "(727) 201-5296",
    "address": " 360 Central Ave - Saint Petersburg, FL 33701",
    "location": "Seminole"
  },
  {
    "name": "Allegrow",
    "description": "Advertising Agencies",
    "phone": "(727) 513-0020",
    "address": " 360 Central Ave Ste 800 - St Petersburg, FL 33701",
    "location": "Seminole"
  },
  {
    "name": "PowerChord, Inc.",
    "description": "Computer Software Publishers & Developers",
    "phone": "(727) 823-1530",
    "address": " 360 Central Ave Fifth Floor - Saint Petersburg, FL 33701",
    "location": "Seminole"
  },
  {
    "name": "RuleLocal",
    "description": "Internet Marketing & Advertising",
    "phone": "(727) 258-0132",
    "address": " 146 2nd St N Ste 301 - Saint Petersburg, FL 33701",
    "location": "Seminole"
  },
  {
    "name": "Tampa Marketing Services",
    "description": "Internet Consultants",
    "phone": "(727) 394-4057",
    "address": " 524 Bay St NE - Saint Petersburg, FL 33701",
    "location": "Seminole"
  },
  {
    "name": "Empathy First Media",
    "description": "Advertising Agencies",
    "phone": "(727) 291-7384",
    "address": " 260 1st Ave S Ste 166 - St Petersburg, FL 33701",
    "location": "Seminole"
  },
  {
    "name": "Calusa Marketing",
    "description": "Marketing Programs & Services",
    "phone": "(800) 946-0997",
    "address": " 111 2nd Ave NE Ste 802 - Saint Petersburg, FL 33701",
    "location": "Seminole"
  },
  {
    "name": "Cliktree",
    "description": "Advertising Agencies",
    "phone": "(727) 220-5923",
    "address": " 200 2nd Ave S - Saint Petersburg, FL 33701",
    "location": "Seminole"
  },
  {
    "name": "Five Mile Marketing",
    "description": "Marketing Programs & Services",
    "phone": "(727) 220-5923",
    "address": " 200 2nd Ave S - St Petersburg, FL 33701",
    "location": "Seminole"
  },
  {
    "name": "Pingunio Consultants, LLC",
    "description": "Advertising Agencies",
    "phone": "(813) 304-4881",
    "address": " 415 Norfolk St - Dunedin, FL 34698",
    "location": "Seminole"
  },
  {
    "name": "Hooked Marketing",
    "description": "Advertising Agencies",
    "phone": "(727) 333-5270",
    "address": " 2050 Los Lomas Dr - Clearwater, FL 33763",
    "location": "Seminole"
  },
  {
    "name": "Cool Cat Creative, Advertising and Design",
    "description": "Advertising Agencies",
    "phone": "(727) 230-9762",
    "address": " 1984 Allard Dr - Clearwater, FL 33763",
    "location": "Seminole"
  },
  {
    "name": "CarGraphics.pro",
    "description": "Signs",
    "phone": "(727) 200-4160",
    "address": " 27001 Us Highway 19 N - Clearwater, FL 33761",
    "location": "Seminole"
  },
  {
    "name": "Tampa Bay FM",
    "description": "Marketing Programs & Services",
    "phone": "(727) 687-9973",
    "address": " 1630 San Helen Dr - Dunedin, FL 34698",
    "location": "Seminole"
  },
  {
    "name": "Zidan Marketing & Media Inc",
    "description": "Internet Marketing & Advertising",
    "phone": "(727) 280-6708",
    "address": " 2744 Summerdale Dr - Clearwater, FL 33761",
    "location": "Seminole"
  },
  {
    "name": "Marketing Bionics",
    "description": "Internet Marketing & Advertising",
    "phone": "(727) 228-1984",
    "address": " 2519 N Mcmullen Booth Rd Ste 111 - Clearwater, FL 33761",
    "location": "Seminole"
  },
  {
    "name": "Integrated Marketing Association",
    "description": "Automation Systems & Equipment",
    "phone": "(816) 729-4405",
    "address": " 306 N Bay Hills Blvd - Safety Harbor, FL 34695",
    "location": "Seminole"
  },
  {
    "name": "Truefire Inc",
    "description": "Advertising Agencies",
    "phone": "(727) 898-8866",
    "address": " 100 7th St S - Saint Petersburg, FL 33701",
    "location": "Seminole"
  },
  {
    "name": "Espo Productions",
    "description": "Advertising Specialties",
    "phone": "(727) 797-4007",
    "address": " 3036 Lake Vista Dr - Clearwater, FL 33759",
    "location": "Seminole"
  },
  {
    "name": "Boom Promotional Products",
    "description": "Advertising Specialties",
    "phone": "(727) 638-6631",
    "address": " 325 20th Ave NE - Saint Petersburg, FL 33704",
    "location": "Seminole"
  },
  {
    "name": "Wilson Media & Advertising",
    "description": "Advertising Agencies",
    "phone": "(727) 894-6100",
    "address": " 300 3rd Ave N - Saint Petersburg, FL 33701",
    "location": "Seminole"
  },
  {
    "name": "Devery Enterprises",
    "description": "Advertising Specialties",
    "phone": "(727) 821-6316",
    "address": " 661 34th Ave NE - Saint Petersburg, FL 33704",
    "location": "Seminole"
  },
  {
    "name": "Driven Results",
    "description": "Advertising Agencies",
    "phone": "(727) 222-0391",
    "address": " 360 Central Ave Ste 800 - Saint Petersburg, FL 33701",
    "location": "Seminole"
  },
  {
    "name": "Advertising & Marketing Associates",
    "description": "Advertising Agencies",
    "phone": "(727) 449-2188",
    "address": " 801 Island Way - Clearwater Beach, FL 33767",
    "location": "Seminole"
  },
  {
    "name": "Paradise Advertising & Marketing, Inc.",
    "description": "Marketing Programs & Services",
    "phone": "(727) 821-5155",
    "address": " 150 2nd Ave N Ste 800 - Saint Petersburg, FL 33701",
    "location": "Seminole"
  },
  {
    "name": "Zalex International, Inc",
    "description": "Advertising Agencies",
    "phone": "(727) 239-5187",
    "address": " 1868 Seton Dr - Clearwater, FL 33763",
    "location": "Seminole"
  },
  {
    "name": "Consumer Sales Solutions",
    "description": "Marketing Programs & Services",
    "phone": "(727) 733-8700",
    "address": " 537 Douglas Ave - Dunedin, FL 34698",
    "location": "Seminole"
  },
  {
    "name": "Valpak of Tampa Bay",
    "description": "Advertising Agencies",
    "phone": "(727) 287-0200",
    "address": " 132 10th Ave N Ste 101 - Safety Harbor, FL 34695",
    "location": "Seminole"
  },
  {
    "name": "No Limit Marketing & Advertising",
    "description": "Advertising Agencies",
    "phone": "(727) 726-4250",
    "address": " 935 Main St - Safety Harbor, FL 34695",
    "location": "Seminole"
  },
  {
    "name": "Metric Halo Distribution",
    "description": "Distributing Service-Circular, Sample, Etc",
    "phone": "(727) 725-9555",
    "address": " 306 10th Ave N - Safety Harbor, FL 34695",
    "location": "Seminole"
  },
  {
    "name": "Sirius Advertising Inc",
    "description": "Advertising Agencies",
    "phone": "(727) 865-0033",
    "address": " 500 Jasmine Way S - Saint Petersburg, FL 33705",
    "location": "Seminole"
  },
  {
    "name": "Excel Advertising & Marketing",
    "description": "Advertising Agencies",
    "phone": "(727) 791-0182",
    "address": " 2725 Park Dr - Clearwater, FL 33763",
    "location": "Seminole"
  },
  {
    "name": "Wenstrom Communication",
    "description": "Advertising Agencies",
    "phone": "(727) 791-1188",
    "address": " 2431 Estancia Blvd Ste C - Clearwater, FL 33761",
    "location": "Seminole"
  },
  {
    "name": "Bob Advertising & Design",
    "description": "Advertising Agencies",
    "phone": "(727) 577-0760",
    "address": " 9413 Treasure Ln NE - Saint Petersburg, FL 33702",
    "location": "Seminole"
  },
  {
    "name": "Idimension Inc",
    "description": "Advertising Agencies",
    "phone": "(727) 895-5833",
    "address": " 204 37th Ave N - Saint Petersburg, FL 33704",
    "location": "Seminole"
  },
  {
    "name": "Marketing Matters",
    "description": "Advertising Agencies",
    "phone": "(954) 925-1511",
    "address": " 204 37th Ave N - Saint Petersburg, FL 33704",
    "location": "Seminole"
  },
  {
    "name": "T F Ward Market Solutions",
    "description": "Advertising Agencies",
    "phone": "(727) 895-7424",
    "address": " 3031 2nd St N - Saint Petersburg, FL 33704",
    "location": "Seminole"
  },
  {
    "name": "Fleming Advertising",
    "description": "Advertising Agencies",
    "phone": "(727) 374-6845",
    "address": " 167 114th Ave NE - Saint Petersburg, FL 33716",
    "location": "Seminole"
  },
  {
    "name": "Tully-Menard Inc",
    "description": "Advertising Agencies",
    "phone": "(727) 298-8301",
    "address": " 3148 Featherwood Ct - Clearwater, FL 33759",
    "location": "Seminole"
  },
  {
    "name": "JW Berry Signs",
    "description": "Signs",
    "phone": "(727) 822-5275",
    "address": " 821 1st Ave N - Saint Petersburg, FL 33701",
    "location": "Seminole"
  },
  {
    "name": "Clear PH Design",
    "description": "Advertising Agencies",
    "phone": "(727) 823-5333",
    "address": " 327 11th Ave N - Saint Petersburg, FL 33701",
    "location": "Seminole"
  },
  {
    "name": "Vitale Bros",
    "description": "Advertising Agencies",
    "phone": "(727) 520-0969",
    "address": " 651 Central Ave - Saint Petersburg, FL 33701",
    "location": "Seminole"
  },
  {
    "name": "Dgs Retail",
    "description": "Signs",
    "phone": "(727) 388-4975",
    "address": " 4400 34th St S - Saint Petersburg, FL 33711",
    "location": "Seminole"
  },
  {
    "name": "First Priority Land Services",
    "description": "Advertising Agencies",
    "phone": "(727) 822-0088",
    "address": " 2433 19th St S - Saint Petersburg, FL 33712",
    "location": "Seminole"
  },
  {
    "name": "Roma Direct Marketing",
    "description": "Advertising Agencies",
    "phone": "(727) 498-8999",
    "address": " 33 6th St S - Saint Petersburg, FL 33701",
    "location": "Seminole"
  },
  {
    "name": "Wonderment Creative House Inc",
    "description": "Graphic Designers",
    "phone": "(727) 272-4580",
    "address": " 33 6th St S - Saint Petersburg, FL 33701",
    "location": "Seminole"
  },
  {
    "name": "Intent Local",
    "description": "Advertising Agencies",
    "phone": "(727) 278-3926",
    "address": " 33 6th St S Ste 501 - Saint Petersburg, FL 33701",
    "location": "Seminole"
  },
  {
    "name": "Kapok Marketing",
    "description": "Internet Consultants",
    "phone": "(800) 640-8082",
    "address": " 447 3rd Ave N Ste 300 - Saint Petersburg, FL 33701",
    "location": "Seminole"
  },
  {
    "name": "Reardon Killion Communications",
    "description": "Advertising Agencies",
    "phone": "(727) 896-3435",
    "address": " 650 2nd Ave S - Saint Petersburg, FL 33701",
    "location": "Seminole"
  },
  {
    "name": "Big Sea, Inc.",
    "description": "Internet Marketing & Advertising",
    "phone": "(727) 386-8031",
    "address": " 646 2nd Ave S - Saint Petersburg, FL 33701",
    "location": "Seminole"
  },
  {
    "name": "Roma Television Group",
    "description": "Advertising Agencies",
    "phone": "(727) 823-5500",
    "address": " 469 2nd Ave N - Saint Petersburg, FL 33701",
    "location": "Seminole"
  },
  {
    "name": "Led Tampa",
    "description": "Signs",
    "phone": "(727) 442-4533",
    "address": " 2170 Sunnydale Blvd - Clearwater, FL 33765",
    "location": "Seminole"
  },
  {
    "name": "Aces Marketing Group",
    "description": "Marketing Consultants",
    "phone": "(727) 822-4202",
    "address": " 475 Central Ave Ste M2 - Saint Petersburg, FL 33701",
    "location": "Seminole"
  },
  {
    "name": "Vibe Digital Media",
    "description": "Advertising Agencies",
    "phone": "(727) 565-0115",
    "address": " 475 Central Ave - Saint Petersburg, FL 33701",
    "location": "Seminole"
  },
  {
    "name": "Beach Lion Studios",
    "description": "Advertising Agencies",
    "phone": "(727) 207-1108",
    "address": " 433 Central Ave Suite 212 - St Petersburg, FL 33701",
    "location": "Seminole"
  },
  {
    "name": "Media Shark",
    "description": "Advertising Agencies",
    "phone": "(916) 342-9441",
    "address": " 433 Central Ave - Saint Petersburg, FL 33701",
    "location": "Seminole"
  },
  {
    "name": "QR Consulting, LLC",
    "description": "Internet Marketing & Advertising",
    "phone": "(800) 555-2785",
    "address": " PO Box 1902 - Saint Petersburg, FL 33731",
    "location": "Seminole"
  },
  {
    "name": "Communications Inc",
    "description": "Marketing Programs & Services",
    "phone": "(727) 892-9280",
    "address": " 360 Central Ave Ste 420 - Saint Petersburg, FL 33701",
    "location": "Seminole"
  },
  {
    "name": "Dailey Communications",
    "description": "Advertising Agencies",
    "phone": "(727) 896-4477",
    "address": " 323 2nd St N - Saint Petersburg, FL 33701",
    "location": "Seminole"
  },
  {
    "name": "Advertising Associates corp",
    "description": "Advertising Specialties",
    "phone": "(727) 800-8077",
    "address": " 360 Central ave ste 800 - Saint Petersburg, FL 33701",
    "location": "Seminole"
  },
  {
    "name": "Pyper Young, Inc",
    "description": "Advertising Agencies",
    "phone": "(727) 873-1210",
    "address": " 235 Central Ave - Saint Petersburg, FL 33701",
    "location": "Seminole"
  },
  {
    "name": "Guckenberger'n Partners",
    "description": "Advertising Agencies",
    "phone": "(813) 963-1309",
    "address": " 235 Central Ave - Saint Petersburg, FL 33701",
    "location": "Seminole"
  },
  {
    "name": "Bungo Media",
    "description": "Media Brokers",
    "phone": "(727) 577-5196",
    "address": " 10812 Gandy Blvd N - Saint Petersburg, FL 33702",
    "location": "Seminole"
  },
  {
    "name": "Carroway Rose",
    "description": "Advertising Agencies",
    "phone": "(843) 501-9128",
    "address": " 260 1st Ave S - St. Petersburg, FL 33701",
    "location": "Seminole"
  },
  {
    "name": "Latitude Park",
    "description": "Advertising Agencies",
    "phone": "(727) 580-7521",
    "address": " 260 1st Ave S Ste 200-25 - St Petersburg, FL 33701",
    "location": "Seminole"
  },
  {
    "name": "Bumpads Services Inc",
    "description": "Advertising Agencies",
    "phone": "(727) 803-1490",
    "address": " 111 2nd Ave N - Saint Petersburg, FL 33701",
    "location": "Seminole"
  },
  {
    "name": "The Hoth",
    "description": "Internet Marketing & Advertising",
    "phone": "(877) 720-4684",
    "address": " 111 2nd Ave NE - Saint Petersburg, FL 33701",
    "location": "Seminole"
  },
  {
    "name": "BNO Creative Labs",
    "description": "Advertising Agencies",
    "phone": "(727) 550-0309",
    "address": " 111 2nd Ave NE - Saint Petersburg, FL 33701",
    "location": "Seminole"
  },
  {
    "name": "Piexec",
    "description": "Graphic Designers",
    "phone": "(813) 787-5700",
    "address": " 330 3rd St S Unit 405 - Saint Petersburg, FL 33701",
    "location": "Seminole"
  },
  {
    "name": "Adversigns Sign Service",
    "description": "Signs",
    "phone": "(813) 249-0470",
    "address": " 1600 10th St S - Safety Harbor, FL 34695",
    "location": "Seminole"
  },
  {
    "name": "Pinstripe Marketing",
    "description": "Marketing Consultants",
    "phone": "(727) 214-1555",
    "address": " 263 13th Ave S - Saint Petersburg, FL 33701",
    "location": "Seminole"
  },
  {
    "name": "Metro Bench Advertising",
    "description": "Advertising Specialties",
    "phone": "(727) 725-9713",
    "address": " 2770 Sunset Point Rd - Clearwater, FL 33759",
    "location": "Seminole"
  },
  {
    "name": "IMI Club",
    "description": "Internet Cafes",
    "phone": "(727) 386-2970",
    "address": " 291 Catalan blvd N.E. - St. Petersburg, FL 33713",
    "location": "Seminole"
  },
  {
    "name": "Jaffe Distributors",
    "description": "Advertising Specialties",
    "phone": "(727) 797-0964",
    "address": " 2286 Mexican Way Apt 4 - Clearwater, FL 33763",
    "location": "Seminole"
  },
  {
    "name": "Adsharp Inc",
    "description": "Advertising Agencies",
    "phone": "(727) 733-6970",
    "address": " 305 Main St - Dunedin, FL 34698",
    "location": "Seminole"
  },
  {
    "name": "Amplify 11 Inc.",
    "description": "Advertising Agencies",
    "phone": "(727) 793-9068",
    "address": " 25400 US Hwy 19 North, Ste 137 - Clearwater, FL 33763",
    "location": "Seminole"
  },
  {
    "name": "RAV Enterprises",
    "description": "Advertising Agencies",
    "phone": "(727) 228-0006",
    "address": " 303 Main St Unit 812 - Safety Harbor, FL 34695",
    "location": "Seminole"
  },
  {
    "name": "Tampa Bay Partners",
    "description": "Advertising Agencies",
    "phone": "(727) 669-7775",
    "address": " 101 Phillippe Pkwy - Safety Harbor, FL 34695",
    "location": "Seminole"
  },
  {
    "name": "McClay Inglesby Advertising",
    "description": "Advertising Agencies",
    "phone": "(727) 906-4320",
    "address": " 2167 Vivian Way S - Saint Petersburg, FL 33712",
    "location": "Seminole"
  },
  {
    "name": "Nielsen Media Rese",
    "description": "Media Brokers",
    "phone": "(727) 738-7100",
    "address": " 1659 Achieva Way - Dunedin, FL 34698",
    "location": "Seminole"
  },
  {
    "name": "Vibrant Wealth",
    "description": "Advertising Agencies",
    "phone": "(727) 864-0904",
    "address": " 1645 Pinellas Bayway S - Saint Petersburg, FL 33715",
    "location": "Seminole"
  },
  {
    "name": "Sign Service Solutions Inc",
    "description": "Signs",
    "phone": "(727) 736-7445",
    "address": " 1153 Main St - Dunedin, FL 34698",
    "location": "Seminole"
  },
  {
    "name": "Suncoast Legal Nurse Consulting",
    "description": "Advertising Agencies",
    "phone": "(727) 867-3363",
    "address": " 512 51st Ave S - Saint Petersburg, FL 33705",
    "location": "Seminole"
  },
  {
    "name": "Affinity Design Group",
    "description": "Advertising Agencies",
    "phone": "(727) 733-9332",
    "address": " 1130 Pinehurst Rd - Dunedin, FL 34698",
    "location": "Seminole"
  },
  {
    "name": "Complete Sign Solutions Inc",
    "description": "Signs",
    "phone": "(727) 286-8995",
    "address": " 1780 Main St Ste A - Dunedin, FL 34698",
    "location": "Seminole"
  },
  {
    "name": "Bayshore Signs",
    "description": "Advertising Specialties",
    "phone": "(727) 223-4150",
    "address": " 2109 Main St - Dunedin, FL 34698",
    "location": "Seminole"
  },
  {
    "name": "Logopro.com",
    "description": "Advertising Specialties",
    "phone": "(727) 733-5886",
    "address": " 2194 Main St - Dunedin, FL 34698",
    "location": "Seminole"
  },
  {
    "name": "WeRank",
    "description": "Internet Marketing & Advertising",
    "phone": "(727) 304-4455",
    "address": " 2451 N Mcmullen Booth Rd Ste 255 - Clearwater, FL 33759",
    "location": "Seminole"
  },
  {
    "name": "Excel Direct Marketing",
    "description": "Advertising Agencies",
    "phone": "(727) 791-0182",
    "address": " 2725 Park Dr - Clearwater, FL 33763",
    "location": "Seminole"
  },
  {
    "name": "Jadon",
    "description": "Graphic Designers",
    "phone": "(727) 796-7476",
    "address": " 701 Enterprise Rd E Ste 404 - Safety Harbor, FL 34695",
    "location": "Seminole"
  },
  {
    "name": "Sullivan Advertising Group",
    "description": "Advertising Agencies",
    "phone": "(727) 669-0001",
    "address": " 701 Enterprise Rd E - Safety Harbor, FL 34695",
    "location": "Seminole"
  },
  {
    "name": "Secure Care Management",
    "description": "Advertising Agencies",
    "phone": "(727) 726-2773",
    "address": " 2836 Long View Dr - Clearwater, FL 33761",
    "location": "Seminole"
  },
  {
    "name": "Bottom Line Corp",
    "description": "Advertising Agencies",
    "phone": "(727) 683-1090",
    "address": " 28100 Us Highway 19 N - Clearwater, FL 33761",
    "location": "Seminole"
  },
  {
    "name": "Pals",
    "description": "Advertising Agencies",
    "phone": "(727) 726-3959",
    "address": " 1722 Tall Pine Cir - Safety Harbor, FL 34695",
    "location": "Seminole"
  },
  {
    "name": "JB Creative Services",
    "description": "Web Site Design & Services",
    "phone": "(813) 527-4395",
    "address": " 846 Christina Cir - Oldsmar, FL 34677",
    "location": "Seminole"
  },
  {
    "name": "Wordpress Seo Experts",
    "description": "Advertising Agencies",
    "phone": "(813) 492-4080",
    "address": " 5350 Bridge St - Tampa, FL 33611",
    "location": "Seminole"
  },
  {
    "name": "Sunbay Marketing",
    "description": "Advertising Agencies",
    "phone": "(888) 930-0269",
    "address": " 5401 West Kennedy Blvd Suite 100 - Tampa, FL 33609",
    "location": "Seminole"
  },
  {
    "name": "First Rank Digital",
    "description": "Advertising Agencies",
    "phone": "(813) 853-2537",
    "address": " 5401 W Kennedy Blvd - Tampa, FL 33609",
    "location": "Seminole"
  },
  {
    "name": "Vertis Inc",
    "description": "Advertising Agencies",
    "phone": "(813) 814-1566",
    "address": " 8617 Chadwick Dr - Tampa, FL 33635",
    "location": "Seminole"
  },
  {
    "name": "Discount Signs & Wraps",
    "description": "Signs",
    "phone": "(813) 491-4200",
    "address": " 3691 State Road 580 W - Oldsmar, FL 34677",
    "location": "Seminole"
  },
  {
    "name": "MarketPro Direct",
    "description": "Marketing Consultants",
    "phone": "(727) 403-7554",
    "address": " 507 Arlington Ave E - Oldsmar, FL 34677",
    "location": "Seminole"
  },
  {
    "name": "Novacharge",
    "description": "Advertising Specialties",
    "phone": "(813) 333-1119",
    "address": " 172A State St E - Oldsmar, FL 34677",
    "location": "Seminole"
  },
  {
    "name": "Spectrio",
    "description": "Marketing Programs & Services",
    "phone": "(800) 584-4653",
    "address": " 4033 Tampa Rd Ste 103 - Oldsmar, FL 34677",
    "location": "Seminole"
  },
  {
    "name": "B2B Sign Resource",
    "description": "Signs",
    "phone": "(813) 855-7446",
    "address": " 13359 W Hillsborough Ave #104 - Tampa, FL 33635",
    "location": "Seminole"
  },
  {
    "name": "Quality Sourcing Service Inc",
    "description": "Advertising Agencies",
    "phone": "(813) 818-0468",
    "address": " 13030 Memorial Hwy - Tampa, FL 33635",
    "location": "Seminole"
  },
  {
    "name": "Spm",
    "description": "Advertising Agencies",
    "phone": "(813) 345-4002",
    "address": " 5550 W Executive Dr - Tampa, FL 33609",
    "location": "Seminole"
  },
  {
    "name": "Dynamedia of America Inc",
    "description": "Advertising Agencies",
    "phone": "(813) 287-8177",
    "address": " 205 S Hoover Blvd Ste 102 - Tampa, FL 33609",
    "location": "Seminole"
  },
  {
    "name": "Proactive Advertising and Marketing",
    "description": "Advertising Specialties",
    "phone": "(813) 281-2481",
    "address": " 5305 San Sebastian Ct Unit 125 - Tampa, FL 33609",
    "location": "Seminole"
  },
  {
    "name": "Gentech Marketing",
    "description": "Marketing Programs & Services",
    "phone": "(850) 788-2740",
    "address": " 5401 W Kennedy Blvd - Tampa, FL 33609",
    "location": "Seminole"
  }
]
