[
  {
    "name": "Image Pro Ad Specialties Inc",
    "description": "Advertising-Promotional Products",
    "phone": "(904) 287-0377",
    "address": " 611 Cindy Ct - Saint Johns, FL 32259",
    "location": "St._Johns"
  },
  {
    "name": "Print-A-Shirt custom t-shirts of Jacksonville",
    "description": "Advertising-Promotional Products",
    "phone": "(904) 297-8337",
    "address": " 726 State Road 13 - Saint Johns, FL 32259",
    "location": "St._Johns"
  },
  {
    "name": "aaa-reliable",
    "description": "Advertising-Promotional Products",
    "phone": "(904) 342-2738",
    "address": " 1185 Harmony Dr S - Saint Johns, FL 32259",
    "location": "St._Johns"
  },
  {
    "name": "Fable Heart Media",
    "description": "Advertising Agencies",
    "phone": "(904) 479-1472",
    "address": " 255 Rivertown Shops Dr Ste 102 PMB 126 - Saint Johns, FL 32259",
    "location": "St._Johns"
  },
  {
    "name": "Creative Ad Design Inc",
    "description": "Advertising Agencies",
    "phone": "(904) 696-2391",
    "address": " 627 Rothmoor Ln - Saint Johns, FL 32259",
    "location": "St._Johns"
  },
  {
    "name": "Sundancer Sign Graphics Inc",
    "description": "Signs",
    "phone": "(904) 287-4949",
    "address": " 1216 Creek Bend Rd - Saint Johns, FL 32259",
    "location": "St._Johns"
  },
  {
    "name": "Chalmers Advertising & Design",
    "description": "Advertising Agencies",
    "phone": "(772) 334-7744",
    "address": " 188 Leese Dr - Saint Johns, FL 32259",
    "location": "St._Johns"
  },
  {
    "name": "Xsite Digital, Inc.",
    "description": "Advertising Agencies",
    "phone": "(904) 477-3667",
    "address": " 549 Dandelion Dr - Saint Johns, FL 32259",
    "location": "St._Johns"
  },
  {
    "name": "Media Pros",
    "description": "Advertising Agencies",
    "phone": "(904) 217-7916",
    "address": " 297 Bell Branch Ln - Saint Johns, FL 32259",
    "location": "St._Johns"
  },
  {
    "name": "Merkley Marketing Group",
    "description": "Internet Marketing & Advertising",
    "phone": "(904) 217-3430",
    "address": " 357 Maplewood Dr - Saint Johns, FL 32259",
    "location": "St._Johns"
  },
  {
    "name": "Centerstage Productions Video",
    "description": "Advertising Agencies",
    "phone": "(904) 996-0066",
    "address": " 505 Tupelo Trce - Saint Johns, FL 32259",
    "location": "St._Johns"
  },
  {
    "name": "DRIVEN2WIN",
    "description": "Sales Promotion Service",
    "phone": "(904) 638-7200",
    "address": " 450 State Road 13 Ste 106 - Saint Johns, FL 32259",
    "location": "St._Johns"
  },
  {
    "name": "Howell Signs",
    "description": "Signs",
    "phone": "(904) 287-7549",
    "address": " 430 Fruit Cove Rd - Saint Johns, FL 32259",
    "location": "St._Johns"
  },
  {
    "name": "Signal Staff",
    "description": "Advertising Agencies",
    "phone": "(904) 770-2185",
    "address": " 609 Grand Parke Dr - Saint Johns, FL 32259",
    "location": "St._Johns"
  },
  {
    "name": "Creative Marketing Concpets",
    "description": "Advertising Agencies",
    "phone": "(904) 347-3088",
    "address": " 2220 County Road 210 W - Saint Johns, FL 32259",
    "location": "St._Johns"
  },
  {
    "name": "Smart Card Co",
    "description": "Advertising Agencies",
    "phone": "(904) 374-5188",
    "address": " 865 S Black Cherry Dr - Saint Johns, FL 32259",
    "location": "St._Johns"
  },
  {
    "name": "Embroidery Authority",
    "description": "Advertising-Promotional Products",
    "phone": "(904) 343-3311",
    "address": " 391 S Hampton Club Way - Saint Augustine, FL 32092",
    "location": "St._Johns"
  },
  {
    "name": "Renaissance Digital Marketing",
    "description": "Marketing Consultants",
    "phone": "(904) 844-9426",
    "address": " 109 Nature Walk Pkwy Unit 104 - Saint Augustine, FL 32092",
    "location": "St._Johns"
  },
  {
    "name": "Paypercallus",
    "description": "Advertising Specialties",
    "phone": "(630) 936-7112",
    "address": " 185 Celtic Wedding Dr - Jacksonville, FL 32259",
    "location": "St._Johns"
  },
  {
    "name": "Designasaur",
    "description": "Advertising Agencies",
    "phone": "(817) 442-5353",
    "address": " 320 Glenneyre Cir - Saint Augustine, FL 32092",
    "location": "St._Johns"
  },
  {
    "name": "Lucas Design & Advertising",
    "description": "Advertising Agencies",
    "phone": "(770) 664-1316",
    "address": " 1870 Green Springs Cir - Fleming Island, FL 32003",
    "location": "St._Johns"
  },
  {
    "name": "Creative Advertising",
    "description": "Advertising-Promotional Products",
    "phone": "(904) 689-7053",
    "address": " 4717 Sawbuck St - Saint Augustine, FL 32092",
    "location": "St._Johns"
  },
  {
    "name": "T. Mak's International",
    "description": "Advertising-Promotional Products",
    "phone": "(866) 308-8368",
    "address": " 7076 Davis Creek Rd - Jacksonville, FL 32256",
    "location": "St._Johns"
  },
  {
    "name": "Winning Concepts USA",
    "description": "Advertising-Promotional Products",
    "phone": "(904) 272-9784",
    "address": " 950 Blanding Blvd - Orange Park, FL 32065",
    "location": "St._Johns"
  },
  {
    "name": "Corporate Concepts",
    "description": "Advertising-Promotional Products",
    "phone": "(904) 880-8212",
    "address": " 3826 Olympic Ln - Jacksonville, FL 32223",
    "location": "St._Johns"
  },
  {
    "name": "Shipping Business Service",
    "description": "Advertising-Promotional Products",
    "phone": "(904) 240-1737",
    "address": " 12627 San Jose Blvd - Jacksonville, FL 32223",
    "location": "St._Johns"
  },
  {
    "name": "Florida Specialty Promo",
    "description": "Advertising-Promotional Products",
    "phone": "(904) 367-0044",
    "address": " 5760 Mining Ter - Jacksonville, FL 32257",
    "location": "St._Johns"
  },
  {
    "name": "Discount Promo's Unlimited",
    "description": "Advertising-Promotional Products",
    "phone": "(904) 880-4990",
    "address": " 9768 Sharing Cross Dr - Jacksonville, FL 32257",
    "location": "St._Johns"
  },
  {
    "name": "Forms Plus Promotional Products",
    "description": "Advertising-Promotional Products",
    "phone": "(904) 874-8502",
    "address": " 1120 Park Ave - Orange Park, FL 32073",
    "location": "St._Johns"
  },
  {
    "name": "Logo Xpress - (Logo Express)",
    "description": "Advertising-Promotional Products",
    "phone": "(904) 278-7774",
    "address": " 1831 Golden Eagle Way Ste 32 - Fleming Island, FL 32003",
    "location": "St._Johns"
  },
  {
    "name": "Local Insite Media & Publications",
    "description": "Advertising-Promotional Products",
    "phone": "(904) 900-7718",
    "address": " Po Box 32471 - Jacksonville, FL 32237",
    "location": "St._Johns"
  },
  {
    "name": "The Brand Smart Group",
    "description": "Advertising-Promotional Products",
    "phone": "(904) 221-7300",
    "address": " 10300 Southside Blvd - Jacksonville, FL 32256",
    "location": "St._Johns"
  },
  {
    "name": "Hometown Trophies",
    "description": "Advertising-Promotional Products",
    "phone": "(904) 284-8010",
    "address": " 4376 County Road 15A - Green Cove Springs, FL 32043",
    "location": "St._Johns"
  },
  {
    "name": "Banners & Signs, etc.",
    "description": "Signs",
    "phone": "(904) 272-3395",
    "address": " 1970 Solomon St - Orange Park, FL 32073",
    "location": "St._Johns"
  },
  {
    "name": "Hartmark Advertising Solutions",
    "description": "Advertising Agencies",
    "phone": "(904) 400-4223",
    "address": " 11933 Gran Crique Ct S - Jacksonville, FL 32223",
    "location": "St._Johns"
  },
  {
    "name": "Review Branding TV",
    "description": "Internet Marketing & Advertising",
    "phone": "(904) 222-8925",
    "address": " 6684 Columbia Park Dr S Ste 7 - Jacksonville, FL 32258",
    "location": "St._Johns"
  },
  {
    "name": "SumitSEO",
    "description": "Internet Marketing & Advertising",
    "phone": "(904) 345-0944",
    "address": " 10503 San Jose Blvd Ste 4 - Jacksonville, FL 32257",
    "location": "St._Johns"
  },
  {
    "name": "3-D Courier Services, LLC",
    "description": "Fax Service",
    "phone": "(904) 217-4572",
    "address": " 12443 San Jose Blvd Ste 802-e - Jacksonville, FL 32223",
    "location": "St._Johns"
  },
  {
    "name": "Consult PR, Inc.",
    "description": "Public Relations Counselors",
    "phone": "(561) 444-7265",
    "address": " 12724 Gran Bay Pkwy W - Jacksonville, FL 32258",
    "location": "St._Johns"
  },
  {
    "name": "Liquid Creative - Marketing Agency Jacksonville",
    "description": "Marketing Programs & Services",
    "phone": "(352) 600-5050",
    "address": " 12574 Flagler Center Blvd Ste 101 - Jacksonville, FL 32258",
    "location": "St._Johns"
  },
  {
    "name": "Kesarlong.Com",
    "description": "Advertising Agencies",
    "phone": "(904) 600-3004",
    "address": " 12574 Flagler Center Blvd Ste 101 - Jacksonville, FL 32258",
    "location": "St._Johns"
  },
  {
    "name": "Dagmar Marketing",
    "description": "Marketing Programs & Services",
    "phone": "(904) 270-9778",
    "address": " 12574 Flagler Center Blvd Ste 101 - Jacksonville, FL 32258",
    "location": "St._Johns"
  },
  {
    "name": "Motionbuzz Web Design and Marketing",
    "description": "Web Site Design & Services",
    "phone": "(904) 213-9415",
    "address": " 752 Blanding Blvd Ste 105 - Orange Park, FL 32065",
    "location": "St._Johns"
  },
  {
    "name": "Custom Graphics and Sign Designs Inc",
    "description": "Signs",
    "phone": "(904) 264-7667",
    "address": " 230 Industrial Loop - Orange Park, FL 32073",
    "location": "St._Johns"
  },
  {
    "name": "Sign Talk Graphix",
    "description": "Signs",
    "phone": "(904) 737-9119",
    "address": " 12610 Cachet Dr - Jacksonville, FL 32223",
    "location": "St._Johns"
  },
  {
    "name": "Com South Advertising Inc",
    "description": "Advertising Agencies",
    "phone": "(904) 448-0400",
    "address": " 10175 Fortune Pkwy - Jacksonville, FL 32256",
    "location": "St._Johns"
  },
  {
    "name": "Jet Micro",
    "description": "Advertising Agencies",
    "phone": "(904) 213-8770",
    "address": " 2384 Country Side Dr - Orange Park, FL 32003",
    "location": "St._Johns"
  },
  {
    "name": "Northfloridayardsalecom",
    "description": "Advertising Agencies",
    "phone": "(904) 705-9581",
    "address": " 1963 Belhaven Dr - Orange Park, FL 32065",
    "location": "St._Johns"
  },
  {
    "name": "Rt Publishing",
    "description": "Publishers Representatives",
    "phone": "(904) 886-4919",
    "address": " 12443 San Jose Blvd Ste 403 - Jacksonville, FL 32223",
    "location": "St._Johns"
  },
  {
    "name": "Dm Mincey Marketing Inc",
    "description": "Advertising Agencies",
    "phone": "(904) 880-2720",
    "address": " 12422 Mesa Verde Trl - Jacksonville, FL 32223",
    "location": "St._Johns"
  },
  {
    "name": "Pfc Church Consultants",
    "description": "Advertising Agencies",
    "phone": "(904) 268-8196",
    "address": " 5157 Breezeway Ct - Jacksonville, FL 32258",
    "location": "St._Johns"
  },
  {
    "name": "River City Sign Company",
    "description": "Signs",
    "phone": "(904) 309-6410",
    "address": " 12025 San Jose Blvd Ste 3 - Jacksonville, FL 32223",
    "location": "St._Johns"
  },
  {
    "name": "Red Balloon Agency",
    "description": "Advertising Agencies",
    "phone": "(904) 374-2366",
    "address": " 13241 Bartram Park Blvd - Jacksonville, FL 32258",
    "location": "St._Johns"
  },
  {
    "name": "PFJ Service",
    "description": "Web Site Design & Services",
    "phone": "(904) 204-4442",
    "address": " 7021 Berrybrook Dr - Jacksonville, FL 32258",
    "location": "St._Johns"
  },
  {
    "name": "Search Seek Destroy",
    "description": "Internet Marketing & Advertising",
    "phone": "(904) 469-7335",
    "address": " 11979 Colby Creek Dr - Jacksonville, FL 32258",
    "location": "St._Johns"
  },
  {
    "name": "Web.com",
    "description": "Web Site Design & Services",
    "phone": "(904) 371-6845",
    "address": " 12808 Gran Bay Pkwy W - Jacksonville, FL 32258",
    "location": "St._Johns"
  },
  {
    "name": "Success Marketing Services",
    "description": "Advertising Agencies",
    "phone": "(704) 452-7650",
    "address": " 12724 Gran Bay Pkwy W - Jacksonville, FL 32258",
    "location": "St._Johns"
  },
  {
    "name": "Majority Strategies",
    "description": "Marketing Consultants",
    "phone": "(904) 567-2008",
    "address": " 12854 Kenan Dr - Jacksonville, FL 32258",
    "location": "St._Johns"
  },
  {
    "name": "Oscar Hinojosa Studios Inc",
    "description": "Advertising Agencies",
    "phone": "(904) 260-4348",
    "address": " 11352 Shady Brook Ln - Jacksonville, FL 32223",
    "location": "St._Johns"
  },
  {
    "name": "Sumner Digital",
    "description": "Advertising Agencies",
    "phone": "(904) 239-8401",
    "address": " 11562 Derby Forest Dr - Jacksonville, FL 32258",
    "location": "St._Johns"
  },
  {
    "name": "Spark Inc",
    "description": "Advertising Agencies",
    "phone": "(904) 732-4391",
    "address": " 11111 San Jose Blvd - Jacksonville, FL 32223",
    "location": "St._Johns"
  },
  {
    "name": "Andersen Advertising",
    "description": "Advertising Agencies",
    "phone": "(904) 859-8165",
    "address": " 3355 Claire Ln - Jacksonville, FL 32223",
    "location": "St._Johns"
  },
  {
    "name": "Shop Ameriprodcom",
    "description": "Advertising Agencies",
    "phone": "(904) 262-9004",
    "address": " 2950 Halcyon Ln Ste 503 - Jacksonville, FL 32223",
    "location": "St._Johns"
  },
  {
    "name": "Lists",
    "description": "Mailing Lists",
    "phone": "(904) 733-6106",
    "address": " 2950 Halcyon Ln - Jacksonville, FL 32223",
    "location": "St._Johns"
  },
  {
    "name": "Shimp Sign & Design Inc",
    "description": "Signs",
    "phone": "(904) 268-3335",
    "address": " 11501 Columbia Park Dr W - Jacksonville, FL 32258",
    "location": "St._Johns"
  },
  {
    "name": "Evolution Signs and Print",
    "description": "Signs",
    "phone": "(904) 634-5666",
    "address": " 11672 Philips Hwy - Jacksonville, FL 32256",
    "location": "St._Johns"
  },
  {
    "name": "Creative Environs",
    "description": "Signs",
    "phone": "(904) 616-6516",
    "address": " 11328 Business Park Blvd - Jacksonville, FL 32256",
    "location": "St._Johns"
  },
  {
    "name": "Sundancer Sign Graphics",
    "description": "Signs",
    "phone": "(904) 619-0785",
    "address": " 11259 Business Park Blvd - Jacksonville, FL 32256",
    "location": "St._Johns"
  },
  {
    "name": "LLF Incorporated",
    "description": "Advertising Specialties",
    "phone": "(904) 854-1415",
    "address": " 5570 Florida Mining Blvd S - Jacksonville, FL 32257",
    "location": "St._Johns"
  },
  {
    "name": "Principle Creative",
    "description": "Advertising Agencies",
    "phone": "(904) 880-9595",
    "address": " 9957 Moorings Dr - Jacksonville, FL 32257",
    "location": "St._Johns"
  },
  {
    "name": "Daigle Idea Development Inc",
    "description": "Advertising Agencies",
    "phone": "(904) 880-9595",
    "address": " 9957 Moorings Dr - Jacksonville, FL 32257",
    "location": "St._Johns"
  },
  {
    "name": "Southern Hospitality",
    "description": "Advertising Agencies",
    "phone": "(904) 260-0101",
    "address": " 5220 Shad Rd - Jacksonville, FL 32257",
    "location": "St._Johns"
  },
  {
    "name": "Herff Jones",
    "description": "Product Design, Development & Marketing",
    "phone": "(904) 363-1905",
    "address": " 10175 Fortune Pkwy Unit 506 - Jacksonville, FL 32256",
    "location": "St._Johns"
  },
  {
    "name": "The Data Council",
    "description": "Advertising Agencies",
    "phone": "(904) 512-3200",
    "address": " 7411 Fullerton St - Jacksonville, FL 32256",
    "location": "St._Johns"
  },
  {
    "name": "Logo X-Press",
    "description": "Embroidery",
    "phone": "(904) 278-7774",
    "address": " 2245 Plantation Center Dr - Fleming Island, FL 32003",
    "location": "St._Johns"
  },
  {
    "name": "Pathways Developmental Learning",
    "description": "Advertising Agencies",
    "phone": "(904) 278-9700",
    "address": " 1330 Brookgreen Way - Fleming Island, FL 32003",
    "location": "St._Johns"
  },
  {
    "name": "Sign Spinner Guys",
    "description": "Advertising Specialties",
    "phone": "(888) 985-0598",
    "address": " 1864 Inlet Cove Ct - Fleming Island, FL 32003",
    "location": "St._Johns"
  },
  {
    "name": "Betacom Inc",
    "description": "Internet Marketing & Advertising",
    "phone": "(904) 827-0580",
    "address": " 125 Cumberland Park Dr - Saint Augustine, FL 32095",
    "location": "St._Johns"
  },
  {
    "name": "web904.com, LLC",
    "description": "Advertising Agencies",
    "phone": "(904) 375-0194",
    "address": " 1850 Park Ave. #2 - Orange Park, FL 32073",
    "location": "St._Johns"
  },
  {
    "name": "BrainSell Media, Inc.",
    "description": "Internet Marketing & Advertising",
    "phone": "(248) 672-8812",
    "address": " 4656 Tuscan Wood Ct - Saint Augustine, FL 32092",
    "location": "St._Johns"
  },
  {
    "name": "Web904.Com",
    "description": "Web Site Design & Services",
    "phone": "(904) 505-0305",
    "address": " 1734 Kingsley Ave - Orange Park, FL 32073",
    "location": "St._Johns"
  },
  {
    "name": "Signs and More",
    "description": "Advertising Specialties",
    "phone": "(904) 272-7446",
    "address": " 555 Blanding Blvd - Orange Park, FL 32073",
    "location": "St._Johns"
  },
  {
    "name": "Wild River Digital",
    "description": "Advertising Agencies",
    "phone": "(800) 273-7655",
    "address": " 52 Tuscan Way - Saint Augustine, FL 32092",
    "location": "St._Johns"
  },
  {
    "name": "Embroider Me",
    "description": "Embroidery",
    "phone": "(904) 545-5671",
    "address": " 767 Blanding Blvd - Orange Park, FL 32065",
    "location": "St._Johns"
  },
  {
    "name": "Viani Communications",
    "description": "Advertising Agencies",
    "phone": "(904) 688-0004",
    "address": " 2175 Kingsley Ave - Orange Park, FL 32073",
    "location": "St._Johns"
  },
  {
    "name": "Grafiikka Signs Studios Inc",
    "description": "Signs",
    "phone": "(904) 276-0661",
    "address": " 931 Blanding Blvd - Orange Park, FL 32065",
    "location": "St._Johns"
  },
  {
    "name": "Play to Win Sports Company Inc.",
    "description": "Embroidery",
    "phone": "(904) 735-2800",
    "address": " 331 Parkridge Ave - Orange Park, FL 32065",
    "location": "St._Johns"
  },
  {
    "name": "Signs 'N Stuff",
    "description": "Signs",
    "phone": "(904) 272-2324",
    "address": " 410 Blanding Blvd - Orange Park, FL 32073",
    "location": "St._Johns"
  },
  {
    "name": "Darla J Mayo Signs & Designs",
    "description": "Advertising Specialties",
    "phone": "(904) 626-3064",
    "address": " 3514 Citation Dr - Green Cove Springs, FL 32043",
    "location": "St._Johns"
  },
  {
    "name": "Trm",
    "description": "Advertising Agencies",
    "phone": "(904) 282-8604",
    "address": " 2816 Henley Rd - Green Cove Springs, FL 32043",
    "location": "St._Johns"
  },
  {
    "name": "First Coast Promotions",
    "description": "Advertising-Promotional Products",
    "phone": "(904) 262-9155",
    "address": " 3948 Sunbeam Rd #5 - Jacksonville, FL 32257",
    "location": "St._Johns"
  },
  {
    "name": "Horizon Promotional Prods",
    "description": "Advertising-Promotional Products",
    "phone": "(904) 727-7724",
    "address": " 9612 Sunbeam Center Dr - Jacksonville, FL 32257",
    "location": "St._Johns"
  },
  {
    "name": "World of Products",
    "description": "Advertising-Promotional Products",
    "phone": "(904) 731-5999",
    "address": " 4565 Saint Augustine Rd - Jacksonville, FL 32207",
    "location": "St._Johns"
  },
  {
    "name": "B & B Advertising Inc",
    "description": "Advertising-Promotional Products",
    "phone": "(904) 381-1214",
    "address": " 4749 Ortega Forest Dr - Jacksonville, FL 32210",
    "location": "St._Johns"
  },
  {
    "name": "Florida Specialty Promo Inc",
    "description": "Advertising-Promotional Products",
    "phone": "(904) 367-0044",
    "address": " 4237 Salisbury Rd Ste 401 - Jacksonville, FL 32216",
    "location": "St._Johns"
  },
  {
    "name": "Printing Promotional Partners",
    "description": "Advertising-Promotional Products",
    "phone": "(904) 358-2822",
    "address": " 6320 Saint Augustine Rd - Jacksonville, FL 32217",
    "location": "St._Johns"
  },
  {
    "name": "Sportsvizor",
    "description": "Advertising-Promotional Products",
    "phone": "(904) 330-0738",
    "address": " 2501 Community Rd - Jacksonville, FL 32207",
    "location": "St._Johns"
  },
  {
    "name": "Safeguard",
    "description": "Advertising-Promotional Products",
    "phone": "(904) 739-5995",
    "address": " 3027 Dawn Rd - Jacksonville, FL 32207",
    "location": "St._Johns"
  },
  {
    "name": "ASK Promotions Inc",
    "description": "Advertising-Promotional Products",
    "phone": "(904) 291-1549",
    "address": " 3377 Wilderness Cir - Middleburg, FL 32068",
    "location": "St._Johns"
  },
  {
    "name": "Proforma Dynmark Enterprises",
    "description": "Advertising-Promotional Products",
    "phone": "(904) 291-4847",
    "address": " 3965 Equestrian Ct - Middleburg, FL 32068",
    "location": "St._Johns"
  },
  {
    "name": "Taylor Cotton & Ridley",
    "description": "Advertising-Promotional Products",
    "phone": "(904) 733-0285",
    "address": " 4873 Victor St - Jacksonville, FL 32207",
    "location": "St._Johns"
  },
  {
    "name": "Golf Pointe Corp",
    "description": "Advertising-Promotional Products",
    "phone": "(904) 586-3386",
    "address": " 5756 110th St - Jacksonville, FL 32244",
    "location": "St._Johns"
  },
  {
    "name": "Telehammers",
    "description": "Advertising-Promotional Products",
    "phone": "(904) 236-5332",
    "address": " 9140 Golfside Dr - Jacksonville, FL 32256",
    "location": "St._Johns"
  },
  {
    "name": "First Coast Signs",
    "description": "Advertising-Promotional Products",
    "phone": "(904) 398-3993",
    "address": " 6900 Phillips Hwy Suite 17 - Jacksonville, FL 32216",
    "location": "St._Johns"
  },
  {
    "name": "Metro Promotions & Printing",
    "description": "Advertising-Promotional Products",
    "phone": "(862) 216-0064",
    "address": " 8539 Little Swift Cir - Jacksonville, FL 32256",
    "location": "St._Johns"
  },
  {
    "name": "YP Marketing Solutions",
    "description": "Advertising-Promotional Products",
    "phone": "(904) 288-2957",
    "address": " 4651 Salisbury Rd Ste 300 - Jacksonville, FL 32256",
    "location": "St._Johns"
  },
  {
    "name": "Minuteman Press",
    "description": "Advertising-Promotional Products",
    "phone": "(904) 733-5578",
    "address": " 4185 Sunbeam Rd Ste 100 - Jacksonville, FL 32257",
    "location": "St._Johns"
  },
  {
    "name": "MDE Screen Printing, Embroidery & More, Inc.",
    "description": "Advertising-Promotional Products",
    "phone": "(904) 351-6453",
    "address": " 6123 Philips Hwy Ste 1 - Jacksonville, FL 32216",
    "location": "St._Johns"
  },
  {
    "name": "Adventures in Advertising",
    "description": "Advertising-Promotional Products",
    "phone": "(904) 737-7344",
    "address": " 8130 Baymeadows Cir W - Jacksonville, FL 32256",
    "location": "St._Johns"
  },
  {
    "name": "Image PRO Ad Specialties Inc",
    "description": "Advertising-Promotional Products",
    "phone": "(904) 287-0377",
    "address": " 10920 Baymeadows Rd - Jacksonville, FL 32256",
    "location": "St._Johns"
  },
  {
    "name": "Adventures In Advertising",
    "description": "Advertising-Promotional Products",
    "phone": "(904) 737-7344",
    "address": " 9310 Old Kings Rd S Ste 302 - Jacksonville, FL 32257",
    "location": "St._Johns"
  },
  {
    "name": "Promo Depot",
    "description": "Advertising-Promotional Products",
    "phone": "(904) 470-4196",
    "address": " 8500 Baycenter Rd. Suite 2 - Jacksonville, FL 32256",
    "location": "St._Johns"
  },
  {
    "name": "HF Golf & Promo",
    "description": "Advertising-Promotional Products",
    "phone": "(904) 645-9790",
    "address": " 3027 Dawn Rd - Jacksonville, FL 32207",
    "location": "St._Johns"
  },
  {
    "name": "​Sunshine State Endless Possibilities",
    "description": "Advertising-Promotional Products",
    "phone": "(904) 566-1949",
    "address": " 7055 Blanding Blvd Unit 442075 - Jacksonville, FL 32222",
    "location": "St._Johns"
  },
  {
    "name": "SearchLites",
    "description": "Advertising-Promotional Products",
    "phone": "(904) 395-2539",
    "address": " 6620 Southpoint Dr S - Jacksonville, FL 32216",
    "location": "St._Johns"
  },
  {
    "name": "Alphabet Signs",
    "description": "Signs",
    "phone": "(904) 272-0262",
    "address": " 1268 Blanding Blvd - Orange Park, FL 32065",
    "location": "St._Johns"
  },
  {
    "name": "The Montello Agency",
    "description": "Advertising Agencies",
    "phone": "(904) 737-0012",
    "address": " 9310 Old Kings Rd S - Jacksonville, FL 32257",
    "location": "St._Johns"
  },
  {
    "name": "Shorty's Place in Cyberspace",
    "description": "Advertising Specialties",
    "phone": "(904) 636-0824",
    "address": " 5307 Rollins Ave - Jacksonville, FL 32207",
    "location": "St._Johns"
  },
  {
    "name": "Don Flynn Pictures",
    "description": "Video Production Services",
    "phone": "(904) 274-0548",
    "address": " 6611 Southpoint Pkwy - Jacksonville, FL 32216",
    "location": "St._Johns"
  },
  {
    "name": "FASTSIGNS",
    "description": "Signs",
    "phone": "(904) 443-7446",
    "address": " 8535 Baymeadows Rd Ste 7 - Jacksonville, FL 32256",
    "location": "St._Johns"
  },
  {
    "name": "iHeartMedia",
    "description": "Advertising Agencies",
    "phone": "(904) 636-0507",
    "address": " 8000 Belfort Pkwy - Jacksonville, FL 32256",
    "location": "St._Johns"
  },
  {
    "name": "Exigo Sales and Marketing",
    "description": "Marketing Programs & Services",
    "phone": "(904) 479-6080",
    "address": " 8777 San Jose Blvd - Jacksonville, FL 32217",
    "location": "St._Johns"
  },
  {
    "name": "Thomas Marketing Consulting",
    "description": "Advertising Agencies",
    "phone": "(904) 651-7976",
    "address": " 9250 Baymeadows Rd Ste 450 - Jacksonville, FL 32256",
    "location": "St._Johns"
  },
  {
    "name": "Miller Creative Group",
    "description": "Printers-Screen Printing",
    "phone": "(904) 771-5855",
    "address": " 8725 Youngerman Ct Ste 101 - Jacksonville, FL 32244",
    "location": "St._Johns"
  },
  {
    "name": "RLS Group",
    "description": "Advertising Agencies",
    "phone": "(904) 342-6479",
    "address": " 9424 Baymeadows Rd. Suite 250 - Jacksonville, FL 32256",
    "location": "St._Johns"
  },
  {
    "name": "Money Pages",
    "description": "Directory & Guide Advertising",
    "phone": "(904) 306-0086",
    "address": " 7892 Baymeadows Way - Jacksonville, FL 32256",
    "location": "St._Johns"
  },
  {
    "name": "Caraway Grammel Goldman",
    "description": "Advertising Agencies",
    "phone": "(904) 247-3294",
    "address": " 4899 Belfort Rd - Jacksonville, FL 32256",
    "location": "St._Johns"
  },
  {
    "name": "DiscoverTec",
    "description": "Web Site Design & Services",
    "phone": "(904) 680-3000",
    "address": " 4887 Belfort Rd Ste 400 - Jacksonville, FL 32256",
    "location": "St._Johns"
  },
  {
    "name": "Business Network Designs - Jacksonville",
    "description": "Internet Consultants",
    "phone": "(904) 236-5878",
    "address": " 4651 Salisbury Rd Ste 400 - Jacksonville, FL 32256",
    "location": "St._Johns"
  },
  {
    "name": "Meclabs",
    "description": "Advertising Agencies",
    "phone": "(904) 813-7000",
    "address": " 4651 Salisbury Rd - Jacksonville, FL 32256",
    "location": "St._Johns"
  },
  {
    "name": "Bill Gates Marketing",
    "description": "Marketing Programs & Services",
    "phone": "(904) 635-6200",
    "address": " 4150 Belfort Rd - Jacksonville, FL 32255",
    "location": "St._Johns"
  },
  {
    "name": "The Victory Agency",
    "description": "Internet Marketing & Advertising",
    "phone": "(904) 274-0732",
    "address": " 6034 Chester Ave Ste 107a - Jacksonville, FL 32217",
    "location": "St._Johns"
  },
  {
    "name": "Johannes Signs",
    "description": "Sales Promotion Service",
    "phone": "(904) 364-8869",
    "address": " 4549 Saint Augustine Rd Ste 4549 - Jacksonville, FL 32207",
    "location": "St._Johns"
  },
  {
    "name": "Inspark Digital",
    "description": "Advertising Agencies",
    "phone": "(314) 456-6448",
    "address": " 31 Park Lake Dr - Ponte Vedra, FL 32081",
    "location": "St._Johns"
  },
  {
    "name": "Business Builders",
    "description": "Marketing Programs & Services",
    "phone": "(877) 378-6101",
    "address": " 701 Market St Ste 101 - St Augustine, FL 32095",
    "location": "St._Johns"
  },
  {
    "name": "Fleming Signs & Graphics",
    "description": "Signs",
    "phone": "(904) 214-3265",
    "address": " 4182 County Road 218 Ste 7 - Middleburg, FL 32068",
    "location": "St._Johns"
  },
  {
    "name": "William Sasser & Associates Advertising Agency",
    "description": "Advertising Agencies",
    "phone": "(904) 363-2006",
    "address": " 9127 Philips Hwy - Jacksonville, FL 32256",
    "location": "St._Johns"
  },
  {
    "name": "ADS Advertising Data Scan",
    "description": "Advertising Agencies",
    "phone": "(904) 363-0016",
    "address": " 9127 Philips Hwy - Jacksonville, FL 32256",
    "location": "St._Johns"
  },
  {
    "name": "Southern Hospitality Inc",
    "description": "Advertising Agencies",
    "phone": "(904) 292-1571",
    "address": " 9315 San Jose Blvd - Jacksonville, FL 32257",
    "location": "St._Johns"
  },
  {
    "name": "Money Pages of Florida, Inc.",
    "description": "Advertising Agencies",
    "phone": "(904) 306-0086",
    "address": " 8375 Dix Ellis Trl Ste 201 - Jacksonville, FL 32256",
    "location": "St._Johns"
  },
  {
    "name": "Affiliated Media",
    "description": "Advertising Agencies",
    "phone": "(904) 642-8902",
    "address": " 8133 Baymeadows Way - Jacksonville, FL 32256",
    "location": "St._Johns"
  },
  {
    "name": "Steven & Stephen Advertising",
    "description": "Advertising Agencies",
    "phone": "(904) 737-8171",
    "address": " 7899 Baymeadows Way - Jacksonville, FL 32256",
    "location": "St._Johns"
  },
  {
    "name": "High Line Leads",
    "description": "Advertising Agencies",
    "phone": "(904) 236-6160",
    "address": " 5724 Gasparilla Park Ct - Jacksonville, FL 32244",
    "location": "St._Johns"
  },
  {
    "name": "St John & Partners Advertising & Public Relations",
    "description": "Public Relations Counselors",
    "phone": "(904) 281-2500",
    "address": " 5220 Belfort Rd Ste 400 - Jacksonville, FL 32256",
    "location": "St._Johns"
  },
  {
    "name": "Rebel Distribution Corp",
    "description": "Distributing Service-Circular, Sample, Etc",
    "phone": "(805) 214-0900",
    "address": " 4345 Southpoint Blvd - Jacksonville, FL 32216",
    "location": "St._Johns"
  },
  {
    "name": "Integrated Advertising Inc",
    "description": "Advertising Agencies",
    "phone": "(904) 296-2585",
    "address": " 6817 Southpoint Pkwy Ste 804 - Jacksonville, FL 32216",
    "location": "St._Johns"
  },
  {
    "name": "Island Directory Co",
    "description": "Directory & Guide Advertising",
    "phone": "(904) 285-3974",
    "address": " 280 Odoms Mill Blvd - Ponte Vedra Beach, FL 32082",
    "location": "St._Johns"
  },
  {
    "name": "Advantage Printing Laminating & Signs",
    "description": "Signs",
    "phone": "(904) 737-1613",
    "address": " 4618 Sunbeam Rd - Jacksonville, FL 32257",
    "location": "St._Johns"
  },
  {
    "name": "Simple Signman Inc",
    "description": "Signs",
    "phone": "(904) 641-9444",
    "address": " 8948 Western Way Ste 20 - Jacksonville, FL 32256",
    "location": "St._Johns"
  },
  {
    "name": "Florida Custom Sign and Graphics",
    "description": "Signs",
    "phone": "(904) 731-8834",
    "address": " 8640 Philips Hwy - Jacksonville, FL 32256",
    "location": "St._Johns"
  },
  {
    "name": "Xcl Consulting",
    "description": "Advertising Agencies",
    "phone": "(904) 419-2478",
    "address": " 8813 Nature View Ln W - Jacksonville, FL 32217",
    "location": "St._Johns"
  },
  {
    "name": "ZAG Advertising",
    "description": "Advertising Agencies",
    "phone": "(904) 733-2998",
    "address": " 8547 San Jose Blvd - Jacksonville, FL 32217",
    "location": "St._Johns"
  },
  {
    "name": "Captiview Advertising",
    "description": "Advertising Agencies",
    "phone": "(904) 880-6418",
    "address": " 9802 Baymeadows Rd - Jacksonville, FL 32256",
    "location": "St._Johns"
  },
  {
    "name": "Signworks Instant Signs & Banners",
    "description": "Signs",
    "phone": "(904) 730-3401",
    "address": " 8036 Philips Hwy Ste 3 - Jacksonville, FL 32256",
    "location": "St._Johns"
  },
  {
    "name": "Qinaos Advertising",
    "description": "Advertising Specialties",
    "phone": "(904) 337-1248",
    "address": " 9645 Baymeadows Rd - Jacksonville, FL 32256",
    "location": "St._Johns"
  },
  {
    "name": "Cmts Florida",
    "description": "Advertising Agencies",
    "phone": "(904) 739-9804",
    "address": " 9250 Cypress Green Dr Ste 201 - Jacksonville, FL 32256",
    "location": "St._Johns"
  },
  {
    "name": "First Element",
    "description": "Advertising Agencies",
    "phone": "(904) 860-8245",
    "address": " 9770 Old Baymeadows Rd - Jacksonville, FL 32256",
    "location": "St._Johns"
  },
  {
    "name": "Appmarcom Appmardotcom Appmardotcom",
    "description": "Advertising Agencies",
    "phone": "(904) 551-5337",
    "address": " 7960 Baymeadows Way - Jacksonville, FL 32256",
    "location": "St._Johns"
  },
  {
    "name": "Signs N Stuff",
    "description": "Signs",
    "phone": "(904) 619-6152",
    "address": " 8250 Weybridge Dr - Jacksonville, FL 32244",
    "location": "St._Johns"
  },
  {
    "name": "Onsite",
    "description": "Signs",
    "phone": "(904) 379-3543",
    "address": " 4640 Sub Chaser Ct Unit 108 - Jacksonville, FL 32244",
    "location": "St._Johns"
  },
  {
    "name": "Brookslacayo Advertising",
    "description": "Advertising Agencies",
    "phone": "(904) 470-2300",
    "address": " 7563 Philips Hwy - Jacksonville, FL 32256",
    "location": "St._Johns"
  },
  {
    "name": "Signs N Motion",
    "description": "Signs",
    "phone": "(904) 646-4440",
    "address": " 8110 Cypress Plaza Dr Ste 305 - Jacksonville, FL 32256",
    "location": "St._Johns"
  },
  {
    "name": "Guardian Signs & Lighting",
    "description": "Advertising Specialties",
    "phone": "(904) 680-0860",
    "address": " 7380 Philips Hwy - Jacksonville, FL 32256",
    "location": "St._Johns"
  },
  {
    "name": "Tway, B G",
    "description": "Advertising Specialties",
    "phone": "(904) 641-1766",
    "address": " 7845 Hollyridge Rd - Jacksonville, FL 32256",
    "location": "St._Johns"
  },
  {
    "name": "Clinical Research Conslnts",
    "description": "Advertising Agencies",
    "phone": "(904) 778-2284",
    "address": " 7855 Argyle Forest Blvd Ste 906 - Jacksonville, FL 32244",
    "location": "St._Johns"
  },
  {
    "name": "Pcr Agency",
    "description": "Advertising Agencies",
    "phone": "(904) 923-2062",
    "address": " 7235 Bentley Rd - Jacksonville, FL 32256",
    "location": "St._Johns"
  },
  {
    "name": "Signsand More",
    "description": "Advertising Specialties",
    "phone": "(904) 518-5909",
    "address": " 6300 Yukon Rd - Jacksonville, FL 32244",
    "location": "St._Johns"
  },
  {
    "name": "Venture Management",
    "description": "Advertising Agencies",
    "phone": "(904) 270-8800",
    "address": " 7035 Philips Hwy - Jacksonville, FL 32216",
    "location": "St._Johns"
  },
  {
    "name": "Spectrum Signs and Graphics",
    "description": "Signs",
    "phone": "(904) 281-9999",
    "address": " 6950 Philips Hwy Ste 7 - Jacksonville, FL 32216",
    "location": "St._Johns"
  },
  {
    "name": "Gartner, Herb",
    "description": "Advertising Agencies",
    "phone": "(904) 733-2457",
    "address": " 6944 Saint Augustine Rd - Jacksonville, FL 32217",
    "location": "St._Johns"
  },
  {
    "name": "Focus on Jacksonville",
    "description": "Advertising Agencies",
    "phone": "(904) 733-2457",
    "address": " 6944 Saint Augustine Rd - Jacksonville, FL 32217",
    "location": "St._Johns"
  },
  {
    "name": "Second Floor Marketing",
    "description": "Marketing Programs & Services",
    "phone": "(904) 551-1459",
    "address": " 6736 La Loma Dr - Jacksonville, FL 32217",
    "location": "St._Johns"
  },
  {
    "name": "The Capital Company",
    "description": "Advertising Agencies",
    "phone": "(904) 338-9408",
    "address": " 6653 Powers Ave - Jacksonville, FL 32217",
    "location": "St._Johns"
  },
  {
    "name": "Harrington Design",
    "description": "Designers-Industrial & Commercial",
    "phone": "(904) 398-5700",
    "address": " 6620 Southpoint Dr S - Jacksonville, FL 32216",
    "location": "St._Johns"
  },
  {
    "name": "Adtheorent",
    "description": "Advertising Agencies",
    "phone": "(904) 683-6463",
    "address": " 4237 Salisbury Rd Ste 111 - Jacksonville, FL 32216",
    "location": "St._Johns"
  },
  {
    "name": "Simple Signman",
    "description": "Signs",
    "phone": "(904) 641-8822",
    "address": " 6602 Executive Park Ct N Ste 206 - Jacksonville, FL 32216",
    "location": "St._Johns"
  },
  {
    "name": "Cca Strategies",
    "description": "Advertising Agencies",
    "phone": "(904) 620-6590",
    "address": " 6821 Southpoint Dr N - Jacksonville, FL 32216",
    "location": "St._Johns"
  },
  {
    "name": "Hester Group",
    "description": "Advertising Agencies",
    "phone": "(904) 739-2338",
    "address": " 6320 Saint Augustine Rd - Jacksonville, FL 32217",
    "location": "St._Johns"
  },
  {
    "name": "TSR Inc",
    "description": "Advertising Agencies",
    "phone": "(904) 279-1671",
    "address": " 4121 Southpoint Blvd - Jacksonville, FL 32216",
    "location": "St._Johns"
  },
  {
    "name": "Southern Woods Inc",
    "description": "Signs",
    "phone": "(904) 733-1828",
    "address": " 6141 Chester Ave - Jacksonville, FL 32217",
    "location": "St._Johns"
  },
  {
    "name": "Lamar Long, Inc.",
    "description": "Signs",
    "phone": "(904) 733-5122",
    "address": " 6141 Chester Ave - Jacksonville, FL 32217",
    "location": "St._Johns"
  },
  {
    "name": "Powels Gators Signs",
    "description": "Advertising Specialties",
    "phone": "(904) 771-1499",
    "address": " 5102 Timuquana Rd - Jacksonville, FL 32210",
    "location": "St._Johns"
  },
  {
    "name": "All Forms Laminating",
    "description": "Advertising Agencies",
    "phone": "(615) 383-0900",
    "address": " 6440 Southpoint Pkwy - Jacksonville, FL 32216",
    "location": "St._Johns"
  },
  {
    "name": "Custom Designs Signs & Printing, Inc.",
    "description": "Signs",
    "phone": "(904) 733-5646",
    "address": " 6000 Philips Hwy Ste 1 - Jacksonville, FL 32216",
    "location": "St._Johns"
  },
  {
    "name": "Media Design Jax",
    "description": "Print Advertising",
    "phone": "(904) 636-5131",
    "address": " 5569 Bowden Rd Ste 5569 - Jacksonville, FL 32216",
    "location": "St._Johns"
  },
  {
    "name": "T N One",
    "description": "Advertising Agencies",
    "phone": "(904) 619-9427",
    "address": " 9367 Prosperity Lake Dr - Jacksonville, FL 32244",
    "location": "St._Johns"
  },
  {
    "name": "Great Images",
    "description": "Advertising Specialties",
    "phone": "(904) 636-7526",
    "address": " 4910 Victor St - Jacksonville, FL 32207",
    "location": "St._Johns"
  },
  {
    "name": "William G Schmidt Advertising",
    "description": "Advertising Agencies",
    "phone": "(904) 384-7000",
    "address": " 4814 Algonquin Ave - Jacksonville, FL 32210",
    "location": "St._Johns"
  },
  {
    "name": "Broadus Matthew Advertising",
    "description": "Signs",
    "phone": "(904) 396-6950",
    "address": " 2139 Nickerson Ln - Jacksonville, FL 32207",
    "location": "St._Johns"
  },
  {
    "name": "Go Media Group",
    "description": "Advertising Agencies",
    "phone": "(904) 476-7720",
    "address": " 204 Pinewoods St - Ponte Vedra Beach, FL 32081",
    "location": "St._Johns"
  },
  {
    "name": "Richard Neukranz & Associates HBB",
    "description": "Advertising Agencies",
    "phone": "(904) 686-2533",
    "address": " 273 Outlook Dr - Ponte Vedra Beach, FL 32081",
    "location": "St._Johns"
  },
  {
    "name": "Eric Kronfrost",
    "description": "Directory & Guide Advertising",
    "phone": "(904) 527-1688",
    "address": " 3204 Wandering Oaks Dr - Orange Park, FL 32065",
    "location": "St._Johns"
  },
  {
    "name": "Fleming Signs and Graphics",
    "description": "Signs",
    "phone": "(904) 214-3265",
    "address": " 2494 Blanding Blvd Ste 10 - Middleburg, FL 32068",
    "location": "St._Johns"
  },
  {
    "name": "R Elliott Estey Inc",
    "description": "Advertising Agencies",
    "phone": "(904) 282-7780",
    "address": " 4000 Lazy Acres Rd - Middleburg, FL 32068",
    "location": "St._Johns"
  },
  {
    "name": "Revision Marketing LLC",
    "description": "Marketing Programs & Services",
    "phone": "(904) 214-4929",
    "address": " 4058 Everett Ave - Middleburg, FL 32068",
    "location": "St._Johns"
  },
  {
    "name": "Unlimited Signs",
    "description": "Signs",
    "phone": "(904) 282-5340",
    "address": " 4213 County Road 218 - Middleburg, FL 32068",
    "location": "St._Johns"
  },
  {
    "name": "Grace Graphics",
    "description": "Graphic Designers",
    "phone": "(904) 291-3672",
    "address": " 4219 County Road 218 - Middleburg, FL 32068",
    "location": "St._Johns"
  },
  {
    "name": "Bella Vision Custom Print and Gift",
    "description": "Advertising-Promotional Products",
    "phone": "(904) 258-0813",
    "address": " 8595 Beach Boulevard - Jacksonville, FL 32216",
    "location": "St._Johns"
  },
  {
    "name": "The Blue Book",
    "description": "Directory & Guide Advertising",
    "phone": "(904) 854-8050",
    "address": " 2902 Corinthian Ave - Jacksonville, FL 32210",
    "location": "St._Johns"
  },
  {
    "name": "Signs By Dillon",
    "description": "Signs",
    "phone": "(904) 389-0804",
    "address": " 3420 Lake Shore Blvd - Jacksonville, FL 32210",
    "location": "St._Johns"
  },
  {
    "name": "Jax Media",
    "description": "Advertising Agencies",
    "phone": "(904) 683-6182",
    "address": " 2317 Blanding Blvd Ste 101 - Jacksonville, FL 32210",
    "location": "St._Johns"
  },
  {
    "name": "All 3 Electric Inc",
    "description": "Signs",
    "phone": "(904) 547-2156",
    "address": " 3530 Agricultural Center Dr - Saint Augustine, FL 32092",
    "location": "St._Johns"
  },
  {
    "name": "Etch Masters Of Jax",
    "description": "Advertising-Promotional Products",
    "phone": "(904) 717-5669",
    "address": " 7308 N Pearl St - Jacksonville, FL 32208",
    "location": "St._Johns"
  }
]
