[
  {
    "name": "Phuture",
    "description": "Clothing Stores",
    "phone": "(888) 748-8873",
    "address": "street: 255 Primer location: Sanford, FL 32771"
  },
  {
    "name": "Bodycandy.com",
    "description": "Clothing Stores",
    "phone": "(877) 829-5191",
    "address": "street: N/A location: N/A"
  },
  {
    "name": "Citi Trends",
    "description": "Clothing Stores",
    "phone": "(904) 750-3664",
    "address": "street: 2921 S Orlando Dr Ste 230 location: Sanford, FL 32773"
  },
  {
    "name": "Stuph Clothing",
    "description": "Clothing Stores",
    "phone": "(407) 581-1240",
    "address": "street: 111 E 1st St location: Sanford, FL 32771"
  },
  {
    "name": "1st Trend Apparel",
    "description": "Clothing Stores",
    "phone": "(321) 325-0706",
    "address": "street: N/A location: Lake Mary, FL 32795"
  },
  {
    "name": "RM Elegant Original Woman",
    "description": "Clothing Stores",
    "phone": "(407) 493-5027",
    "address": "street: N/A location: N/A"
  },
  {
    "name": "A Bit Of Everything",
    "description": "Clothing Stores",
    "phone": "(407) 330-8160",
    "address": "street: N/A location: N/A"
  },
  {
    "name": "Floirda Sportswear",
    "description": "Clothing Stores",
    "phone": "(407) 321-5354",
    "address": "street: 1910 S Park Ave location: Sanford, FL 32771"
  },
  {
    "name": "Professional Images",
    "description": "Clothing Stores",
    "phone": "(561) 626-8897",
    "address": "street: N/A location: N/A"
  },
  {
    "name": "Rainbow Shops",
    "description": "Clothing Stores",
    "phone": "(407) 323-9285",
    "address": "street: 3613 S Orlando Dr location: Sanford, FL 32773"
  },
  {
    "name": "Hot Topic",
    "description": "Clothing Stores",
    "phone": "(407) 330-7307",
    "address": "street: 269 Towne Center Cir location: Sanford, FL 32771"
  },
  {
    "name": "Rue 21",
    "description": "Clothing Stores",
    "phone": "(407) 323-0946",
    "address": "street: 3701 S Orlando Dr Ste 100 location: Sanford, FL 32773"
  },
  {
    "name": "Dixie Heritage",
    "description": "Clothing Stores",
    "phone": "(407) 942-3245",
    "address": "street: 200 Towne Center Cir Ste 177 location: Sanford, FL 32771"
  },
  {
    "name": "Urban Appeal",
    "description": "Clothing Stores",
    "phone": "(407) 878-1236",
    "address": "street: 3699 S Orlando Dr location: Sanford, FL 32773"
  },
  {
    "name": "Old Navy",
    "description": "Clothing Stores",
    "phone": "(407) 322-1847",
    "address": "street: 1701 Wp Ball Blvd location: Sanford, FL 32771"
  },
  {
    "name": "Bealls Department Store",
    "description": "Clothing Stores",
    "phone": "(407) 321-1147",
    "address": "street: 221 Towne Center Blvd location: Sanford, FL 32771"
  },
  {
    "name": "Burlington Coat Factory",
    "description": "Clothing Stores",
    "phone": "(407) 688-8785",
    "address": "street: 1301 Wp Ball Blvd location: Sanford, FL 32771"
  },
  {
    "name": "Rock Stop",
    "description": "Clothing Stores",
    "phone": "(321) 926-3159",
    "address": "street: 173 Towne Center Cir location: Sanford, FL 32771"
  },
  {
    "name": "Tilly's",
    "description": "Clothing Stores",
    "phone": "(407) 321-0711",
    "address": "street: 209 Towne Center Cir location: Sanford, FL 32771"
  },
  {
    "name": "Hollister",
    "description": "Clothing Stores",
    "phone": "(407) 302-5152",
    "address": "street: 235 Towne Center Cir location: Sanford, FL 32771"
  },
  {
    "name": "PacSun",
    "description": "Clothing Stores",
    "phone": "(407) 324-1339",
    "address": "street: 200 Towne Center Cir location: Sanford, FL 32771"
  },
  {
    "name": "Cotton On",
    "description": "Clothing Stores",
    "phone": "(407) 322-8158",
    "address": "street: 200 Towne Center Cir location: Sanford, FL 32771"
  },
  {
    "name": "Jimmy Jazz",
    "description": "Clothing Stores",
    "phone": "(407) 323-8027",
    "address": "street: 200 Towne Center Cir location: Sanford, FL 32771"
  },
  {
    "name": "Chic Frenzy",
    "description": "Clothing Stores",
    "phone": "(407) 942-3537",
    "address": "street: 200 Towne Center Cir location: Sanford, FL 32771"
  },
  {
    "name": "Snipes",
    "description": "Clothing Stores",
    "phone": "(407) 323-8027",
    "address": "street: 200 Towne Center Cir Spc F03A location: Sanford, FL 32771"
  },
  {
    "name": "Buckle",
    "description": "Clothing Stores",
    "phone": "(407) 322-5910",
    "address": "street: 259 Towne Center Cir location: Sanford, FL 32771"
  },
  {
    "name": "Tommy Hilfiger",
    "description": "Clothing Stores",
    "phone": "(407) 328-3300",
    "address": "street: 330 Towne Center Cir location: Sanford, FL 32771"
  },
  {
    "name": "Silver Moon Creations Inc",
    "description": "Clothing Stores",
    "phone": "(407) 732-4734",
    "address": "street: 130 Keyes Ave location: Sanford, FL 32773"
  },
  {
    "name": "Express",
    "description": "Clothing Stores",
    "phone": "(407) 792-0138",
    "address": "street: 130 Towne Center Cir location: Sanford, FL 32771"
  },
  {
    "name": "H&M",
    "description": "Clothing Stores",
    "phone": "(855) 466-7467",
    "address": "street: 117 Towne Center Cir location: Sanford, FL 32771"
  },
  {
    "name": "American Eagle Outfitters",
    "description": "Clothing Stores",
    "phone": "(407) 324-3595",
    "address": "street: 165 Towne Center Cir location: Sanford, FL 32771"
  },
  {
    "name": "Aeropostale",
    "description": "Clothing Stores",
    "phone": "(407) 321-3918",
    "address": "street: 268 Towne Center Cir location: Sanford, FL 32771"
  },
  {
    "name": "Tinkas Closet",
    "description": "Clothing Stores",
    "phone": "(407) 322-1229",
    "address": "street: 4932 W State Road 46 Ste 1036 location: Sanford, FL 32771"
  },
  {
    "name": "Dudes and Dolls Clothing & Accessories",
    "description": "Clothing Stores",
    "phone": "(844) 676-2455",
    "address": "street: 101 Integra Village Trl Apt 129 location: Sanford, FL 32771"
  },
  {
    "name": "4th and Ocean",
    "description": "Clothing Stores",
    "phone": "(407) 878-6656",
    "address": "street: 142 W Lakeview Ave Ste 1030 PMB 4 location: Lake Mary, FL 32746"
  },
  {
    "name": "Jagger Couture",
    "description": "Clothing Stores",
    "phone": "(407) 878-7202",
    "address": "street: 136 N 4th St location: Lake Mary, FL 32746"
  },
  {
    "name": "Tees Me Apparel",
    "description": "Clothing Stores",
    "phone": "(407) 574-4564",
    "address": "street: 1636 N Ronald Reagan Blvd location: Longwood, FL 32750"
  },
  {
    "name": "Dolphin Style",
    "description": "Clothing Stores",
    "phone": "(407) 720-8393",
    "address": "street: 233 Meadow Beauty Ter location: Sanford, FL 32771"
  },
  {
    "name": "Why So Serious?",
    "description": "Clothing Stores",
    "phone": "(407) 780-5497",
    "address": "street: 2518 Bullion Loop location: Sanford, FL 32771"
  },
  {
    "name": "T.J. Maxx & HomeGoods",
    "description": "Clothing Stores",
    "phone": "(407) 322-1776",
    "address": "street: 3899 W Lake Mary Blvd location: Lake Mary, FL 32746"
  },
  {
    "name": "HBCU BABY, LLC.",
    "description": "Clothing Stores",
    "phone": "(877) 288-0953",
    "address": "street: 255 Primera Blvd Ste 160 location: Lake Mary, FL 32746"
  },
  {
    "name": "Jocey's Closet",
    "description": "Clothing Stores",
    "phone": "(407) 302-8713",
    "address": "street: 950 Cherry Branch Ct location: Lake Mary, FL 32746"
  },
  {
    "name": "Butafrog Inc",
    "description": "Clothing Stores",
    "phone": "(407) 402-2580",
    "address": "street: 407 Timberwalk Ln location: Lake Mary, FL 32746"
  },
  {
    "name": "2Sistersknitting 2012",
    "description": "Clothing Stores",
    "phone": "(407) 687-3368",
    "address": "street: 272 Debary Dr location: Debary, FL 32713"
  },
  {
    "name": "Debbie's Dance Boutique Inc",
    "description": "Clothing Stores",
    "phone": "(386) 668-1660",
    "address": "street: 3063 Enterprise Rd location: Debary, FL 32713"
  },
  {
    "name": "Fix, Your Fashion",
    "description": "Clothing Stores",
    "phone": "(386) 742-7440",
    "address": "street: 11 S Charles Richard Beall Blvd location: Debary, FL 32713"
  },
  {
    "name": "All Exclusive Fashion Inc",
    "description": "Clothing Stores",
    "phone": "(386) 668-6780",
    "address": "street: 895 Diplomat Dr location: Debary, FL 32713"
  },
  {
    "name": "Drop D Merchandising",
    "description": "Clothing Stores",
    "phone": "(407) 677-0202",
    "address": "street: 1255 Belle Ave location: Winter Springs, FL 32708"
  },
  {
    "name": "T P Merchandises",
    "description": "Clothing Stores",
    "phone": "(407) 960-1876",
    "address": "street: 840 Laura St location: Casselberry, FL 32707"
  },
  {
    "name": "Lularoe Adeline Blackburn",
    "description": "Clothing Stores",
    "phone": "(321) 299-3069",
    "address": "street: 2631 Harry Ave location: Orange City, FL 32763"
  },
  {
    "name": "Style Rack",
    "description": "Clothing Stores",
    "phone": "(386) 456-0550",
    "address": "street: 937 Harley Strickland Blvd location: Orange City, FL 32763"
  },
  {
    "name": "Sew Right",
    "description": "Clothing Stores",
    "phone": "(407) 963-5301",
    "address": "street: 214 Slade Dr location: Longwood, FL 32750"
  },
  {
    "name": "Old Dock Apparel",
    "description": "Clothing Stores",
    "phone": "(407) 282-7705",
    "address": "street: 975 Florida Central Pkwy location: Longwood, FL 32750"
  },
  {
    "name": "1 Stop Print Shop",
    "description": "Clothing Stores",
    "phone": "(407) 331-3211",
    "address": "street: 530 S Ronald Reagan Blvd location: Longwood, FL 32750"
  },
  {
    "name": "Ground & Pound Athletic Wear",
    "description": "Clothing Stores",
    "phone": "(407) 772-4829",
    "address": "street: 1881 S US Highway 17 92 location: Longwood, FL 32750"
  },
  {
    "name": "Sweetheartz Fashions",
    "description": "Clothing Stores",
    "phone": "(407) 831-1010",
    "address": "street: 372 State Road 436 location: Casselberry, FL 32707"
  },
  {
    "name": "Belle Brands Consignment",
    "description": "Clothing Stores",
    "phone": "(407) 437-9675",
    "address": "street: 1161 E Altamonte Dr location: Altamonte Springs, FL 32701"
  },
  {
    "name": "Buzzie Bee Scrubs LLC",
    "description": "Clothing Stores",
    "phone": "(407) 967-5253",
    "address": "street: 2290 S Volusia Ave Ste E1 location: Orange City, FL 32763"
  },
  {
    "name": "None None",
    "description": "Clothing Stores",
    "phone": "(321) 203-2627",
    "address": "street: 1372 Bennett Dr location: Longwood, FL 32750"
  },
  {
    "name": "Hoop Culture, Inc.",
    "description": "Clothing Stores",
    "phone": "(321) 203-2627",
    "address": "street: 1372 Bennett Dr Unit 164 location: Longwood, FL 32750"
  },
  {
    "name": "Rue 21",
    "description": "Clothing Stores",
    "phone": "(386) 851-0047",
    "address": "street: 937 Harley Strickland Blvd location: Orange City, FL 32763"
  },
  {
    "name": "Sew Right",
    "description": "Clothing Stores",
    "phone": "(407) 963-5301",
    "address": "street: 214 Slade Dr location: Longwood, FL 32750"
  },
  {
    "name": "Old Dock Apparel",
    "description": "Clothing Stores",
    "phone": "(407) 282-7705",
    "address": "street: 975 Florida Central Pkwy location: Longwood, FL 32750"
  },
  {
    "name": "1 Stop Print Shop",
    "description": "Clothing Stores",
    "phone": "(407) 331-3211",
    "address": "street: 530 S Ronald Reagan Blvd location: Longwood, FL 32750"
  },
  {
    "name": "Ground & Pound Athletic Wear",
    "description": "Clothing Stores",
    "phone": "(407) 772-4829",
    "address": "street: 1881 S US Highway 17 92 location: Longwood, FL 32750"
  },
  {
    "name": "Sweetheartz Fashions",
    "description": "Clothing Stores",
    "phone": "(407) 831-1010",
    "address": "street: 372 State Road 436 location: Casselberry, FL 32707"
  },
  {
    "name": "Belle Brands Consignment",
    "description": "Clothing Stores",
    "phone": "(407) 437-9675",
    "address": "street: 1161 E Altamonte Dr location: Altamonte Springs, FL 32701"
  },
  {
    "name": "Rue 21",
    "description": "Clothing Stores",
    "phone": "(386) 774-5766",
    "address": "street: 937 Hrlystrklnd Blv St700 location: Orange City, FL 32763"
  },
  {
    "name": "Buzzie Bee Scrubs LLC",
    "description": "Clothing Stores",
    "phone": "(407) 967-5253",
    "address": "street: 2290 S Volusia Ave Ste E1 location: Orange City, FL 32763"
  },
  {
    "name": "None None",
    "description": "Clothing Stores",
    "phone": "(321) 203-2627",
    "address": "street: 1372 Bennett Dr location: Longwood, FL 32750"
  },
  {
    "name": "Hoop Culture, Inc.",
    "description": "Clothing Stores",
    "phone": "(321) 203-2627",
    "address": "street: 1372 Bennett Dr Unit 164 location: Longwood, FL 32750"
  },
  {
    "name": "T.J. Maxx",
    "description": "Clothing Stores",
    "phone": "(407) 671-0851",
    "address": "street: 1455 Semoran Boulevard location: Casselberry, FL 32707"
  },
  {
    "name": "Harriett's Closet",
    "description": "Clothing Stores",
    "phone": "(413) 387-8668",
    "address": "street: 210 River Bend Ct location: Longwood, FL 32779"
  },
  {
    "name": "Express",
    "description": "Clothing Stores",
    "phone": "(407) 971-9504",
    "address": "street: 1485 Oviedo Mall Blvd location: Oviedo, FL 32765"
  },
  {
    "name": "Tommy Hilfiger",
    "description": "Clothing Stores",
    "phone": "(407) 971-7245",
    "address": "street: 1400 Oviedo Mall Blvd location: Oviedo, FL 32765"
  },
  {
    "name": "Kristens Shopping Boutique",
    "description": "Clothing Stores",
    "phone": "(407) 951-7845",
    "address": "street: 1110 Douglas Ave location: Altamonte Springs, FL 32714"
  },
  {
    "name": "PacSun",
    "description": "Clothing Stores",
    "phone": "(407) 977-0589",
    "address": "street: 1315 Oviedo Mall Blvd location: Oviedo, FL 32765"
  },
  {
    "name": "Hunnii Bee the Swarm",
    "description": "Clothing Stores",
    "phone": "(386) 218-0483",
    "address": "street: 1371 Bladon Ave location: Deltona, FL 32738"
  },
  {
    "name": "Charlotte Russe",
    "description": "Clothing Stores",
    "phone": "(407) 977-1083",
    "address": "street: 1640 Oviedo Mall Blvd location: Oviedo, FL 32765"
  },
  {
    "name": "Hot Topic",
    "description": "Clothing Stores",
    "phone": "(407) 971-6260",
    "address": "street: 1700 Oviedo Mall Blvd location: Oviedo, FL 32765"
  },
  {
    "name": "World of Alterations & More",
    "description": "Clothing Stores",
    "phone": "(407) 260-9799",
    "address": "street: 628 Wilshire Dr location: Casselberry, FL 32707"
  },
  {
    "name": "T.J. Maxx",
    "description": "Clothing Stores",
    "phone": "(407) 971-4040",
    "address": "street: 1115 Vidina Pl location: Oviedo, FL 32765"
  },
  {
    "name": "Clothes Mentor",
    "description": "Clothing Stores",
    "phone": "(407) 960-3780",
    "address": "street: 1052 Montgomery Rd location: Altamonte Springs, FL 32714"
  },
  {
    "name": "Your CBD Store - Longwood, FL",
    "description": "Clothing Stores",
    "phone": "(321) 444-6320",
    "address": "street: 2628 W State Road 434 location: Longwood, FL 32779"
  },
  {
    "name": "Synergy Screen Printing",
    "description": "Clothing Stores",
    "phone": "(407) 719-0914",
    "address": "street: 490 North St location: Longwood, FL 32750"
  },
  {
    "name": "Banana Republic",
    "description": "Clothing Stores",
    "phone": "(407) 834-0900",
    "address": "street: 451 E Altamonte Dr location: Altamonte Springs, FL 32701"
  },
  {
    "name": "H&M",
    "description": "Clothing Stores",
    "phone": "(407) 263-3059",
    "address": "street: 451 E Altamonte Dr location: Altamonte Springs, FL 32701"
  },
  {
    "name": "Guess",
    "description": "Clothing Stores",
    "phone": "(407) 260-1185",
    "address": "street: 451 E Altamonte Dr Ste 2433 location: Altamonte Springs, FL 32701"
  },
  {
    "name": "Buckle",
    "description": "Clothing Stores",
    "phone": "(407) 830-7588",
    "address": "street: 451 E Altamonte Dr location: Altamonte Springs, FL 32701"
  },
  {
    "name": "T.J. Maxx",
    "description": "Clothing Stores",
    "phone": "(386) 822-9590",
    "address": "street: 2615 S Woodland Blvd location: Deland, FL 32720"
  },
  {
    "name": "Stein Mart",
    "description": "Clothing Stores",
    "phone": "(407) 869-0700",
    "address": "street: 995 N State Road 434 location: Altamonte Springs, FL 32714"
  },
  {
    "name": "Galaxy Screen Printing Inc",
    "description": "Clothing Stores",
    "phone": "(407) 401-7348",
    "address": "street: 925 Sunshine Ln Suite 1040 location: Altamonte Springs, FL 32714"
  },
  {
    "name": "Bellys Babies & Beyond",
    "description": "Clothing Stores",
    "phone": "(407) 786-5437",
    "address": "street: 924 W State Road 436 location: Altamonte Springs, FL 32714"
  },
  {
    "name": "Aeropostale",
    "description": "Clothing Stores",
    "phone": "(407) 830-4105",
    "address": "street: 451 E Altamonte Dr location: Altamonte Springs, FL 32701"
  },
  {
    "name": "Charlotte Tilbury",
    "description": "Clothing Stores",
    "phone": "(407) 265-6101",
    "address": "street: 451 E Altamonte Dr Ste 2223 location: Altamonte Springs, FL 32701"
  },
  {
    "name": "Rainbow",
    "description": "Clothing Stores",
    "phone": "(407) 262-0044",
    "address": "street: 451 E Altamonte Dr location: Altamonte Springs, FL 32701"
  },
  {
    "name": "Rue 21",
    "description": "Clothing Stores",
    "phone": "(321) 207-0017",
    "address": "street: 451 E Altamonte Dr Ste 1385 location: Altamonte Springs, FL 32701"
  },
  {
    "name": "Tommy Hilfiger",
    "description": "Clothing Stores",
    "phone": "(407) 830-2245",
    "address": "street: 451 E Altamonte Dr location: Altamonte Springs, FL 32701"
  },
  {
    "name": "Cotton On",
    "description": "Clothing Stores",
    "phone": "(407) 349-1621",
    "address": "street: 451 E Altamonte Dr location: Altamonte Springs, FL 32701"
  },
  {
    "name": "Abercrombie & Fitch",
    "description": "Clothing Stores",
    "phone": "(407) 834-2009",
    "address": "street: 451 E Altamonte Dr Ste 1329 location: Altamonte Springs, FL 32701"
  },
  {
    "name": "Burlington Coat Factory",
    "description": "Clothing Stores",
    "phone": "(407) 830-5216",
    "address": "street: 130A E Altamonte Dr location: Altamonte Springs, FL 32701"
  },
  {
    "name": "C & C Tee Shirts",
    "description": "Clothing Stores",
    "phone": "(321) 233-3252",
    "address": "street: 2109 N Volusia Ave location: Orange City, FL 32763"
  },
  {
    "name": "Burlington Coat Factory",
    "description": "Clothing Stores",
    "phone": "(689) 209-1967",
    "address": "street: 1455 State Road 436 Ste 251 location: Casselberry, FL 32707"
  },
  {
    "name": "T.J.Maxx",
    "description": "Clothing Stores",
    "phone": "(407) 671-0851",
    "address": "street: 1455 State Road 436 location: Casselberry, FL 32707"
  },
  {
    "name": "Stein Mart",
    "description": "Clothing Stores",
    "phone": "(407) 671-2540",
    "address": "street: 1455 State Road 436 location: Casselberry, FL 32707"
  },
  {
    "name": "Rainbow Shops",
    "description": "Clothing Stores",
    "phone": "(407) 681-1658",
    "address": "street: 5490 Ensor Ter location: Winter Park, FL 32792"
  },
  {
    "name": "Amy's Walk-In Closet Consignment Shop",
    "description": "Clothing Stores",
    "phone": "(407) 282-4291",
    "address": "street: 677 North Orlando Ave location: Maitland, FL 32751"
  },
  {
    "name": "Longs Master Taylor",
    "description": "Clothing Stores",
    "phone": "(407) 790-4762",
    "address": "street: 679 N Orlando Ave location: Maitland, FL 32751"
  },
  {
    "name": "Camy Couture",
    "description": "Clothing Stores",
    "phone": "(407) 834-3144",
    "address": "street: 955 W State Road 436 location: Altamonte Springs, FL 32714"
  },
  {
    "name": "T.J. Maxx",
    "description": "Clothing Stores",
    "phone": "(407) 786-7001",
    "address": "street: 380 S State Road 434 location: Altamonte Springs, FL 32714"
  },
  {
    "name": "Express One",
    "description": "Clothing Stores",
    "phone": "(407) 657-7511",
    "address": "street: 1890 State Road 436 Ste 273 location: Winter Park, FL 32792"
  },
  {
    "name": "sweet repeats of oviedo",
    "description": "Clothing Stores",
    "phone": "(407) 359-0099",
    "address": "street: 1949 County Rd 419, suite #1241 location: Oviedo, FL 32766"
  },
  {
    "name": "Ipanema Fashion",
    "description": "Clothing Stores",
    "phone": "(407) 331-1167",
    "address": "street: 430 E Packwood Ave location: Maitland, FL 32751"
  },
  {
    "name": "Clutterbusters",
    "description": "Clothing Stores",
    "phone": "(407) 702-1385",
    "address": "street: 1132 Charming St location: Maitland, FL 32751"
  },
  {
    "name": "Lularoe",
    "description": "Clothing Stores",
    "phone": "(407) 542-3723",
    "address": "street: 4050 New Broad Cir location: Oviedo, FL 32765"
  },
  {
    "name": "Mash Up Gear",
    "description": "Clothing Stores",
    "phone": "(407) 720-8828",
    "address": "street: 1040 Kelly Creek Cir location: Oviedo, FL 32765"
  },
  {
    "name": "Living In Sin Clothing",
    "description": "Clothing Stores",
    "phone": "(407) 283-5507",
    "address": "street: 715 Carrigan Ave location: Oviedo, FL 32765"
  },
  {
    "name": "T-Will Store",
    "description": "Clothing Stores",
    "phone": "(833) 894-5505",
    "address": "street: 1800 Pembrook Dr Ste 300 location: Orlando, FL 32810"
  },
  {
    "name": "Hijab Galore",
    "description": "Clothing Stores",
    "phone": "(786) 232-8204",
    "address": "street: 3460 Kayla Cir location: Oviedo, FL 32765"
  },
  {
    "name": "Kids",
    "description": "Clothing Stores",
    "phone": "(321) 352-7754",
    "address": "street: 11648 Mcculloch Rd location: Orlando, FL 32817"
  },
  {
    "name": "Yeye's Fashion & Style 2",
    "description": "Clothing Stores",
    "phone": "(407) 703-9585",
    "address": "street: 1754 Midsummer Ave location: Apopka, FL 32712"
  },
  {
    "name": "John Browns Sugar Shack",
    "description": "Clothing Stores",
    "phone": "(407) 293-1775",
    "address": "street: 7210 Mott Ave location: Orlando, FL 32810"
  },
  {
    "name": "Uth Stuph",
    "description": "Clothing Stores",
    "phone": "(407) 884-9166",
    "address": "street: 6790 Edgewater Commerce Pkwy location: Orlando, FL 32810"
  },
  {
    "name": "Rainbow Shops",
    "description": "Clothing Stores",
    "phone": "(407) 293-6807",
    "address": "street: 5808 N Orange Blossom Trl location: Orlando, FL 32810"
  },
  {
    "name": "DD's Discounts",
    "description": "Clothing Stores",
    "phone": "(407) 532-3248",
    "address": "street: 5788 N Orange Blossom Trl location: Orlando, FL 32810"
  },
  {
    "name": "DD's Discounts",
    "description": "Clothing Stores",
    "phone": "(407) 532-3248",
    "address": "street: 5700 N Orange Blossom Trl location: Orlando, FL 32810"
  },
  {
    "name": "Mil Tech Support",
    "description": "Clothing Stores",
    "phone": "(407) 889-8681",
    "address": "street: 3171 Rolling Hills Ln location: Apopka, FL 32712"
  },
  {
    "name": "Dance Unique",
    "description": "Clothing Stores",
    "phone": "(407) 366-4585",
    "address": "street: 112 W Mitchell Hammock Rd location: Oviedo, FL 32765"
  },
  {
    "name": "Gap",
    "description": "Clothing Stores",
    "phone": "(407) 831-6880",
    "address": "street: 451 E Altamonte Dr location: Altamonte Springs, FL 32701"
  },
  {
    "name": "Motive Boardwear",
    "description": "Clothing Stores",
    "phone": "(888) 822-0721",
    "address": "street: 2579 Howell Branch Rd Unit B location: Casselberry, FL 32707"
  },
  {
    "name": "Express",
    "description": "Clothing Stores",
    "phone": "(407) 830-5225",
    "address": "street: 451 E Altamonte Dr location: Altamonte Springs, FL 32701"
  },
  {
    "name": "Hot Topic",
    "description": "Clothing Stores",
    "phone": "(407) 339-3635",
    "address": "street: 451 E Altamonte Dr location: Altamonte Springs, FL 32701"
  },
  {
    "name": "Hollister",
    "description": "Clothing Stores",
    "phone": "(407) 260-6331",
    "address": "street: 451 E Altamonte Dr location: Altamonte Springs, FL 32701"
  },
  {
    "name": "Felisha Davis Blaq Beauty Ent",
    "description": "Clothing Stores",
    "phone": "(407) 376-9151",
    "address": "street: PO Box 618431 location: Orlando, FL 32861"
  },
  {
    "name": "American Eagle",
    "description": "Clothing Stores",
    "phone": "(407) 767-9711",
    "address": "street: 451 E Altamonte Dr Ste 1335 location: Altamonte Springs, FL 32701"
  },
  {
    "name": "Abercrombie & Fitch",
    "description": "Clothing Stores",
    "phone": "(407) 834-2009",
    "address": "street: 451e E Altamonte Dr Ste 1329 location: Altamonte Springs, FL 32701"
  },
  {
    "name": "PacSun",
    "description": "Clothing Stores",
    "phone": "(407) 339-4072",
    "address": "street: 451 E Altamonte Dr location: Altamonte Springs, FL 32701"
  },
  {
    "name": "Burlington Coat Factory",
    "description": "Clothing Stores",
    "phone": "(407) 830-5216",
    "address": "street: 130 E Altamonte Dr location: Altamonte Springs, FL 32701"
  },
  {
    "name": "Siomara's Fashion",
    "description": "Clothing Stores",
    "phone": "(407) 937-9911",
    "address": "street: 7354 Grand Ave location: Winter Park, FL 32792"
  },
  {
    "name": "MAC Sports Supplies",
    "description": "Clothing Stores",
    "phone": "(786) 671-4291",
    "address": "street: N/A location: N/A"
  },
  {
    "name": "Jack White Apparel",
    "description": "Clothing Stores",
    "phone": "(407) 302-4252",
    "address": "street: 2325 W Airport Blvd location: Sanford, FL 32771"
  },
  {
    "name": "Five Below",
    "description": "Clothing Stores",
    "phone": "(407) 323-1096",
    "address": "street: 1771 Wp Ball Park Blvd location: Sanford, FL 32771"
  },
  {
    "name": "Tru-Valu Drugs",
    "description": "Clothing Stores",
    "phone": "(407) 323-8403",
    "address": "street: 503 E 1st St location: Sanford, FL 32771"
  },
  {
    "name": "Woman of Purpose Boutique",
    "description": "Clothing Stores",
    "phone": "(407) 247-5731",
    "address": "street: 655 W Fulton St Ste 5 location: Sanford, FL 32771"
  },
  {
    "name": "Acme Cap Clot Hing",
    "description": "Clothing Stores",
    "phone": "(407) 321-4005",
    "address": "street: 221 Bellagio Cir location: Sanford, FL 32771"
  },
  {
    "name": "Rebel Romance",
    "description": "Clothing Stores",
    "phone": "(888) 290-2650",
    "address": "street: N/A location: Lake Mary, FL 32746"
  },
  {
    "name": "The Bling Shack",
    "description": "Clothing Stores",
    "phone": "(407) 878-6118",
    "address": "street: N/A location: N/A"
  },
  {
    "name": "Acme Cap and Clothing",
    "description": "Clothing Stores",
    "phone": "(407) 321-5100",
    "address": "street: 295 Towne Center Cir location: Sanford, FL 32771"
  },
  {
    "name": "Ross Dress for Less",
    "description": "Clothing Stores",
    "phone": "(407) 302-1436",
    "address": "street: 3609 S Orlando Dr location: Sanford, FL 32773"
  },
  {
    "name": "Bealls Department Store",
    "description": "Clothing Stores",
    "phone": "(407) 322-0007",
    "address": "street: 3611 S Orlando Dr location: Sanford, FL 32773"
  },
  {
    "name": "JD Sports",
    "description": "Clothing Stores",
    "phone": "(407) 328-7519",
    "address": "street: 1951 Wp Ball Blvd location: Sanford, FL 32771"
  },
  {
    "name": "Ross Dress for Less",
    "description": "Clothing Stores",
    "phone": "(407) 688-4544",
    "address": "street: 1501 Wp Ball Blvd location: Sanford, FL 32771"
  },
  {
    "name": "Justice",
    "description": "Clothing Stores",
    "phone": "(407) 330-4001",
    "address": "street: 1373 Wp Ball Blvd location: Sanford, FL 32771"
  },
  {
    "name": "Gandi",
    "description": "Clothing Stores",
    "phone": "(407) 878-7407",
    "address": "street: 1357 Wp Ball Blvd location: Sanford, FL 32771"
  },
  {
    "name": "Oshkosh B'Gosh",
    "description": "Clothing Stores",
    "phone": "(407) 330-6472",
    "address": "street: 1333 Wp Ball Blvd location: Sanford, FL 32771"
  },
  {
    "name": "Shoe Show",
    "description": "Clothing Stores",
    "phone": "(407) 330-7325",
    "address": "street: 203 Towne Center Blvd location: Sanford, FL 32771"
  },
  {
    "name": "Avenue",
    "description": "Clothing Stores",
    "phone": "(407) 328-3007",
    "address": "street: 201 Towne Center Blvd location: Sanford, FL 32771"
  },
  {
    "name": "S.A. Elite",
    "description": "Clothing Stores",
    "phone": "(407) 321-1611",
    "address": "street: 1301 Wp Ball Blvd location: Sanford, FL 32771"
  },
  {
    "name": "Adam's Menswear",
    "description": "Clothing Stores",
    "phone": "(407) 688-1331",
    "address": "street: 166 Towne Center Blvd location: Sanford, FL 32771"
  },
  {
    "name": "Big R",
    "description": "Clothing Stores",
    "phone": "(407) 328-1233",
    "address": "street: 750 W Lake Mary Blvd location: Sanford, FL 32773"
  },
  {
    "name": "Journeys",
    "description": "Clothing Stores",
    "phone": "(407) 324-7977",
    "address": "street: 180 Towne Center Cir location: Sanford, FL 32771"
  },
  {
    "name": "Acme Cap Clot Hing",
    "description": "Clothing Stores",
    "phone": "(407) 321-5100",
    "address": "street: 127 Towne Center Cir location: Sanford, FL 32771"
  },
  {
    "name": "Zumiez",
    "description": "Clothing Stores",
    "phone": "(407) 321-7583",
    "address": "street: 165 Towne Center Cir location: Sanford, FL 32771"
  },
  {
    "name": "Sirens",
    "description": "Clothing Stores",
    "phone": "(407) 688-4762",
    "address": "street: 200 Towne Center Cir Unit B-05 location: Sanford, FL 32771"
  },
  {
    "name": "Aeropostale Factory Store",
    "description": "Clothing Stores",
    "phone": "(407) 321-3918",
    "address": "street: 268 Towne Center Cir location: Sanford, FL 32771"
  },
  {
    "name": "Papaya Clothing",
    "description": "Clothing Stores",
    "phone": "(407) 322-1264",
    "address": "street: 257 Towne Center Cir location: Sanford, FL 32771"
  },
  {
    "name": "The Children's Place",
    "description": "Clothing Stores",
    "phone": "(407) 324-0442",
    "address": "street: 263 Towne Center Cir location: Sanford, FL 32771"
  },
  {
    "name": "Wet Seal",
    "description": "Clothing Stores",
    "phone": "(407) 324-4298",
    "address": "street: 270 Towne Center Cir location: Sanford, FL 32771"
  },
  {
    "name": "Journeys",
    "description": "Clothing Stores",
    "phone": "(407) 324-7977",
    "address": "street: 200 Towne Center Cir location: Sanford, FL 32771"
  },
  {
    "name": "Liz Claiborne",
    "description": "Clothing Stores",
    "phone": "(407) 328-3587",
    "address": "street: 330 Towne Center Cir location: Sanford, FL 32771"
  },
  {
    "name": "Butafrog Incorporation",
    "description": "Clothing Stores",
    "phone": "(407) 402-2580",
    "address": "street: 115 Channel Cir location: Lake Mary, FL 32746"
  },
  {
    "name": "Marshalls",
    "description": "Clothing Stores",
    "phone": "(407) 302-0839",
    "address": "street: 1551 Wp Ball Blvd location: Sanford, FL 32771"
  },
  {
    "name": "Macy's",
    "description": "Clothing Stores",
    "phone": "(407) 328-3300",
    "address": "street: 330 Towne Center Cir location: Sanford, FL 32771"
  },
  {
    "name": "SEPHORA at Kohl's",
    "description": "Clothing Stores",
    "phone": "(407) 322-9848",
    "address": "street: 1371 Rinehart Rd location: Sanford, FL 32771"
  },
  {
    "name": "JCPenney",
    "description": "Clothing Stores",
    "phone": "(407) 323-1310",
    "address": "street: 310 Towne Center Cir location: Sanford, FL 32771"
  },
  {
    "name": "Zumiez",
    "description": "Clothing Stores",
    "phone": "(407) 321-7583",
    "address": "street: 200 Towne Center Cir location: Sanford, FL 32771"
  },
  {
    "name": "Walk On Water",
    "description": "Clothing Stores",
    "phone": "(407) 805-0477",
    "address": "street: 1140 Townpark Ave location: Lake Mary, FL 32746"
  },
  {
    "name": "Eliz Andre LLC",
    "description": "Clothing Stores",
    "phone": "(618) 201-4537",
    "address": "street: 1625 Oak Springs Pl location: Lake Mary, FL 32746"
  },
  {
    "name": "Free 2 Flex",
    "description": "Clothing Stores",
    "phone": "(407) 783-4959",
    "address": "street: 255 Primera Blvd location: Lake Mary, FL 32746"
  },
  {
    "name": "Ross Dress for Less",
    "description": "Clothing Stores",
    "phone": "(407) 833-3714",
    "address": "street: 3765 Lake Emma Rd location: Lake Mary, FL 32746"
  },
  {
    "name": "Sears",
    "description": "Clothing Stores",
    "phone": "(727) 605-0014",
    "address": "street: 3200 Lake Emma Rd location: Lake Mary, FL 32746"
  },
  {
    "name": "Jack White Apparel",
    "description": "Clothing Stores",
    "phone": "(386) 668-8900",
    "address": "street: 290 Springview Commerce Dr Ste 2 location: Debary, FL 32713"
  },
  {
    "name": "Ross Dress for Less",
    "description": "Clothing Stores",
    "phone": "(386) 775-1558",
    "address": "street: 1003 Harley Strickland Blvd location: Orange City, FL 32763"
  },
  {
    "name": "SEPHORA at Kohl's",
    "description": "Clothing Stores",
    "phone": "(386) 456-1001",
    "address": "street: 1065 Harley Strickland Blvd location: Orange City, FL 32763"
  },
  {
    "name": "GARAGE",
    "description": "Clothing Stores",
    "phone": "(321) 316-3430",
    "address": "street: 1025 W State Road 434 location: Winter Springs, FL 32708"
  },
  {
    "name": "JCPenney",
    "description": "Clothing Stores",
    "phone": "(407) 332-7071",
    "address": "street: Altamonte Springs Mall location: Longwood, FL 32750"
  },
  {
    "name": "Bealls",
    "description": "Clothing Stores",
    "phone": "(386) 774-0835",
    "address": "street: 2612 Enterprise Rd location: Orange City, FL 32763"
  },
  {
    "name": "Bealls Department Store",
    "description": "Clothing Stores",
    "phone": "(386) 774-0835",
    "address": "street: 2612 Enterprise Rd location: Orange City, FL 32763"
  },
  {
    "name": "Bealls Outlet Stores",
    "description": "Clothing Stores",
    "phone": "(386) 775-2000",
    "address": "street: 2550 Enterprise Rd location: Orange City, FL 32763"
  },
  {
    "name": "Five Below",
    "description": "Clothing Stores",
    "phone": "(386) 851-0862",
    "address": "street: 937 Harley Strickland Blvd location: Orange City, FL 32763"
  },
  {
    "name": "Justice",
    "description": "Clothing Stores",
    "phone": "(386) 456-0655",
    "address": "street: 1039 Harley Strickland Blvd location: Orange City, FL 32763"
  },
  {
    "name": "Bealls",
    "description": "Clothing Stores",
    "phone": "(407) 834-4673",
    "address": "street: 949 W State Road 434 location: Longwood, FL 32750"
  },
  {
    "name": "Bealls Outlet Stores",
    "description": "Clothing Stores",
    "phone": "(407) 834-4673",
    "address": "street: 949 W State Road 434 location: Longwood, FL 32750"
  },
  {
    "name": "Creative Expressions for T-Shirts & More",
    "description": "Clothing Stores",
    "phone": "(407) 830-6056",
    "address": "street: 725 S Ronald Reagan Blvd location: Longwood, FL 32750"
  },
  {
    "name": "GARAGE",
    "description": "Clothing Stores",
    "phone": "(888) 984-7050",
    "address": "street: 1155 W State Road 434 Ste 133 location: Longwood, FL 32750"
  },
  {
    "name": "Uniformity",
    "description": "Clothing Stores",
    "phone": "(407) 331-8287",
    "address": "street: 1140 W State Road 434 Ste 100 location: Longwood, FL 32750"
  },
  {
    "name": "No More Knots",
    "description": "Clothing Stores",
    "phone": "(386) 785-5411",
    "address": "street: 1296 Homeway Ln location: Deltona, FL 32738"
  },
  {
    "name": "Skips Western Outfitters",
    "description": "Clothing Stores",
    "phone": "(407) 321-1000",
    "address": "street: 300 N State Road 415 location: Osteen, FL 32764"
  },
  {
    "name": "Atticus Printing",
    "description": "Clothing Stores",
    "phone": "(407) 365-9911",
    "address": "street: 159 N Central Ave location: Oviedo, FL 32765"
  },
  {
    "name": "Bealls Outlet Stores",
    "description": "Clothing Stores",
    "phone": "(407) 332-0083",
    "address": "street: 157 State Road 436 location: Fern Park, FL 32730"
  },
  {
    "name": "Pathfinder Shirts",
    "description": "Clothing Stores",
    "phone": "(407) 695-4540",
    "address": "street: 1510 Lake Dr location: Casselberry, FL 32707"
  },
  {
    "name": "Five Below",
    "description": "Clothing Stores",
    "phone": "(407) 681-0098",
    "address": "street: 1455 S Semoran Blvd location: Casselberry, FL 32707"
  },
  {
    "name": "Justice",
    "description": "Clothing Stores",
    "phone": "(407) 971-0366",
    "address": "street: 1310 Oviedo Mall Blvd location: Oviedo, FL 32765"
  },
  {
    "name": "Sears",
    "description": "Clothing Stores",
    "phone": "(407) 971-2600",
    "address": "street: 1360 Oviedo Mall Blvd location: Oviedo, FL 32765"
  },
  {
    "name": "Wet Seal",
    "description": "Clothing Stores",
    "phone": "(407) 977-6705",
    "address": "street: 1475 Oviedo Mall Blvd location: Oviedo, FL 32765"
  },
  {
    "name": "Sears",
    "description": "Clothing Stores",
    "phone": "(321) 244-3939",
    "address": "street: 1370 Oviedo Mall Blvd location: Oviedo, FL 32765"
  },
  {
    "name": "So Sweet Boutique - Best Prom Dress Shop & Quince Dress Store Orlando",
    "description": "Clothing Stores",
    "phone": "(407) 260-0708",
    "address": "street: 1665 Oviedo Mall Blvd location: Oviedo, FL 32765"
  },
  {
    "name": "The Children's Place",
    "description": "Clothing Stores",
    "phone": "(407) 365-8776",
    "address": "street: 1210 Oviedo Mall Blvd Space 1035 location: Oviedo, FL 32765"
  },
  {
    "name": "Macy's",
    "description": "Clothing Stores",
    "phone": "(407) 971-7300",
    "address": "street: 1400 Oviedo Mall Blvd location: Oviedo, FL 32765"
  },
  {
    "name": "Safari Sun",
    "description": "Clothing Stores",
    "phone": "(407) 339-7291",
    "address": "street: 928 Josiane Ct location: Altamonte Springs, FL 32701"
  },
  {
    "name": "Journeys",
    "description": "Clothing Stores",
    "phone": "(407) 977-4566",
    "address": "street: 1460 Oviedo Mall Blvd location: Oviedo, FL 32765"
  },
  {
    "name": "LOFT Outlet",
    "description": "Clothing Stores",
    "phone": "(321) 348-3314",
    "address": "street: 1257 Oviedo Mall Blvd location: Oviedo, FL 32765"
  },
  {
    "name": "Loft",
    "description": "Clothing Stores",
    "phone": "(407) 977-5643",
    "address": "street: 1257 Oviedo Mall Blvd location: Oviedo, FL 32765"
  },
  {
    "name": "Grounded X Inc",
    "description": "Clothing Stores",
    "phone": "(407) 542-3017",
    "address": "street: 1235 Oviedo Mall Blvd location: Oviedo, FL 32765"
  },
  {
    "name": "Journeys",
    "description": "Clothing Stores",
    "phone": "(407) 977-4566",
    "address": "street: 1700 Oviedo Mall Blvd location: Oviedo, FL 32765"
  },
  {
    "name": "Ross Dress for Less",
    "description": "Clothing Stores",
    "phone": "(407) 260-1547",
    "address": "street: 145 State Road 436 location: Fern Park, FL 32730"
  },
  {
    "name": "Bealls",
    "description": "Clothing Stores",
    "phone": "(407) 332-0083",
    "address": "street: 157 State Road 436 location: Fern Park, FL 32730"
  },
  {
    "name": "Mosh Inc",
    "description": "Clothing Stores",
    "phone": "(407) 830-1686",
    "address": "street: 1200 E Altamonte Dr location: Altamonte Springs, FL 32701"
  },
  {
    "name": "Klassy Kidz",
    "description": "Clothing Stores",
    "phone": "(407) 260-5439",
    "address": "street: 232 State Road 436 location: Casselberry, FL 32707"
  },
  {
    "name": "The Stilo Co.",
    "description": "Clothing Stores",
    "phone": "(321) 417-0040",
    "address": "street: 304 E Hillcrest St location: Altamonte Springs, FL 32701"
  },
  {
    "name": "Five Below",
    "description": "Clothing Stores",
    "phone": "(321) 218-3845",
    "address": "street: 1115 Vidina Pl Ste 171 location: Oviedo, FL 32765"
  },
  {
    "name": "Ross Dress for Less",
    "description": "Clothing Stores",
    "phone": "(407) 365-5499",
    "address": "street: 1115 Vidina Pl location: Oviedo, FL 32765"
  },
  {
    "name": "Avenue",
    "description": "Clothing Stores",
    "phone": "(407) 971-8821",
    "address": "street: 1115 Vidina Pl location: Oviedo, FL 32765"
  },
  {
    "name": "Rich Hippie",
    "description": "Clothing Stores",
    "phone": "(407) 682-7969",
    "address": "street: 1094 Montgomery Rd location: Altamonte Springs, FL 32714"
  },
  {
    "name": "GARAGE",
    "description": "Clothing Stores",
    "phone": "(352) 720-0086",
    "address": "street: 2381 W State Road 434 location: Longwood, FL 32779"
  },
  {
    "name": "Bealls",
    "description": "Clothing Stores",
    "phone": "(407) 695-5170",
    "address": "street: 1425 Tuskawilla Rd Ste 219 location: Winter Springs, FL 32708"
  },
  {
    "name": "Five Below",
    "description": "Clothing Stores",
    "phone": "(407) 544-4034",
    "address": "street: 1425 Tuskawilla Rd Ste 215 location: Winter Springs, FL 32708"
  },
  {
    "name": "Oceanology",
    "description": "Clothing Stores",
    "phone": "(407) 831-4611",
    "address": "street: 451 E Altamonte Dr location: Altamonte Springs, FL 32701"
  },
  {
    "name": "Ross Dress for Less",
    "description": "Clothing Stores",
    "phone": "(407) 830-6193",
    "address": "street: 130 E Altamonte Dr location: Altamonte Springs, FL 32701"
  },
  {
    "name": "SEPHORA at Kohl's",
    "description": "Clothing Stores",
    "phone": "(407) 657-0190",
    "address": "street: 5521 Deep Lake Rd location: Oviedo, FL 32765"
  },
  {
    "name": "SEPHORA at Kohl's",
    "description": "Clothing Stores",
    "phone": "(407) 788-2480",
    "address": "street: 945 W State Road 436 Ste 1155 location: Altamonte Springs, FL 32714"
  },
  {
    "name": "JCPenney",
    "description": "Clothing Stores",
    "phone": "(407) 332-9600",
    "address": "street: 451 E Altamonte Dr location: Altamonte Springs, FL 32701"
  },
  {
    "name": "Wet Seal",
    "description": "Clothing Stores",
    "phone": "(407) 260-8747",
    "address": "street: 451 E Altamonte Dr location: Altamonte Springs, FL 32701"
  },
  {
    "name": "Marshalls",
    "description": "Clothing Stores",
    "phone": "(407) 834-2015",
    "address": "street: 293 E Altamonte Dr location: Altamonte Springs, FL 32701"
  },
  {
    "name": "Torrid",
    "description": "Clothing Stores",
    "phone": "(407) 260-1178",
    "address": "street: 452 E Altamonte Dr location: Altamonte Springs, FL 32701"
  },
  {
    "name": "Macy's",
    "description": "Clothing Stores",
    "phone": "(407) 830-2300",
    "address": "street: 451 E Altamonte Dr location: Altamonte Springs, FL 32701"
  },
  {
    "name": "Aéropostale",
    "description": "Clothing Stores",
    "phone": "(407) 830-4105",
    "address": "street: 451 E Altamonte Dr location: Altamonte Springs, FL 32701"
  },
  {
    "name": "White House | Black Market",
    "description": "Clothing Stores",
    "phone": "(407) 332-6414",
    "address": "street: 451 E Altamonte Dr location: Altamonte Springs, FL 32701"
  },
  {
    "name": "Forever 21",
    "description": "Clothing Stores",
    "phone": "(407) 551-1210",
    "address": "street: 451 E Altamonte Dr Ste 2113 location: Altamonte Springs, FL 32701"
  },
  {
    "name": "Loft",
    "description": "Clothing Stores",
    "phone": "(407) 331-1012",
    "address": "street: 451 E Altamonte Dr location: Altamonte Springs, FL 32701"
  },
  {
    "name": "Torrid",
    "description": "Clothing Stores",
    "phone": "(407) 260-1178",
    "address": "street: 451 E Altamonte Dr location: Altamonte Springs, FL 32701"
  },
  {
    "name": "Charming Charlie",
    "description": "Clothing Stores",
    "phone": "(321) 207-0000",
    "address": "street: 451 E Altamonte Dr location: Altamonte Springs, FL 32701"
  },
  {
    "name": "Windsor",
    "description": "Clothing Stores",
    "phone": "(888) 495-4957",
    "address": "street: 451 E Altamonte Dr Ste 1433 location: Altamonte Springs, FL 32701"
  },
  {
    "name": "JCPenney",
    "description": "Clothing Stores",
    "phone": "(407) 332-9600",
    "address": "street: 451 E Altamonte Dr Ste 1301 location: Altamonte Springs, FL 32701"
  },
  {
    "name": "JD Sports",
    "description": "Clothing Stores",
    "phone": "(407) 339-5323",
    "address": "street: 451 E Altamonte Dr Ste 1241 location: Altamonte Springs, FL 32701"
  },
  {
    "name": "New York & Company",
    "description": "Clothing Stores",
    "phone": "(407) 331-4089",
    "address": "street: 451 E Altamonte Dr Ste 1245 location: Altamonte Springs, FL 32701"
  },
  {
    "name": "The Children's Place",
    "description": "Clothing Stores",
    "phone": "(407) 265-6193",
    "address": "street: 451 E Altamonte Dr Ste 1425 location: Altamonte Springs, FL 32701"
  },
  {
    "name": "Justice",
    "description": "Clothing Stores",
    "phone": "(407) 332-0474",
    "address": "street: 451 E Altamonte Dr location: Altamonte Springs, FL 32701"
  },
  {
    "name": "Marshalls",
    "description": "Clothing Stores",
    "phone": "(407) 359-5074",
    "address": "street: 1121 Alafaya Trl location: Oviedo, FL 32765"
  },
  {
    "name": "Luxe Designer Resale Boutique & Consignment",
    "description": "Clothing Stores",
    "phone": "(407) 636-9859",
    "address": "street: 931 N State Road 434 location: Altamonte Springs, FL 32714"
  },
  {
    "name": "Risse Brothers Uniforms",
    "description": "Clothing Stores",
    "phone": "(407) 339-1486",
    "address": "street: 100 Candace Dr location: Maitland, FL 32751"
  },
  {
    "name": "Avenue",
    "description": "Clothing Stores",
    "phone": "(407) 960-1439",
    "address": "street: 915 Sand Lake Rd location: Altamonte Springs, FL 32714"
  },
  {
    "name": "Specialties Etc",
    "description": "Clothing Stores",
    "phone": "(407) 682-2004",
    "address": "street: 402 Evesham Pl location: Longwood, FL 32779"
  },
  {
    "name": "Work 'N Gear",
    "description": "Clothing Stores",
    "phone": "(407) 767-6255",
    "address": "street: 451 Altamonte Commerce Blvd Suite 401 location: Altamonte Springs, FL 32714"
  },
  {
    "name": "Allen Sportswear Inc",
    "description": "Clothing Stores",
    "phone": "(407) 641-4900",
    "address": "street: 1809 E Broadway St location: Oviedo, FL 32765"
  },
  {
    "name": "Ross Dress for Less",
    "description": "Clothing Stores",
    "phone": "(407) 671-3375",
    "address": "street: 1455 State Road 436 location: Casselberry, FL 32707"
  },
  {
    "name": "Marshalls",
    "description": "Clothing Stores",
    "phone": "(407) 862-0043",
    "address": "street: 995 North State 434 location: Altamonte Springs, FL 32714"
  },
  {
    "name": "GARAGE",
    "description": "Clothing Stores",
    "phone": "(321) 234-5030",
    "address": "street: 1510 State Road 436 location: Winter Park, FL 32792"
  },
  {
    "name": "Catherines Plus Sizes",
    "description": "Clothing Stores",
    "phone": "(407) 618-1718",
    "address": "street: 955 W State Road 436 Ste 1040 location: Altamonte Springs, FL 32714"
  },
  {
    "name": "Macy's",
    "description": "Clothing Stores",
    "phone": "(407) 389-2500",
    "address": "street: 820 W Town Pkwy location: Altamonte Springs, FL 32714"
  },
  {
    "name": "Five Below",
    "description": "Clothing Stores",
    "phone": "(321) 273-8267",
    "address": "street: 2701A S Woodland Blvd location: Deland, FL 32720"
  },
  {
    "name": "Skechers Factory Outlet",
    "description": "Clothing Stores",
    "phone": "(386) 279-4961",
    "address": "street: 2701 S Woodland Blvd location: Deland, FL 32720"
  },
  {
    "name": "Pathfinder Shirts",
    "description": "Clothing Stores",
    "phone": "(407) 786-0400",
    "address": "street: 865 Sunshine Ln Ste 105 location: Altamonte Springs, FL 32714"
  },
  {
    "name": "Five Below",
    "description": "Clothing Stores",
    "phone": "(407) 389-8064",
    "address": "street: 380 S State Road 434 location: Altamonte Springs, FL 32714"
  },
  {
    "name": "S.A. Elite",
    "description": "Clothing Stores",
    "phone": "(407) 774-8088",
    "address": "street: 380 S State Road 434 location: Altamonte Springs, FL 32714"
  },
  {
    "name": "Anchor Promotional Merchandise",
    "description": "Clothing Stores",
    "phone": "(407) 831-4233",
    "address": "street: 925 Sunshine Ln Ste 1040 location: Altamonte Springs, FL 32714"
  },
  {
    "name": "Prestige Clothiers",
    "description": "Clothing Stores",
    "phone": "(407) 677-4000",
    "address": "street: 7601 Citrus Ave location: Winter Park, FL 32792"
  },
  {
    "name": "Button Power",
    "description": "Clothing Stores",
    "phone": "(407) 889-3008",
    "address": "street: 2714 Glennedwin Ct location: Apopka, FL 32712"
  },
  {
    "name": "Tom James Company",
    "description": "Clothing Stores",
    "phone": "(407) 740-7848",
    "address": "street: 151 Southhall Ln Ste 130 location: Maitland, FL 32751"
  },
  {
    "name": "Perry Ellis",
    "description": "Clothing Stores",
    "phone": "(407) 622-4998",
    "address": "street: 876 Park Lake Cir location: Maitland, FL 32751"
  },
  {
    "name": "Bealls",
    "description": "Clothing Stores",
    "phone": "(407) 884-0090",
    "address": "street: 2314 E Semoran Blvd location: Apopka, FL 32703"
  },
  {
    "name": "Bealls Department Store",
    "description": "Clothing Stores",
    "phone": "(407) 886-2719",
    "address": "street: 2302 E Semoran Blvd location: Apopka, FL 32703"
  },
  {
    "name": "Five Below",
    "description": "Clothing Stores",
    "phone": "(407) 544-0818",
    "address": "street: 2193 E Semoran Blvd location: Apopka, FL 32703"
  },
  {
    "name": "Ross Dress for Less",
    "description": "Clothing Stores",
    "phone": "(407) 884-0509",
    "address": "street: 2177 E Semoran Blvd location: Apopka, FL 32703"
  },
  {
    "name": "Marshalls",
    "description": "Clothing Stores",
    "phone": "(407) 880-3208",
    "address": "street: 2175 E Semoran Blvd location: Apopka, FL 32703"
  },
  {
    "name": "GARAGE",
    "description": "Clothing Stores",
    "phone": "(321) 316-3455",
    "address": "street: 1438 Rock Springs Rd location: Apopka, FL 32712"
  },
  {
    "name": "Magic ThemeShirt",
    "description": "Clothing Stores",
    "phone": "(888) 321-2470",
    "address": "street: PO Box 2831 location: Orlando, FL 32802"
  },
  {
    "name": "Loft",
    "description": "Clothing Stores",
    "phone": "(407) 238-4413",
    "address": "street: 15825 Apopka Rd location: Orlando, FL 32821"
  },
  {
    "name": "Art Reflections",
    "description": "Clothing Stores",
    "phone": "(386) 424-0150",
    "address": "street: 4395 Lake Ashby Rd location: New Smyrna Beach, FL 32168"
  },
  {
    "name": "Stuph Clothing",
    "description": "Clothing Stores",
    "phone": "(407) 581-1240",
    "address": "street: 6790 Edgewater Commerce Pkwy location: Orlando, FL 32810"
  },
  {
    "name": "Zumiez",
    "description": "Clothing Stores",
    "phone": "(407) 260-0173",
    "address": "street: 451 E Altamonte Dr location: Altamonte Springs, FL 32701"
  },
  {
    "name": "Curious Catt Boutique",
    "description": "Clothing Stores",
    "phone": "(321) 236-2288",
    "address": "street: 5438 Long Rd location: Orlando, FL 32808"
  },
  {
    "name": "E & E Bush-Hogging",
    "description": "Department Stores",
    "phone": "(407) 324-7112",
    "address": "street: 2183 W 8th St location: Sanford, FL 32771"
  },
  {
    "name": "Benada Aluminum Products",
    "description": "Aluminum Products",
    "phone": "(407) 330-6164",
    "address": "street: 2601 W 5th St location: Sanford, FL 32771"
  },
  {
    "name": "Sports Inc Florida",
    "description": "Sporting Goods",
    "phone": "(407) 321-3838",
    "address": "street: 2215 W 1st St location: Sanford, FL 32771"
  },
  {
    "name": "DTLR",
    "description": "Shoe Stores",
    "phone": "(407) 321-0955",
    "address": "street: 1522 S French Ave Ste 1522 location: Sanford, FL 32771"
  },
  {
    "name": "Dat Kloset",
    "description": "Women's Clothing",
    "phone": "(407) 280-3060",
    "address": "street: PO Box 1684 location: Sanford, FL 32772"
  },
  {
    "name": "Bucked Up Apparel, LLC",
    "description": "Men's Clothing",
    "phone": "(407) 321-8835",
    "address": "street: 1051 Central Park Dr location: Sanford, FL 32771"
  },
  {
    "name": "Hound Dog Sports",
    "description": "Sportswear",
    "phone": "(321) 363-1403",
    "address": "street: N/A location: Sanford, FL 32771"
  },
  {
    "name": "Dream Again Enterprises",
    "description": "Airlines",
    "phone": "(352) 328-5963",
    "address": "street: N/A location: Sanford, FL 32773"
  },
  {
    "name": "Yvonne Marie's Creation's",
    "description": "Women's Clothing",
    "phone": "(407) 416-2070",
    "address": "street: N/A location: Geneva, FL 32732"
  },
  {
    "name": "Target",
    "description": "General Merchandise",
    "phone": "(407) 547-0007",
    "address": "street: N/A location: N/A"
  },
  {
    "name": "Pjone Boutique",
    "description": "Boutique Items",
    "phone": "(407) 308-5709",
    "address": "street: N/A location: N/A"
  },
  {
    "name": "Bashful Bliss Com",
    "description": "Women's Clothing",
    "phone": "(407) 915-5454",
    "address": "street: N/A location: N/A"
  },
  {
    "name": "Enni's",
    "description": "Clothing-Collectible, Period, Vintage",
    "phone": "(321) 209-5571",
    "address": "street: N/A location: N/A"
  },
  {
    "name": "Walmart Supercenter",
    "description": "General Merchandise",
    "phone": "(407) 321-1371",
    "address": "street: 3653 S Orlando Dr location: Sanford, FL 32773"
  },
  {
    "name": "Divah Palace",
    "description": "Women's Clothing",
    "phone": "(321) 696-2518",
    "address": "street: 1821 S Summerlin Ave location: Sanford, FL 32771"
  },
  {
    "name": "Walmart Supercenter",
    "description": "General Merchandise",
    "phone": "(407) 321-1540",
    "address": "street: 1601 Rinehart Rd location: Sanford, FL 32771"
  },
  {
    "name": "DressBarn",
    "description": "Women's Clothing",
    "phone": "(407) 268-9667",
    "address": "street: 1901 Wp Ball Blvd location: Sanford, FL 32771"
  },
  {
    "name": "Five Below",
    "description": "Department Stores",
    "phone": "(407) 323-1096",
    "address": "street: 1771 Wp Ball Blvd location: Sanford, FL 32771"
  },
  {
    "name": "Z-5 Sport Rack Co",
    "description": "Sportswear",
    "phone": "(407) 330-7204",
    "address": "street: 4265 Church St Ste 1001 location: Sanford, FL 32771"
  },
  {
    "name": "Motherhood Maternity",
    "description": "Maternity Clothes",
    "phone": "(407) 321-0696",
    "address": "street: 1389 Wp Ball Blvd location: Sanford, FL 32771"
  },
  {
    "name": "Velocity Sportswear Inc",
    "description": "Sportswear",
    "phone": "(407) 328-3020",
    "address": "street: 650 Hickman Cir location: Sanford, FL 32771"
  },
  {
    "name": "Diva",
    "description": "Women's Clothing",
    "phone": "(407) 302-1456",
    "address": "street: 175 Towne Center Cir location: Sanford, FL 32771"
  },
  {
    "name": "Styles for Less",
    "description": "Women's Clothing",
    "phone": "(407) 330-7284",
    "address": "street: 167 Towne Center Cir location: Sanford, FL 32771"
  },
  {
    "name": "Rack Room Shoes",
    "description": "Shoe Stores",
    "phone": "(407) 323-7411",
    "address": "street: 104 Towne Center Cir location: Sanford, FL 32771"
  },
  {
    "name": "Francesca's",
    "description": "Women's Clothing",
    "phone": "(407) 330-7745",
    "address": "street: 132 Towne Center Cir location: Sanford, FL 32771"
  },
  {
    "name": "Ann Taylor",
    "description": "Women's Clothing",
    "phone": "(407) 321-3886",
    "address": "street: 117 Towne Center Cir location: Sanford, FL 32771"
  },
  {
    "name": "Talbots",
    "description": "Women's Clothing",
    "phone": "(407) 328-4434",
    "address": "street: 152 Towne Center Cir location: Sanford, FL 32771"
  },
  {
    "name": "Victoria's Secret",
    "description": "Lingerie",
    "phone": "(407) 324-0666",
    "address": "street: 159 Towne Center Cir location: Sanford, FL 32771"
  },
  {
    "name": "Champs Sports",
    "description": "Sportswear",
    "phone": "(407) 323-8130",
    "address": "street: 206 Towne Center Cir location: Sanford, FL 32771"
  },
  {
    "name": "Motherhood Maternity",
    "description": "Maternity Clothes",
    "phone": "(407) 320-9935",
    "address": "street: 200 Towne Center Cir location: Sanford, FL 32771"
  },
  {
    "name": "Frederick's of Hollywood",
    "description": "Lingerie",
    "phone": "(407) 322-4986",
    "address": "street: 200 Towne Center Cir location: Sanford, FL 32771"
  },
  {
    "name": "Lids",
    "description": "Hat Shops",
    "phone": "(407) 322-8125",
    "address": "street: 219 Towne Center Cir location: Sanford, FL 32771"
  },
  {
    "name": "Camy Couture",
    "description": "Women's Clothing",
    "phone": "(407) 323-4892",
    "address": "street: 200 Towne Center Cir location: Sanford, FL 32771"
  },
  {
    "name": "Beya",
    "description": "Women's Clothing",
    "phone": "(407) 320-0988",
    "address": "street: 200 Towne Center Cir location: Sanford, FL 32771"
  },
  {
    "name": "Dillard's",
    "description": "Department Stores",
    "phone": "(407) 330-1775",
    "address": "street: 300 Towne Center Cir location: Sanford, FL 32771"
  },
  {
    "name": "MAC Cosmetics",
    "description": "Department Stores",
    "phone": "(407) 330-9663",
    "address": "street: 300 Towne Center Cir location: Sanford, FL 32771"
  },
  {
    "name": "BCBGMAXAZRIA",
    "description": "Women's Clothing",
    "phone": "(407) 322-2717",
    "address": "street: 300 Towne Center Cir location: Sanford, FL 32771"
  },
  {
    "name": "Finish Line",
    "description": "Shoe Stores",
    "phone": "(407) 328-3300",
    "address": "street: 330 Towne Center Cir location: Sanford, FL 32771"
  },
  {
    "name": "Bath Shop",
    "description": "Department Stores",
    "phone": "(407) 328-3367",
    "address": "street: 330 Towne Center Cir location: Sanford, FL 32771"
  },
  {
    "name": "Dick's Sporting Goods",
    "description": "Sporting Goods",
    "phone": "(407) 324-5800",
    "address": "street: 350 Towne Center Cir location: Sanford, FL 32771"
  },
  {
    "name": "Cache Womens Clothing",
    "description": "Women's Clothing",
    "phone": "(407) 330-2121",
    "address": "street: 130 Towne Center Cir location: Sanford, FL 32771"
  },
  {
    "name": "Dat Kloset",
    "description": "Women's Clothing",
    "phone": "(407) 280-3060",
    "address": "street: 772 Shropshire Loop location: Sanford, FL 32771"
  },
  {
    "name": "Torrid Networks Private Ltd",
    "description": "Women's Clothing",
    "phone": "(407) 834-8324",
    "address": "street: 4907 International Pkwy location: Sanford, FL 32771"
  },
  {
    "name": "Sport Hound Dog",
    "description": "Sportswear",
    "phone": "(321) 363-1403",
    "address": "street: 4995 Orange Blvd location: Sanford, FL 32771"
  },
  {
    "name": "Family Dollar Store",
    "description": "Department Stores",
    "phone": "(407) 322-8139",
    "address": "street: 4243 N US Highway 17/92 location: Sanford, FL 32773"
  },
  {
    "name": "Sophie and Trey",
    "description": "Women's Clothing",
    "phone": "(407) 324-5747",
    "address": "street: 136 N 4th St Ste 1290 location: Lake Mary, FL 32746"
  },
  {
    "name": "Kyrscorp Inc",
    "description": "Women's Clothing",
    "phone": "(407) 878-5886",
    "address": "street: 136 N 4th St location: Lake Mary, FL 32746"
  },
  {
    "name": "JoS. A. Bank",
    "description": "Men's Clothing",
    "phone": "(407) 829-6661",
    "address": "street: 1120 Townpark Ave Ste 1042 location: Lake Mary, FL 32746"
  },
  {
    "name": "Closet Factory",
    "description": "Closets & Accessories",
    "phone": "(407) 767-7111",
    "address": "street: 1620 Timocuan Way Ste 124 location: Longwood, FL 32750"
  },
  {
    "name": "Clotheshorse Too",
    "description": "Consignment Service",
    "phone": "(407) 333-0808",
    "address": "street: 3895 Lake Emma Rd Ste 125 location: Lake Mary, FL 32746"
  },
  {
    "name": "Target",
    "description": "General Merchandise",
    "phone": "(407) 330-9330",
    "address": "street: 4155 W Lake Mary Blvd location: Lake Mary, FL 32746"
  },
  {
    "name": "Jerry Phillips Collection",
    "description": "Men's Clothing",
    "phone": "(407) 401-9364",
    "address": "street: 280 Humphrey Rd location: Lake Mary, FL 32746"
  },
  {
    "name": "Cato",
    "description": "Women's Clothing",
    "phone": "(407) 688-2959",
    "address": "street: 4219 W Lake Mary Blvd location: Lake Mary, FL 32746"
  },
  {
    "name": "Play It Again Sports",
    "description": "Sporting Goods",
    "phone": "(407) 333-0340",
    "address": "street: 3879 Lake Emma Rd location: Lake Mary, FL 32746"
  },
  {
    "name": "Academy Sports + Outdoors",
    "description": "Sporting Goods",
    "phone": "(407) 833-4000",
    "address": "street: 3641 Lake Emma Rd location: Lake Mary, FL 32746"
  },
  {
    "name": "House of Tinks",
    "description": "Women's Clothing",
    "phone": "(407) 432-3499",
    "address": "street: 160 International Pkwy Ste 276 location: Lake Mary, FL 32746"
  },
  {
    "name": "Contiuum Inc",
    "description": "Women's Clothing",
    "phone": "(407) 333-8888",
    "address": "street: 1210 S International Pkwy location: Lake Mary, FL 32746"
  },
  {
    "name": "Dresses By Heather",
    "description": "Women's Clothing",
    "phone": "(407) 733-7831",
    "address": "street: 1958 Longwood Lake Mary Rd location: Longwood, FL 32750"
  },
  {
    "name": "Racing Planet USA Inc",
    "description": "Department Stores",
    "phone": "(786) 866-8774",
    "address": "street: 1780 Doyle Rd location: Deltona, FL 32725"
  },
  {
    "name": "Karalou's Bridal",
    "description": "Bridal Shops",
    "phone": "(386) 775-2900",
    "address": "street: 840 Saxon Blvd Ste 27 location: Orange City, FL 32763"
  },
  {
    "name": "I Dollar Store",
    "description": "Variety Stores",
    "phone": "(407) 388-1239",
    "address": "street: 1750 Sunshadow Dr location: Casselberry, FL 32707"
  },
  {
    "name": "Target",
    "description": "General Merchandise",
    "phone": "(386) 774-5574",
    "address": "street: 2575 Enterprise Rd location: Orange City, FL 32763"
  },
  {
    "name": "Hibbett Sports",
    "description": "Sporting Goods",
    "phone": "(386) 228-2077",
    "address": "street: 937 Harley Strickland Blvd location: Orange City, FL 32763"
  },
  {
    "name": "Dollar Days",
    "description": "Department Stores",
    "phone": "(407) 767-7700",
    "address": "street: 188 S Us Highway 17 92 location: Longwood, FL 32750"
  },
  {
    "name": "Lids",
    "description": "Hat Shops",
    "phone": "(407) 260-2351",
    "address": "street: 451 E Altamonte Dr location: Longwood, FL 32750"
  },
  {
    "name": "pOpshelf",
    "description": "Variety Stores",
    "phone": "(386) 342-7441",
    "address": "street: 810 Saxon Blvd location: Orange City, FL 32763"
  },
  {
    "name": "Walmart Grocery Pickup",
    "description": "Department Stores",
    "phone": "(386) 414-3403",
    "address": "street: 1569 Saxon Blvd location: Deltona, FL 32725"
  },
  {
    "name": "Hot Looks of Florida",
    "description": "Women's Clothing",
    "phone": "(386) 532-2250",
    "address": "street: 2031 Saxon Blvd location: Deltona, FL 32725"
  },
  {
    "name": "Famous Footwear",
    "description": "Shoe Stores",
    "phone": "(386) 774-5019",
    "address": "street: 1021 Harley Strickland Blvd location: Orange City, FL 32763"
  },
  {
    "name": "Super Hot Bats",
    "description": "Baseball Clubs & Parks",
    "phone": "(747) 900-2287",
    "address": "street: 450 Harbour Isle Way location: Longwood, FL 32750"
  },
  {
    "name": "Rip the Rack PRO Shop",
    "description": "Golf Equipment & Supplies",
    "phone": "(407) 834-4004",
    "address": "street: 607 Savage Ct location: Longwood, FL 32750"
  },
  {
    "name": "Walmart Supercenter",
    "description": "General Merchandise",
    "phone": "(407) 328-8052",
    "address": "street: 101 Howland Blvd location: Deltona, FL 32738"
  },
  {
    "name": "Target",
    "description": "General Merchandise",
    "phone": "(407) 830-7979",
    "address": "street: 4410 S Us Highway 17/92 location: Casselberry, FL 32707"
  },
  {
    "name": "Peru Unlimited",
    "description": "Men's Clothing Wholesalers & Manufacturers",
    "phone": "(407) 831-2788",
    "address": "street: 1335 Bennett Dr Unit 113 location: Longwood, FL 32750"
  },
  {
    "name": "Elegant Etchings",
    "description": "Women's Clothing",
    "phone": "(407) 767-6559",
    "address": "street: 290 Bay St location: Casselberry, FL 32707"
  },
  {
    "name": "Sales Team USA Incorporated.Com",
    "description": "Department Stores",
    "phone": "(407) 365-7299",
    "address": "street: 902 Lingo Ct location: Oviedo, FL 32765"
  },
  {
    "name": "I Woman Corp",
    "description": "Women's Clothing",
    "phone": "(407) 834-7112",
    "address": "street: 1903 W State Road 434 location: Longwood, FL 32750"
  },
  {
    "name": "JoS. A. Bank",
    "description": "Men's Clothing",
    "phone": "(407) 331-8600",
    "address": "street: 1823 W State Road 434 location: Longwood, FL 32750"
  },
  {
    "name": "Paul Harris",
    "description": "Women's Clothing",
    "phone": "(407) 977-2991",
    "address": "street: 1240 Oviedo Mall Blvd location: Oviedo, FL 32765"
  },
  {
    "name": "Sassys Bridal",
    "description": "Bridal Shops",
    "phone": "(407) 542-4942",
    "address": "street: 1665 Oviedo Mall Blvd location: Oviedo, FL 32765"
  },
  {
    "name": "Finish Line",
    "description": "Shoe Stores",
    "phone": "(407) 971-7300",
    "address": "street: 1400 Oviedo Mall Blvd location: Oviedo, FL 32765"
  },
  {
    "name": "Men's Wearhouse",
    "description": "Men's Clothing",
    "phone": "(407) 977-3791",
    "address": "street: 1405 Oviedo Mall Blvd location: Oviedo, FL 32765"
  },
  {
    "name": "Paris Fashion",
    "description": "Women's Clothing",
    "phone": "(407) 542-0340",
    "address": "street: 1452 Oviedo Mall Blvd location: Oviedo, FL 32765"
  },
  {
    "name": "Victoria's Secret",
    "description": "Lingerie",
    "phone": "(407) 365-9040",
    "address": "street: 1650 Oviedo Mall Blvd location: Oviedo, FL 32765"
  },
  {
    "name": "Ann Taylor",
    "description": "Women's Clothing",
    "phone": "(407) 977-5643",
    "address": "street: 1257 Oviedo Mall Blvd location: Oviedo, FL 32765"
  },
  {
    "name": "Sassy's Bridal",
    "description": "Bridal Shops",
    "phone": "(407) 542-4942",
    "address": "street: 1245 Oviedo Mall Blvd location: Oviedo, FL 32765"
  },
  {
    "name": "Bon Worth Inc",
    "description": "Women's Clothing",
    "phone": "(407) 359-8769",
    "address": "street: 1215 Oviedo Mall Blvd location: Oviedo, FL 32765"
  },
  {
    "name": "Champs Sports",
    "description": "Sportswear",
    "phone": "(407) 977-2422",
    "address": "street: 1195 Oviedo Mall Blvd location: Oviedo, FL 32765"
  },
  {
    "name": "Dillard's",
    "description": "Department Stores",
    "phone": "(407) 977-9996",
    "address": "street: 1000 Oviedo Mall Blvd location: Oviedo, FL 32765"
  },
  {
    "name": "JoS. A. Bank",
    "description": "Men's Clothing",
    "phone": "(407) 977-0244",
    "address": "street: 1025 Oviedo Mall Blvd location: Oviedo, FL 32765"
  },
  {
    "name": "Prairie Lake Plaza",
    "description": "Department Stores",
    "phone": "(407) 332-8947",
    "address": "street: 1140 E Altamonte Dr Ste 1016 location: Altamonte Springs, FL 32701"
  },
  {
    "name": "Americanstrongheart US",
    "description": "Department Stores",
    "phone": "(407) 259-9886",
    "address": "street: 1669 Amboy Dr location: Deltona, FL 32738"
  },
  {
    "name": "Kkrows",
    "description": "Sportswear",
    "phone": "(407) 468-8854",
    "address": "street: 269 Aulin Ave location: Oviedo, FL 32765"
  },
  {
    "name": "Target",
    "description": "General Merchandise",
    "phone": "(407) 366-5900",
    "address": "street: 820 Oviedo Mall Blvd location: Oviedo, FL 32765"
  },
  {
    "name": "Cotton Ways",
    "description": "Boutique Items",
    "phone": "(407) 977-2888",
    "address": "street: 200 S Central Ave location: Oviedo, FL 32765"
  },
  {
    "name": "Casual Male XL",
    "description": "Men's Clothing",
    "phone": "(407) 767-5336",
    "address": "street: 620 E Altamonte Dr location: Altamonte Springs, FL 32701"
  },
  {
    "name": "Play It Again Sports",
    "description": "Sporting Goods",
    "phone": "(407) 677-5007",
    "address": "street: 1425 Tuskawilla Rd Ste 195 location: Winter Springs, FL 32708"
  },
  {
    "name": "BeautiFull Bridal",
    "description": "Bridal Shops",
    "phone": "(407) 637-5506",
    "address": "street: 909 State Road 436 location: Casselberry, FL 32707"
  },
  {
    "name": "Geneva General Store",
    "description": "General Merchandise",
    "phone": "(407) 349-5827",
    "address": "street: 155 W State Road 46 location: Geneva, FL 32732"
  },
  {
    "name": "Walmart",
    "description": "General Merchandise",
    "phone": "(407) 774-9966",
    "address": "street: 200 S State Road 434 location: Altamonte Springs, FL 32714"
  },
  {
    "name": "Target",
    "description": "General Merchandise",
    "phone": "(407) 788-7377",
    "address": "street: 886 W State Road 436 location: Altamonte Springs, FL 32714"
  },
  {
    "name": "A & G Sports Corner",
    "description": "Sports Cards & Memorabilia",
    "phone": "(407) 731-9871",
    "address": "street: 5445 Lake Howell Rd Unit D5 location: Winter Park, FL 32792"
  },
  {
    "name": "Sears",
    "description": "Auto Repair & Service",
    "phone": "(407) 767-6255",
    "address": "street: 452 E Altamonte Dr Ste 401 location: Altamonte Springs, FL 32701"
  },
  {
    "name": "Victoria's Secret",
    "description": "Lingerie",
    "phone": "(407) 767-8547",
    "address": "street: 451 E Altamonte Dr location: Altamonte Springs, FL 32701"
  },
  {
    "name": "Men's Wearhouse",
    "description": "Men's Clothing",
    "phone": "(407) 834-6116",
    "address": "street: 430 E Altamonte Dr location: Altamonte Springs, FL 32701"
  },
  {
    "name": "Walmart Supercenter",
    "description": "General Merchandise",
    "phone": "(407) 679-0377",
    "address": "street: 1239 State Road 436 Ste 101 location: Casselberry, FL 32707"
  },
  {
    "name": "Men's Wearhouse",
    "description": "Men's Clothing",
    "phone": "(407) 830-0020",
    "address": "street: 451 E Altamonte Dr Ste 2125 location: Altamonte Springs, FL 32701"
  },
  {
    "name": "Dillard's",
    "description": "Department Stores",
    "phone": "(407) 830-1211",
    "address": "street: 451 E Altamonte Dr Ste 1101 location: Altamonte Springs, FL 32701"
  },
  {
    "name": "Foot Locker",
    "description": "Shoe Stores",
    "phone": "(407) 331-3882",
    "address": "street: 451 E Altamonte Dr Ste 1413 location: Altamonte Springs, FL 32701"
  },
  {
    "name": "Golf Galaxy",
    "description": "Sportswear",
    "phone": "(407) 389-1295",
    "address": "street: 297 W State Road 436 location: Altamonte Springs, FL 32714"
  },
  {
    "name": "Sears Outlet",
    "description": "Discount Stores",
    "phone": "(386) 734-6628",
    "address": "street: 2661A S Woodland Blvd location: Deland, FL 32720"
  },
  {
    "name": "Motherhood Maternity",
    "description": "Maternity Clothes",
    "phone": "(407) 260-1006",
    "address": "street: 451 E Altamonte Dr location: Altamonte Springs, FL 32701"
  },
  {
    "name": "Champs Sports",
    "description": "Sportswear",
    "phone": "(407) 834-0100",
    "address": "street: 451 E Altamonte Dr location: Altamonte Springs, FL 32701"
  },
  {
    "name": "Macy's Backstage",
    "description": "Men's Clothing",
    "phone": "(407) 830-2300",
    "address": "street: 451 E Altamonte Dr location: Altamonte Springs, FL 32701"
  },
  {
    "name": "Hibbett Sports",
    "description": "Sporting Goods",
    "phone": "(407) 767-7671",
    "address": "street: 451 E Altamonte Dr Ste 2417 location: Altamonte Springs, FL 32701"
  },
  {
    "name": "Vans",
    "description": "Shoe Stores",
    "phone": "(321) 207-3254",
    "address": "street: 451 E Altamonte Dr Ste 1369 location: Altamonte Springs, FL 32701"
  },
  {
    "name": "Francesca's",
    "description": "Women's Clothing",
    "phone": "(407) 457-3986",
    "address": "street: 451 E Altamonte Dr location: Altamonte Springs, FL 32701"
  },
  {
    "name": "SKECHERS Retail",
    "description": "Shoe Stores",
    "phone": "(407) 332-7362",
    "address": "street: 451 E Altamonte Dr Ste 1341 location: Altamonte Springs, FL 32701"
  },
  {
    "name": "Cache Inc",
    "description": "Women's Clothing",
    "phone": "(407) 830-0881",
    "address": "street: 451 E Altamonte Dr location: Altamonte Springs, FL 32701"
  },
  {
    "name": "Elite",
    "description": "Men's Clothing",
    "phone": "(407) 834-0584",
    "address": "street: 451 E Altamonte Dr location: Altamonte Springs, FL 32701"
  },
  {
    "name": "Lids",
    "description": "Hat Shops",
    "phone": "(407) 339-8547",
    "address": "street: 451 E Altamonte Dr location: Altamonte Springs, FL 32701"
  },
  {
    "name": "Ann Taylor",
    "description": "Women's Clothing",
    "phone": "(407) 331-1012",
    "address": "street: 451 E Altamonte Dr location: Altamonte Springs, FL 32701"
  },
  {
    "name": "The Limited",
    "description": "Women's Clothing",
    "phone": "(407) 834-7700",
    "address": "street: 451 E Altamonte Dr location: Altamonte Springs, FL 32701"
  },
  {
    "name": "Body Central",
    "description": "Women's Clothing",
    "phone": "(904) 737-0811",
    "address": "street: 451 E Altamonte Dr location: Altamonte Springs, FL 32701"
  },
  {
    "name": "Garcia Leon Enterprises",
    "description": "Women's Clothing",
    "phone": "(407) 834-0296",
    "address": "street: 451 E Altamonte Dr location: Altamonte Springs, FL 32701"
  },
  {
    "name": "Soma Intimates",
    "description": "Lingerie",
    "phone": "(407) 670-1400",
    "address": "street: 451 E Altamonte Dr Ste 2165 location: Altamonte Springs, FL 32701"
  },
  {
    "name": "Michael Kors",
    "description": "Women's Clothing",
    "phone": "(407) 551-4000",
    "address": "street: 451 E Altamonte Dr Ste 2157 location: Altamonte Springs, FL 32701"
  },
  {
    "name": "Francesca's",
    "description": "Women's Clothing",
    "phone": "(321) 527-7087",
    "address": "street: 451 E Altamonte Dr location: Altamonte Springs, FL 32701"
  },
  {
    "name": "Pro Image",
    "description": "Sportswear",
    "phone": "(407) 755-2004",
    "address": "street: 451 E Altamonte Dr location: Altamonte Springs, FL 32701"
  },
  {
    "name": "Volcom",
    "description": "Sportswear",
    "phone": "(689) 227-7845",
    "address": "street: 451 E Altamonte Dr location: Altamonte Springs, FL 32701"
  },
  {
    "name": "Edwin Watts Golf",
    "description": "Golf Equipment & Supplies",
    "phone": "(407) 260-2811",
    "address": "street: 398 E Altamonte Dr location: Altamonte Springs, FL 32701"
  },
  {
    "name": "Florida Specialty Products",
    "description": "General Merchandise",
    "phone": "(321) 765-4975",
    "address": "street: 1636 Smithfield Way location: Oviedo, FL 32765"
  },
  {
    "name": "Nice Shot Tennis & Golf",
    "description": "Tennis Equipment & Supplies",
    "phone": "(407) 678-4015",
    "address": "street: 1015 State Road 436 location: Casselberry, FL 32707"
  },
  {
    "name": "Victoria's Secret & PINK by Victoria's Secret",
    "description": "Lingerie",
    "phone": "(407) 767-8547",
    "address": "street: 415 E Altamonte Dr # 2437 location: Altamonte Springs, FL 32701"
  },
  {
    "name": "Lane Bryant",
    "description": "Women's Clothing",
    "phone": "(407) 618-1688",
    "address": "street: 397 E Altamonte Dr location: Altamonte Springs, FL 32701"
  },
  {
    "name": "Fleet Feet Sports",
    "description": "Shoe Stores",
    "phone": "(407) 772-2233",
    "address": "street: 303 E Altamonte Dr Ste 1250 location: Altamonte Springs, FL 32701"
  },
  {
    "name": "Ballball",
    "description": "Sportswear",
    "phone": "(407) 960-6654",
    "address": "street: 303 E Altamonte Dr location: Altamonte Springs, FL 32701"
  },
  {
    "name": "Peru Unlimited",
    "description": "Men's Clothing",
    "phone": "(407) 869-8488",
    "address": "street: 2901 W State Road 434 location: Longwood, FL 32779"
  },
  {
    "name": "Computech City",
    "description": "Department Stores",
    "phone": "(407) 366-4207",
    "address": "street: 106 W Mitchell Hammock Rd location: Oviedo, FL 32765"
  },
  {
    "name": "Motherhood Maternity",
    "description": "Maternity Clothes",
    "phone": "(215) 555-1212",
    "address": "street: 130 E Altamonte Dr location: Altamonte Springs, FL 32701"
  },
  {
    "name": "Play It Again Sports - Altamonte Springs",
    "description": "Sporting Goods",
    "phone": "(407) 788-8280",
    "address": "street: 950 N State Road 434 location: Altamonte Springs, FL 32714"
  },
  {
    "name": "Christine Mooney Retail",
    "description": "Department Stores",
    "phone": "(386) 956-0404",
    "address": "street: 2545 Derby Dr location: Deltona, FL 32738"
  },
  {
    "name": "The Greenleaf Garden",
    "description": "Merchandising Service",
    "phone": "(732) 567-5413",
    "address": "street: PO Box 150604 location: Altamonte Springs, FL 32715"
  },
  {
    "name": "Your Closet Consignment",
    "description": "Men's Clothing",
    "phone": "(407) 774-4004",
    "address": "street: 195 S Westmonte Dr location: Altamonte Springs, FL 32714"
  },
  {
    "name": "Bb2resale",
    "description": "Sportswear",
    "phone": "(321) 972-6688",
    "address": "street: 134 W York Ct location: Longwood, FL 32779"
  },
  {
    "name": "Five Below",
    "description": "Department Stores",
    "phone": "(407) 681-0098",
    "address": "street: 1455 State Road 436 location: Casselberry, FL 32707"
  },
  {
    "name": "Hibbett Sports",
    "description": "Sporting Goods",
    "phone": "(689) 312-0307",
    "address": "street: 1455 State Road 436 Ste 227 location: Casselberry, FL 32707"
  },
  {
    "name": "Famous Footwear",
    "description": "Shoe Stores",
    "phone": "(407) 834-1036",
    "address": "street: 1455 State Road 436 location: Casselberry, FL 32707"
  },
  {
    "name": "Vera Wear",
    "description": "Fashion Designers",
    "phone": "(407) 777-9557",
    "address": "street: 467 Lake Howell Rd location: Maitland, FL 32751"
  },
  {
    "name": "P.S. I love you! Clothing",
    "description": "Fashion Designers",
    "phone": "(407) 702-5284",
    "address": "street: 540 N State Road 434 Ste 134 location: Altamonte Springs, FL 32714"
  },
  {
    "name": "Tori's Closet",
    "description": "Women's Clothing",
    "phone": "(315) 447-1974",
    "address": "street: 5415 Lake Howell Rd location: Winter Park, FL 32792"
  },
  {
    "name": "BonWorth",
    "description": "Women's Clothing",
    "phone": "(407) 682-2164",
    "address": "street: 955 W State Road 436 Ste 1020 location: Altamonte Springs, FL 32714"
  },
  {
    "name": "Charming Beauty Express",
    "description": "Women's Fashion Accessories",
    "phone": "(407) 865-7565",
    "address": "street: 895 Wymore Rd location: Altamonte Springs, FL 32714"
  },
  {
    "name": "Five Below",
    "description": "Department Stores",
    "phone": "(321) 273-8267",
    "address": "street: 2701 S Woodland Blvd location: Deland, FL 32720"
  },
  {
    "name": "Hibbett Sports",
    "description": "Sporting Goods",
    "phone": "(689) 245-9238",
    "address": "street: 380 S State Road 434 Ste 1011 location: Altamonte Springs, FL 32714"
  },
  {
    "name": "Famous Footwear",
    "description": "Shoe Stores",
    "phone": "(407) 551-2397",
    "address": "street: 380 S State Road 434 location: Altamonte Springs, FL 32714"
  },
  {
    "name": "Walmart Supercenter",
    "description": "General Merchandise",
    "phone": "(407) 618-5013",
    "address": "street: 5511 Deep Lake Rd location: Oviedo, FL 32765"
  },
  {
    "name": "Sears Outlet",
    "description": "Discount Stores",
    "phone": "(386) 734-6628",
    "address": "street: 2661 S Woodland Blvd location: Deland, FL 32720"
  },
  {
    "name": "pOpshelf",
    "description": "Variety Stores",
    "phone": "(386) 232-8906",
    "address": "street: 2661 S Woodland Blvd location: Deland, FL 32720"
  },
  {
    "name": "Belk",
    "description": "Department Stores",
    "phone": "(386) 785-0043",
    "address": "street: 2617 S Woodland Blvd location: Deland, FL 32720"
  },
  {
    "name": "Fleet Feet Sports",
    "description": "Shoe Stores",
    "phone": "(407) 772-2233",
    "address": "street: 700 Sandspur Rd location: Maitland, FL 32751"
  },
  {
    "name": "Fleet Feet",
    "description": "Shoe Stores",
    "phone": "(407) 960-4519",
    "address": "street: 120 Independence Ln location: Maitland, FL 32751"
  },
  {
    "name": "Zema Boutique",
    "description": "Boutique Items",
    "phone": "(407) 790-4036",
    "address": "street: 208 Lyndhurst Ct location: Longwood, FL 32779"
  },
  {
    "name": "Kate Paris",
    "description": "Women's Clothing",
    "phone": "(407) 230-7807",
    "address": "street: 1900 Summit Tower Blvd location: Orlando, FL 32810"
  },
  {
    "name": "Mary's Alteration in Orlando",
    "description": "Bridal Shops",
    "phone": "(407) 535-2855",
    "address": "street: 1915 Bobtail Dr location: Maitland, FL 32751"
  },
  {
    "name": "Patricia Sullivan",
    "description": "Women's Fashion Accessories",
    "phone": "(407) 219-1189",
    "address": "street: 200 S West St location: Maitland, FL 32751"
  },
  {
    "name": "Bealls Department Store",
    "description": "Department Stores",
    "phone": "(407) 886-2719",
    "address": "street: 2302 E Semoran Blvd location: Apopka, FL 32703"
  },
  {
    "name": "Bealls Florida",
    "description": "Home Furnishings",
    "phone": "(407) 886-2719",
    "address": "street: 2302 E Semoran Blvd location: Apopka, FL 32703"
  },
  {
    "name": "Famous Footwear",
    "description": "Shoe Stores",
    "phone": "(407) 464-1004",
    "address": "street: 2207 E Semoran Blvd location: Apopka, FL 32703"
  },
  {
    "name": "Stylesfourless",
    "description": "Women's Clothing",
    "phone": "(407) 464-0527",
    "address": "street: 2195 E Semoran Blvd location: Apopka, FL 32703"
  },
  {
    "name": "Tgb Fashion",
    "description": "Women's Clothing",
    "phone": "(407) 814-3919",
    "address": "street: 2169 E Semoran Blvd location: Apopka, FL 32703"
  },
  {
    "name": "Judith Zavatchin",
    "description": "Department Stores",
    "phone": "(407) 884-4738",
    "address": "street: 1279 Erdman Ct location: Apopka, FL 32703"
  },
  {
    "name": "Teri Lyn Design",
    "description": "Women's Clothing",
    "phone": "(407) 295-3541",
    "address": "street: 4553 Malik Cres location: Orlando, FL 32810"
  },
  {
    "name": "Burgundy boutique",
    "description": "Hat Shops",
    "phone": "(862) 324-2005",
    "address": "street: Online location: Orlando, FL 32810"
  },
  {
    "name": "Edge Apparel",
    "description": "Caps",
    "phone": "(407) 286-1174",
    "address": "street: Po Box 616150 location: Orlando, FL 32861"
  },
  {
    "name": "Destiny C Fashions",
    "description": "Men's Clothing",
    "phone": "(866) 721-4815",
    "address": "street: Po Box 2685 location: Orlando, FL 32802"
  },
  {
    "name": "All American Al Uminum",
    "description": "Aluminum Products",
    "phone": "(407) 516-5454",
    "address": "street: 3740 All American Blvd location: Orlando, FL 32810"
  },
  {
    "name": "National Sportswear Inc",
    "description": "Sportswear",
    "phone": "(407) 880-3686",
    "address": "street: 2172 Platinum Rd location: Apopka, FL 32703"
  },
  {
    "name": "Bhnis Bhn DP",
    "description": "Sportswear",
    "phone": "(407) 286-7959",
    "address": "street: 3767 All American Blvd location: Orlando, FL 32810"
  },
  {
    "name": "Bhn DP Arthur T Lattimore",
    "description": "Sportswear",
    "phone": "(407) 704-3807",
    "address": "street: 3767 All American Blvd location: Orlando, FL 32810"
  },
  {
    "name": "Doll House Boutique",
    "description": "Women's Clothing",
    "phone": "(407) 421-1797",
    "address": "street: 5744 N Orange Blossom Trail location: Orlando, FL 32810"
  },
  {
    "name": "Hibbett Sports",
    "description": "Sporting Goods",
    "phone": "(407) 784-5531",
    "address": "street: 5860 N Orange Blossom Trl Spc 280 location: Orlando, FL 32810"
  },
  {
    "name": "Feral Kids Creation",
    "description": "Men's Clothing",
    "phone": "(386) 500-8142",
    "address": "street: 31738 hillside dr location: deland, FL 32720"
  },
  {
    "name": "bebe",
    "description": "Women's Clothing",
    "phone": "(321) 263-0149",
    "address": "street: 451 E Altamonte Dr Ste 2437 location: Altamonte Springs, FL 32701"
  },
  {
    "name": "Scholar-Baller® / AthletesThink®",
    "description": "Women's Clothing",
    "phone": "(321) 443-0652",
    "address": "street: PO Box 780322 location: Orlando, FL 32878"
  }
]