[
  {
    "dataYpid": "10183870",
    "name": "Cheep Cheep Postcards - Direct Mail Advertising",
    "description": "Marketing Programs & Services",
    "phone": "(888) 222-4337",
    "address": "street: N/A location: N/A"
  },
  {
    "dataYpid": "21870404",
    "name": "Writing Assistance Inc.",
    "description": "Educational Services",
    "phone": "(866) 674-5125",
    "address": "street: N/A location: N/A"
  },
  {
    "dataYpid": "549130490",
    "name": "Bold City Bots",
    "description": "Marketing Programs & Services",
    "phone": "(904) 210-2264",
    "address": "street: N/A location: N/A"
  },
  {
    "dataYpid": "451287946",
    "name": "Street Side Promotions",
    "description": "Marketing Programs & Services",
    "phone": "(904) 469-5826",
    "address": "street: N/A location: N/A"
  },
  {
    "dataYpid": "527455826",
    "name": "Ulrich Research Services",
    "description": "Market Research & Analysis",
    "phone": "(904) 264-5571",
    "address": "street: N/A location: Orange Park, FL 32073"
  },
  {
    "dataYpid": "474991329",
    "name": "Unicorn Web Development",
    "description": "Web Site Design & Services",
    "phone": "(904) 282-7454",
    "address": "street: N/A location: Middleburg, FL 32068"
  },
  {
    "dataYpid": "513130376",
    "name": "Yango Solution",
    "description": "Marketing Consultants",
    "phone": "(514) 705-6653",
    "address": "street: N/A location: N/A"
  },
  {
    "dataYpid": "523858170",
    "name": "Industry Newsletters",
    "description": "Marketing Programs & Services",
    "phone": "(240) 252-2077",
    "address": "street: 411 Walnut St location: Green Cove Springs, FL 32043"
  },
  {
    "dataYpid": "453972599",
    "name": "Live Well Marketing",
    "description": "Marketing Programs & Services",
    "phone": "(904) 272-2100",
    "address": "street: 2561 County Road 220 location: Middleburg, FL 32068"
  },
  {
    "dataYpid": "496047285",
    "name": "Revision Marketing LLC",
    "description": "Marketing Programs & Services",
    "phone": "(904) 214-4929",
    "address": "street: 4058 Everett Ave location: Middleburg, FL 32068"
  },
  {
    "dataYpid": "574148798",
    "name": "Marketing Armor",
    "description": "Marketing Programs & Services",
    "phone": "(904) 900-5812",
    "address": "street: 4726 Us Highway 17 location: Fleming Island, FL 32003"
  },
  {
    "dataYpid": "505817105",
    "name": "Bizooma Inc",
    "description": "Marketing Programs & Services",
    "phone": "(904) 327-3311",
    "address": "street: 884 Creighton Rd location: Fleming Island, FL 32003"
  },
  {
    "dataYpid": "28637448",
    "name": "Power Marketing Group Inc",
    "description": "Marketing Programs & Services",
    "phone": "(904) 272-9799",
    "address": "street: 2068 Pimlico Pl location: Orange Park, FL 32073"
  },
  {
    "dataYpid": "481034934",
    "name": "FMC Marketing",
    "description": "Marketing Programs & Services",
    "phone": "(904) 729-3923",
    "address": "street: 22 Ashlar Dr location: Saint Johns, FL 32259"
  },
  {
    "dataYpid": "575038370",
    "name": "Fable Heart Media",
    "description": "Marketing Programs & Services",
    "phone": "(904) 479-1472",
    "address": "street: 255 Rivertown Shops Dr Ste 102 PMB 126 location: Saint Johns, FL 32259"
  },
  {
    "dataYpid": "553692978",
    "name": "Lists",
    "description": "Marketing Programs & Services",
    "phone": "(904) 660-0596",
    "address": "street: 1820 State Road 13 N location: Saint Johns, FL 32259"
  },
  {
    "dataYpid": "460371754",
    "name": "Motionbuzz Web Design and Marketing",
    "description": "Web Site Design & Services",
    "phone": "(904) 213-9415",
    "address": "street: 752 Blanding Blvd Ste 105 location: Orange Park, FL 32065"
  },
  {
    "dataYpid": "548490884",
    "name": "Orions Online",
    "description": "Marketing Consultants",
    "phone": "(904) 554-0336",
    "address": "street: 200 Evergreen Ln location: Lakeside, FL 32068"
  },
  {
    "dataYpid": "527890868",
    "name": "Johnsati.com",
    "description": "Internet Marketing & Advertising",
    "phone": "(310) 299-0932",
    "address": "street: 4650 Javeline St location: Middleburg, FL 32068"
  },
  {
    "dataYpid": "452110917",
    "name": "SearchXcel",
    "description": "Internet Marketing & Advertising",
    "phone": "(877) 400-0252",
    "address": "street: 1778 Fiddlers Ridge Dr location: Fleming Island, FL 32003"
  },
  {
    "dataYpid": "464474146",
    "name": "web904.com, LLC",
    "description": "Internet Marketing & Advertising",
    "phone": "(904) 375-0194",
    "address": "street: 2752 Greenridge Rd location: Orange Park, FL 32073"
  },
  {
    "dataYpid": "560317044",
    "name": "Vector Marketing",
    "description": "Marketing Consultants",
    "phone": "(904) 430-0112",
    "address": "street: 1860 Town Hall Cir Ste 59 location: Fleming Island, FL 32003"
  },
  {
    "dataYpid": "520448071",
    "name": "Sonafide Digital Marketing",
    "description": "Marketing Consultants",
    "phone": "(904) 415-4270",
    "address": "street: 1822 Sheraton Lakes Cir location: Middleburg, FL 32068"
  },
  {
    "dataYpid": "528394145",
    "name": "Ezy Marketing",
    "description": "Marketing Consultants",
    "phone": "(904) 269-8630",
    "address": "street: 1845 Town Center Blvd location: Fleming Island, FL 32003"
  },
  {
    "dataYpid": "454942868",
    "name": "Sigma Marketing",
    "description": "Marketing Consultants",
    "phone": "(904) 282-2555",
    "address": "street: 5 Aster Ave location: Middleburg, FL 32068"
  },
  {
    "dataYpid": "543152936",
    "name": "S & S Alliance Partners Corp",
    "description": "Marketing Consultants",
    "phone": "(904) 602-5551",
    "address": "street: 1575 Sailmaker Ln location: Fleming Island, FL 32003"
  },
  {
    "dataYpid": "2310365",
    "name": "Lead Quest International Inc",
    "description": "Telemarketing Services",
    "phone": "(904) 644-7969",
    "address": "street: 752 Blanding Blvd location: Orange Park, FL 32065"
  },
  {
    "dataYpid": "520693403",
    "name": "Performance Sales & Marketing",
    "description": "Marketing Consultants",
    "phone": "(904) 264-5593",
    "address": "street: 2791 Forest Oaks Dr location: Orange Park, FL 32073"
  },
  {
    "dataYpid": "544518836",
    "name": "Herrera Digital Agency",
    "description": "Marketing Programs & Services",
    "phone": "(904) 416-5138",
    "address": "street: 9366 Daniel's Mill Dr location: Jacksonville, FL 32244"
  },
  {
    "dataYpid": "473430989",
    "name": "New Virtual Marketing",
    "description": "Marketing Programs & Services",
    "phone": "(904) 434-1171",
    "address": "street: 5447 Shady Pine St S location: Jacksonville, FL 32244"
  },
  {
    "dataYpid": "496136108",
    "name": "The $avings & $uccess Center",
    "description": "Marketing Programs & Services",
    "phone": "(904) 614-5449",
    "address": "street: 2105 Park Ave Ste 30 location: Orange Park, FL 32073"
  },
  {
    "dataYpid": "526558331",
    "name": "PVF Marketing Inc",
    "description": "Marketing Programs & Services",
    "phone": "(904) 262-0804",
    "address": "street: 12627 San Jose Blvd location: Jacksonville, FL 32223"
  },
  {
    "dataYpid": "462496976",
    "name": "The Publicity Queen",
    "description": "Marketing Programs & Services",
    "phone": "(904) 940-9140",
    "address": "street: 2033 Crown Dr location: Saint Augustine, FL 32092"
  },
  {
    "dataYpid": "472598502",
    "name": "Marketing Armor",
    "description": "Marketing Programs & Services",
    "phone": "(904) 900-5812",
    "address": "street: 2233 Park Ave Ste 204 location: Orange Park, FL 32073"
  },
  {
    "dataYpid": "561337934",
    "name": "S C MKTNG Solutions",
    "description": "Marketing Programs & Services",
    "phone": "(904) 375-8441",
    "address": "street: 74 Blanding Blvd location: Orange Park, FL 32073"
  },
  {
    "dataYpid": "21772879",
    "name": "Kessler Creative",
    "description": "Marketing Programs & Services",
    "phone": "(904) 346-3898",
    "address": "street: 12276 San Jose Blvd location: Jacksonville, FL 32223"
  },
  {
    "dataYpid": "469126287",
    "name": "Trendsetters Marketing",
    "description": "Marketing Programs & Services",
    "phone": "(904) 262-7077",
    "address": "street: 12025 San Jose Blvd location: Jacksonville, FL 32223"
  },
  {
    "dataYpid": "566318567",
    "name": "Jedi Marketing Concepts",
    "description": "Marketing Programs & Services",
    "phone": "(904) 229-5217",
    "address": "street: 517 Scrub Jay Rd location: Jacksonville, FL 32257"
  },
  {
    "dataYpid": "495425430",
    "name": "Renegade Agent Marketing",
    "description": "Marketing Programs & Services",
    "phone": "(904) 337-1677",
    "address": "street: 3020 Hartley Rd location: Jacksonville, FL 32257"
  },
  {
    "dataYpid": "528629647",
    "name": "Confluency Solutions",
    "description": "Marketing Programs & Services",
    "phone": "(904) 807-4766",
    "address": "street: 11250 Old Saint Augustine Rd location: Jacksonville, FL 32257"
  },
  {
    "dataYpid": "527475500",
    "name": "Concepts In Focus",
    "description": "Marketing Programs & Services",
    "phone": "(800) 685-7424",
    "address": "street: 1329 Kingsley Ave Ste A location: Orange Park, FL 32073"
  },
  {
    "dataYpid": "518075548",
    "name": "Avtez Corporation",
    "description": "Marketing Programs & Services",
    "phone": "(904) 352-8754",
    "address": "street: 10819 Birchard Ln location: Jacksonville, FL 32257"
  },
  {
    "dataYpid": "541606458",
    "name": "Merkley Marketing Group",
    "description": "Marketing Programs & Services",
    "phone": "(904) 217-3430",
    "address": "street: 704 Ginger Mill Dr. location: St. Johns, FL 32259"
  },
  {
    "dataYpid": "468334744",
    "name": "Merkley Marketing Group",
    "description": "Marketing Programs & Services",
    "phone": "(904) 217-3430",
    "address": "street: 357 Maplewood Dr location: Saint Johns, FL 32259"
  },
  {
    "dataYpid": "549146283",
    "name": "Ulrich Research Services Inc",
    "description": "Marketing Programs & Services",
    "phone": "(904) 264-3282",
    "address": "street: 1329 Kingsley Ave location: Orange Park, FL 32073"
  },
  {
    "dataYpid": "483291218",
    "name": "BrainSell Media, Inc.",
    "description": "Marketing Programs & Services",
    "phone": "(248) 672-8812",
    "address": "street: 4656 Tuscan Wood Ct location: Saint Augustine, FL 32092"
  },
  {
    "dataYpid": "507400902",
    "name": "web904.com, LLC",
    "description": "Marketing Programs & Services",
    "phone": "(904) 375-0194",
    "address": "street: 1850 Park Ave. #2 location: Orange Park, FL 32073"
  },
  {
    "dataYpid": "526381299",
    "name": "Accelerated.Sale",
    "description": "Marketing Programs & Services",
    "phone": "(561) 345-8500",
    "address": "street: 5400 Collins Lakes Dr location: Jacksonville, FL 32244"
  },
  {
    "dataYpid": "526012735",
    "name": "​Sunshine State Endless Possibilities",
    "description": "Marketing Programs & Services",
    "phone": "(904) 566-1949",
    "address": "street: 7055 Blanding Blvd Unit 442075 location: Jacksonville, FL 32222"
  },
  {
    "dataYpid": "504918078",
    "name": "PNK Video Productions",
    "description": "Marketing Programs & Services",
    "phone": "(904) 515-7534",
    "address": "street: 11259 Spurline Dr location: Jacksonville, FL 32257"
  },
  {
    "dataYpid": "472232364",
    "name": "Taphouse Graphics",
    "description": "Communications Services",
    "phone": "(949) 412-2278",
    "address": "street: 356 Stonehurst Pkwy location: Saint Augustine, FL 32092"
  },
  {
    "dataYpid": "503241877",
    "name": "SumitSEO",
    "description": "Internet Marketing & Advertising",
    "phone": "(904) 345-0944",
    "address": "street: 10503 San Jose Blvd Ste 4 location: Jacksonville, FL 32257"
  },
  {
    "dataYpid": "474534006",
    "name": "JaxSmallBiz SEO Services Jacksonville Florida",
    "description": "Internet Consultants",
    "phone": "(904) 437-0888",
    "address": "street: 8238 Pineverde Ln location: jacksonville, FL 32244"
  },
  {
    "dataYpid": "568075107",
    "name": "Renaissance Digital Marketing",
    "description": "Marketing Consultants",
    "phone": "(904) 844-9426",
    "address": "street: 109 Nature Walk Pkwy Unit 104 location: Saint Augustine, FL 32092"
  },
  {
    "dataYpid": "524250813",
    "name": "XL22 MEDIA & PROMOTIONS",
    "description": "Marketing Consultants",
    "phone": "(904) 321-9759",
    "address": "street: 3690 Creswick Cir location: Orange Park, FL 32065"
  },
  {
    "dataYpid": "474364419",
    "name": "Vizzitopia",
    "description": "Internet Marketing & Advertising",
    "phone": "(907) 217-3749",
    "address": "street: 12421 San Jose Blvd Ste 200g location: Jacksonville, FL 32223"
  },
  {
    "dataYpid": "482090961",
    "name": "Sigma Marketing",
    "description": "Marketing Consultants",
    "phone": "(904) 264-6006",
    "address": "street: 1543 Kingsley Ave location: Orange Park, FL 32073"
  },
  {
    "dataYpid": "505149290",
    "name": "enCode",
    "description": "Incentive Programs",
    "phone": "(904) 501-3042",
    "address": "street: Po Box 600534 location: Jacksonville, FL 32260"
  },
  {
    "dataYpid": "518275349",
    "name": "DarttSpark Marketing",
    "description": "Internet Marketing & Advertising",
    "phone": "(904) 567-7977",
    "address": "street: 12330 Valpariso Trl location: Jacksonville, FL 32223"
  },
  {
    "dataYpid": "470263701",
    "name": "DRIVEN2WIN",
    "description": "Sales Promotion Service",
    "phone": "(904) 638-7200",
    "address": "street: 450 State Road 13 Ste 106 location: Saint Johns, FL 32259"
  },
  {
    "dataYpid": "560990394",
    "name": "1stOpresidentialcleaning.com",
    "description": "Internet Marketing & Advertising",
    "phone": "(904) 738-7260",
    "address": "street: 9526 Argyle Forest Blvd location: Jacksonville, FL 32222"
  },
  {
    "dataYpid": "576480378",
    "name": "Maxclix",
    "description": "Internet Marketing & Advertising",
    "phone": "(844) 629-2549",
    "address": "street: 4656 Collins Rd location: Jacksonville, FL 32244"
  },
  {
    "dataYpid": "478359572",
    "name": "HFI Web Design",
    "description": "Internet Marketing & Advertising",
    "phone": "(904) 699-3429",
    "address": "street: 4514 Julington Creek Rd location: Jacksonville, FL 32258"
  },
  {
    "dataYpid": "497696918",
    "name": "Daily Net Pay",
    "description": "Internet Marketing & Advertising",
    "phone": "(904) 887-8478",
    "address": "street: 3355 Claire Ln location: Jacksonville, FL 32223"
  },
  {
    "dataYpid": "552091326",
    "name": "Ledpetsaccessories.com",
    "description": "Internet Marketing & Advertising",
    "phone": "(904) 982-6062",
    "address": "street: 5623 Ortega Park Blvd location: Jacksonville, FL 32244"
  },
  {
    "dataYpid": "470422796",
    "name": "Search Seek Destroy",
    "description": "Internet Marketing & Advertising",
    "phone": "(904) 469-7335",
    "address": "street: 11979 Colby Creek Dr location: Jacksonville, FL 32258"
  },
  {
    "dataYpid": "7509994",
    "name": "Sigma Marketing",
    "description": "Marketing Consultants",
    "phone": "(904) 264-6006",
    "address": "street: 543 Kingsley Ave location: Orange Park, FL 32073"
  },
  {
    "dataYpid": "28715008",
    "name": "Paradigm Mobile",
    "description": "Marketing Consultants",
    "phone": "(904) 217-7354",
    "address": "street: 512 Royal Stewart Ct location: Saint Johns, FL 32259"
  },
  {
    "dataYpid": "543462842",
    "name": "Strong Thrift Marketing",
    "description": "Marketing Consultants",
    "phone": "(904) 342-2528",
    "address": "street: 616 State Road 13 N location: Saint Johns, FL 32259"
  },
  {
    "dataYpid": "472814902",
    "name": "Xsite Digital, Inc.",
    "description": "Advertising Agencies",
    "phone": "(904) 477-3667",
    "address": "street: 549 Dandelion Dr location: Saint Johns, FL 32259"
  },
  {
    "dataYpid": "466263616",
    "name": "Social Butterfly",
    "description": "Marketing Consultants",
    "phone": "(904) 654-1624",
    "address": "street: 257 Bell Branch Ln location: Saint Johns, FL 32259"
  },
  {
    "dataYpid": "492359315",
    "name": "Daniel Marketing Services Inc",
    "description": "Marketing Consultants",
    "phone": "(904) 217-0477",
    "address": "street: 152 River Plantation Rd N location: Saint Augustine, FL 32092"
  },
  {
    "dataYpid": "527587688",
    "name": "Cool Foods of North Florida",
    "description": "Marketing Consultants",
    "phone": "(877) 755-7276",
    "address": "street: 2719 Brandybuck Trl location: Jacksonville, FL 32223"
  },
  {
    "dataYpid": "19857872",
    "name": "The Integrity Solutions",
    "description": "Marketing Consultants",
    "phone": "(904) 772-1490",
    "address": "street: 9025 Bridgecreek Dr location: Jacksonville, FL 32244"
  },
  {
    "dataYpid": "480064988",
    "name": "Acosta Inc",
    "description": "Food Products-Wholesale",
    "phone": "(904) 772-1200",
    "address": "street: 6255 Lake Gray Blvd location: Jacksonville, FL 32244"
  },
  {
    "dataYpid": "464219751",
    "name": "Smart Works Marketing Communications",
    "description": "Marketing Consultants",
    "phone": "(904) 288-6600",
    "address": "street: 11247 San Jose Blvd location: Jacksonville, FL 32223"
  },
  {
    "dataYpid": "478401974",
    "name": "W.O.K. Marketing, Inc.",
    "description": "Marketing Consultants",
    "phone": "(904) 634-7188",
    "address": "street: 2970 Hartley Rd location: Jacksonville, FL 32257"
  },
  {
    "dataYpid": "451008793",
    "name": "Blue Water Design Studio",
    "description": "Marketing Consultants",
    "phone": "(904) 322-7625",
    "address": "street: 7341 Hennessy Rd location: Jacksonville, FL 32244"
  },
  {
    "dataYpid": "560351089",
    "name": "High Line Leads",
    "description": "Advertising Agencies",
    "phone": "(904) 236-6160",
    "address": "street: 5724 Gasparilla Park Ct location: Jacksonville, FL 32244"
  },
  {
    "dataYpid": "508855642",
    "name": "Taking Cash Back",
    "description": "Sales Promotion Service",
    "phone": "(904) 662-4261",
    "address": "street: 11250 Old Saint Augustine Rd location: Jacksonville, FL 32257"
  },
  {
    "dataYpid": "535123849",
    "name": "Vector Marketing",
    "description": "Marketing Consultants",
    "phone": "(904) 647-5517",
    "address": "street: 10450 San Jose Blvd location: Jacksonville, FL 32257"
  },
  {
    "dataYpid": "480630474",
    "name": "Amy W Pritchett Creative Advertising Services",
    "description": "Marketing Consultants",
    "phone": "(904) 527-3664",
    "address": "street: 11239 Losco Junction Dr S location: Jacksonville, FL 32257"
  },
  {
    "dataYpid": "515360804",
    "name": "Hydra Thur Better Test",
    "description": "Marketing Consultants",
    "phone": "(904) 409-0404",
    "address": "street: 2480G Den St location: St Augustine, FL 32092"
  },
  {
    "dataYpid": "515371740",
    "name": "H Better Test",
    "description": "Marketing Consultants",
    "phone": "(904) 409-0494",
    "address": "street: 2480C Den St location: St Augustine, FL 32092"
  },
  {
    "dataYpid": "563672494",
    "name": "Hydra Wed Better Test",
    "description": "Marketing Consultants",
    "phone": "(904) 403-9403",
    "address": "street: 2480F Den St location: St Augustine, FL 32092"
  },
  {
    "dataYpid": "563672539",
    "name": "Hydra Better Test",
    "description": "Marketing Consultants",
    "phone": "(904) 680-6984",
    "address": "street: 2480A Den St location: St Augustine, FL 32092"
  },
  {
    "dataYpid": "563672540",
    "name": "2 Hydra Better Test",
    "description": "Marketing Consultants",
    "phone": "(904) 904-0945",
    "address": "street: 2480E Den St location: St Augustine, FL 32092"
  },
  {
    "dataYpid": "522654340",
    "name": "Real Legal Marketing",
    "description": "Marketing Programs & Services",
    "phone": "(904) 495-0612",
    "address": "street: 52 Tuscan Way Ste 202 location: St Augustine, FL 32092"
  },
  {
    "dataYpid": "575382417",
    "name": "Wild River Digital",
    "description": "Marketing Programs & Services",
    "phone": "(800) 273-7655",
    "address": "street: 52 Tuscan Way location: Saint Augustine, FL 32092"
  },
  {
    "dataYpid": "22042789",
    "name": "Catalavro Concepts, Inc",
    "description": "Computer Network Design & Systems",
    "phone": "(561) 372-1123",
    "address": "street: 115 Legendary Dr location: Saint Augustine, FL 32092"
  },
  {
    "dataYpid": "536420483",
    "name": "It Started In Prison (I.S.I.P.)",
    "description": "Direct Marketing Services",
    "phone": "(831) 392-7594",
    "address": "street: 52 Tuscan Way apt 202-217 location: St. Augustine, FL 32092"
  },
  {
    "dataYpid": "538383458",
    "name": "ISIP Marketing LLC",
    "description": "Direct Marketing Services",
    "phone": "(831) 392-7594",
    "address": "street: 52 Tuscan Way apt 202-217 location: St. Augustine, FL 32092"
  },
  {
    "dataYpid": "465193537",
    "name": "Betacom Inc",
    "description": "Internet Marketing & Advertising",
    "phone": "(904) 827-0580",
    "address": "street: 125 Cumberland Park Dr location: Saint Augustine, FL 32095"
  },
  {
    "dataYpid": "560415495",
    "name": "Accord Marketing and Management",
    "description": "Marketing Consultants",
    "phone": "(904) 503-7698",
    "address": "street: 5783 Mining Ter location: Jacksonville, FL 32257"
  }
]