[
  {
    "dataYpid": "522307648",
    "name": "Ettsi",
    "description": "Marketing Programs & Services",
    "phone": "(386) 255-3393",
    "address": "street: 301 Indigo Dr location: Daytona Beach, FL 32114"
  },
  {
    "dataYpid": "535611440",
    "name": "Pevonia International",
    "description": "Marketing Programs & Services",
    "phone": "(386) 254-1967",
    "address": "street: 280 Fentress Blvd location: Daytona Beach, FL 32114"
  },
  {
    "dataYpid": "10183870",
    "name": "Cheep Cheep Postcards - Direct Mail Advertising",
    "description": "Marketing Programs & Services",
    "phone": "(888) 222-4337",
    "address": "street: N/A location: N/A"
  },
  {
    "dataYpid": "29301360",
    "name": "DME Marketing",
    "description": "Marketing Programs & Services",
    "phone": "(386) 271-3000",
    "address": "street: 2441 Bellevue Ave location: Daytona Beach, FL 32114"
  },
  {
    "dataYpid": "470871763",
    "name": "Artyst Tyrant - Affordable Premium Website Design and Graphic Design",
    "description": "Marketing Programs & Services",
    "phone": "(386) 366-0431",
    "address": "street: 125 Powell Blvd Apt 12102 location: Daytona Beach, FL 32114"
  },
  {
    "dataYpid": "472852595",
    "name": "Mesio Public Relations",
    "description": "Marketing Programs & Services",
    "phone": "(386) 226-9963",
    "address": "street: Po Box 265791 location: Daytona Beach, FL 32126"
  },
  {
    "dataYpid": "11322732",
    "name": "Midlantic Marketing Solutions",
    "description": "Marketing Programs & Services",
    "phone": "(386) 274-1227",
    "address": "street: 750 Fentress Blvd location: Daytona Beach, FL 32114"
  },
  {
    "dataYpid": "524722500",
    "name": "Mobile Helpers Mobile Marketing Solutions",
    "description": "Marketing Programs & Services",
    "phone": "(386) 212-2159",
    "address": "street: N/A location: Daytona Beach, FL 32117"
  },
  {
    "dataYpid": "481133658",
    "name": "Ocean Avenue Marketing",
    "description": "Marketing Programs & Services",
    "phone": "(215) 327-2483",
    "address": "street: N/A location: Palm Coast, FL 32164"
  },
  {
    "dataYpid": "576285774",
    "name": "Tree House Media",
    "description": "Marketing Programs & Services",
    "phone": "(615) 721-2641",
    "address": "street: N/A location: N/A"
  },
  {
    "dataYpid": "576516460",
    "name": "Fins Up Marketing",
    "description": "Marketing Programs & Services",
    "phone": "(386) 631-3197",
    "address": "street: N/A location: N/A"
  },
  {
    "dataYpid": "7139550",
    "name": "P M Marketing",
    "description": "Marketing Programs & Services",
    "phone": "(386) 445-3585",
    "address": "street: N/A location: N/A"
  },
  {
    "dataYpid": "15337863",
    "name": "J L Thornton Marketing Corp",
    "description": "Marketing Programs & Services",
    "phone": "(386) 295-8893",
    "address": "street: 180 Big Ben Dr location: Daytona Beach, FL 32117"
  },
  {
    "dataYpid": "568233180",
    "name": "N J Direct Marketing",
    "description": "Marketing Programs & Services",
    "phone": "(386) 681-2524",
    "address": "street: 901 6th St location: Daytona Beach, FL 32117"
  },
  {
    "dataYpid": "13867389",
    "name": "Worldwide Marketing",
    "description": "Marketing Programs & Services",
    "phone": "(386) 760-7169",
    "address": "street: 1014 Reed Canal Rd location: Daytona Beach, FL 32119"
  },
  {
    "dataYpid": "528496575",
    "name": "Mastando Media & Marketing",
    "description": "Marketing Programs & Services",
    "phone": "(386) 846-4292",
    "address": "street: 212 S Beach St location: Daytona Beach, FL 32114"
  },
  {
    "dataYpid": "6535164",
    "name": "Bullseye Direct Marketing",
    "description": "Marketing Programs & Services",
    "phone": "(386) 238-4001",
    "address": "street: 140 S Beach St location: Daytona Beach, FL 32114"
  },
  {
    "dataYpid": "572748210",
    "name": "Coastal Marketing",
    "description": "Marketing Programs & Services",
    "phone": "(386) 238-9156",
    "address": "street: 661 Beville Rd location: South Daytona, FL 32119"
  },
  {
    "dataYpid": "475755410",
    "name": "Daytona PoS (Point of Sales) Solutions",
    "description": "Marketing Programs & Services",
    "phone": "(386) 214-4334",
    "address": "street: 460 Zelda Blvd location: Daytona Beach, FL 32118"
  },
  {
    "dataYpid": "746306",
    "name": "Ufo Marketing",
    "description": "Marketing Programs & Services",
    "phone": "(386) 255-6777",
    "address": "street: 825 N Ridgewood Ave location: Daytona Beach, FL 32114"
  },
  {
    "dataYpid": "504495716",
    "name": "Zgraph Design & Marketing",
    "description": "Marketing Programs & Services",
    "phone": "(386) 255-5556",
    "address": "street: 125 Basin St Ste 203 location: Daytona Beach, FL 32114"
  },
  {
    "dataYpid": "532872827",
    "name": "Allamosa Jungle",
    "description": "Marketing Programs & Services",
    "phone": "(386) 214-7019",
    "address": "street: 125 Burleigh Ave location: Daytona Beach, FL 32117"
  },
  {
    "dataYpid": "469118539",
    "name": "SML Marketing",
    "description": "Marketing Programs & Services",
    "phone": "(386) 265-4975",
    "address": "street: 162 S Peninsula Dr location: Daytona Beach, FL 32118"
  },
  {
    "dataYpid": "550247622",
    "name": "Total Marketing Strategies",
    "description": "Marketing Programs & Services",
    "phone": "(386) 238-9406",
    "address": "street: 501 N Grandview Ave location: Daytona Beach, FL 32118"
  },
  {
    "dataYpid": "13402977",
    "name": "Tourist Information & Welcome Center",
    "description": "Marketing Programs & Services",
    "phone": "(386) 257-5735",
    "address": "street: 1260 N Atlantic Ave location: Daytona Beach, FL 32118"
  },
  {
    "dataYpid": "515152810",
    "name": "Always Open Commerce",
    "description": "Marketing Programs & Services",
    "phone": "(888) 535-5212",
    "address": "street: 1979 Yellowfin Dr location: Port Orange, FL 32128"
  },
  {
    "dataYpid": "451081674",
    "name": "Jerico Marketing",
    "description": "Marketing Programs & Services",
    "phone": "(386) 761-5840",
    "address": "street: 2763 S Ridgewood Ave location: South Daytona, FL 32119"
  },
  {
    "dataYpid": "23185465",
    "name": "Kickstand Johny Marketing and Engeering",
    "description": "Marketing Programs & Services",
    "phone": "(386) 767-6993",
    "address": "street: 5476 Red Wing Cir location: Port Orange, FL 32128"
  },
  {
    "dataYpid": "557446023",
    "name": "Cheryl's Creative Services",
    "description": "Marketing Programs & Services",
    "phone": "(386) 233-9982",
    "address": "street: 923 Chickadee Dr location: Port Orange, FL 32127"
  },
  {
    "dataYpid": "15393137",
    "name": "Direct Marketing Lead Source",
    "description": "Marketing Programs & Services",
    "phone": "(386) 761-4840",
    "address": "street: 750 Oak Heights Ct location: Port Orange, FL 32127"
  },
  {
    "dataYpid": "497601638",
    "name": "Little Blog Dress Media",
    "description": "Marketing Programs & Services",
    "phone": "(386) 299-8973",
    "address": "street: 84 Sylvania Pl location: Ormond Beach, FL 32174"
  },
  {
    "dataYpid": "572757666",
    "name": "Smart Choice Marketing",
    "description": "Marketing Programs & Services",
    "phone": "(386) 265-1539",
    "address": "street: 3959 S Nova Rd location: Port Orange, FL 32127"
  },
  {
    "dataYpid": "524977069",
    "name": "Smart Marketing",
    "description": "Marketing Programs & Services",
    "phone": "(386) 265-9469",
    "address": "street: 40 Soco Trl location: Ormond Beach, FL 32174"
  },
  {
    "dataYpid": "545022671",
    "name": "Hamlin & Associates",
    "description": "Marketing Programs & Services",
    "phone": "(888) 600-8608",
    "address": "street: 801 W Granada Blvd location: Ormond Beach, FL 32174"
  },
  {
    "dataYpid": "520681109",
    "name": "DataZapp.com",
    "description": "Marketing Programs & Services",
    "phone": "(386) 262-1448",
    "address": "street: 555 W Granada Blvd Ste G6 location: Ormond Beach, FL 32174"
  },
  {
    "dataYpid": "22791578",
    "name": "Sunny Coast Marketing",
    "description": "Marketing Programs & Services",
    "phone": "(386) 675-6973",
    "address": "street: 374 S Atlantic Ave location: Ormond Beach, FL 32176"
  },
  {
    "dataYpid": "28644518",
    "name": "Ap Marketing Solutions Inc",
    "description": "Marketing Programs & Services",
    "phone": "(386) 673-2359",
    "address": "street: 37 Talaquah Blvd location: Ormond Beach, FL 32174"
  },
  {
    "dataYpid": "496525022",
    "name": "Social Butterfly Online",
    "description": "Marketing Programs & Services",
    "phone": "(386) 310-2283",
    "address": "street: 55 E Granada Blvd Unit 2537 location: Ormond Beach, FL 32175"
  },
  {
    "dataYpid": "464556535",
    "name": "Surrette Associate",
    "description": "Marketing Programs & Services",
    "phone": "(386) 679-9559",
    "address": "street: 415 Palm Ave location: Ormond Beach, FL 32174"
  },
  {
    "dataYpid": "481072363",
    "name": "Axiom Internet Marketing",
    "description": "Marketing Programs & Services",
    "phone": "(800) 888-6348",
    "address": "street: 69 Appaloosa Ln location: Ormond Beach, FL 32174"
  },
  {
    "dataYpid": "497610271",
    "name": "Solutions-N-Print",
    "description": "Marketing Programs & Services",
    "phone": "(407) 247-0327",
    "address": "street: 4650 Links Village Dr location: Ponce Inlet, FL 32127"
  },
  {
    "dataYpid": "465690304",
    "name": "Vacation Tours USA",
    "description": "Marketing Programs & Services",
    "phone": "(386) 323-1644",
    "address": "street: 424 Luna Bella Ln location: New Smyrna Beach, FL 32168"
  },
  {
    "dataYpid": "548546702",
    "name": "F5 Vortex",
    "description": "Marketing Programs & Services",
    "phone": "(386) 414-0278",
    "address": "street: 3045 Turnbull Bay Rd location: New Smyrna Beach, FL 32168"
  },
  {
    "dataYpid": "532785697",
    "name": "Ascendia Digital Marketing Design",
    "description": "Marketing Programs & Services",
    "phone": "(203) 731-9024",
    "address": "street: 2034 5th Ave location: Deland, FL 32724"
  },
  {
    "dataYpid": "482412159",
    "name": "Made to Order Marketing",
    "description": "Marketing Programs & Services",
    "phone": "(386) 717-1433",
    "address": "street: 1884 Talmadge St location: Deland, FL 32724"
  },
  {
    "dataYpid": "519891311",
    "name": "LLD Unlimited/The Lady Grey Co",
    "description": "Marketing Programs & Services",
    "phone": "(407) 522-3712",
    "address": "street: 3138 Deer Trl location: Deland, FL 32724"
  },
  {
    "dataYpid": "28957535",
    "name": "Linda Glover & Associates",
    "description": "Marketing Programs & Services",
    "phone": "(386) 738-4938",
    "address": "street: 631 N Arlington Ave location: Deland, FL 32724"
  },
  {
    "dataYpid": "495309102",
    "name": "Jr Thompson Company",
    "description": "Marketing Programs & Services",
    "phone": "(386) 255-0591",
    "address": "street: 1801 W International Speedway Blvd location: Daytona Beach, FL 32114"
  },
  {
    "dataYpid": "441713",
    "name": "King Direct Marketing",
    "description": "Marketing Programs & Services",
    "phone": "(386) 788-8925",
    "address": "street: 1184 Pelican Bay Dr location: Daytona Beach, FL 32119"
  },
  {
    "dataYpid": "465409998",
    "name": "Blue Feather Web",
    "description": "Marketing Programs & Services",
    "phone": "(386) 299-4014",
    "address": "street: PMB 149 226 N Nova Rd location: Ormond Beach, FL 32174"
  },
  {
    "dataYpid": "534653307",
    "name": "Sunshine Multimedia Solutions",
    "description": "Marketing Programs & Services",
    "phone": "(386) 866-0070",
    "address": "street: 1301 Beville Road Suite 7 location: Daytona Beach, FL 32119"
  },
  {
    "dataYpid": "464563694",
    "name": "The Brichard Group",
    "description": "Marketing Programs & Services",
    "phone": "(253) 237-4774",
    "address": "street: 1600 Big Tree Rd location: South Daytona, FL 32119"
  },
  {
    "dataYpid": "1256979",
    "name": "Nerve Marketing",
    "description": "Marketing Programs & Services",
    "phone": "(386) 257-3030",
    "address": "street: 600 Mason Ave location: Daytona Beach, FL 32117"
  },
  {
    "dataYpid": "536054501",
    "name": "Web Daytona",
    "description": "Marketing Programs & Services",
    "phone": "(386) 405-4281",
    "address": "street: 115 S Palmetto Ave location: Daytona Beach, FL 32114"
  },
  {
    "dataYpid": "505497119",
    "name": "CRAVE Marketing & Social Media Solutions - $99 Website*",
    "description": "Marketing Programs & Services",
    "phone": "(386) 746-7578",
    "address": "street: US Hwy 1 location: South Daytona, FL 32119"
  },
  {
    "dataYpid": "2406672",
    "name": "Benedict Advertising",
    "description": "Marketing Programs & Services",
    "phone": "(386) 255-1222",
    "address": "street: 640 N Peninsula Dr location: Daytona Beach, FL 32118"
  },
  {
    "dataYpid": "560873278",
    "name": "Missing Link Communications INC",
    "description": "Marketing Programs & Services",
    "phone": "(386) 297-6500",
    "address": "street: 1840 S Palmetto Ave location: South Daytona, FL 32119"
  },
  {
    "dataYpid": "462518875",
    "name": "Social Media Power Consulting",
    "description": "Marketing Programs & Services",
    "phone": "(386) 643-4414",
    "address": "street: 126 Brandy Hills Dr location: Port Orange, FL 32129"
  },
  {
    "dataYpid": "481352370",
    "name": "First Priority Travel",
    "description": "Marketing Programs & Services",
    "phone": "(800) 404-0177",
    "address": "street: 209 Dunlawton Ave location: Port Orange, FL 32127"
  },
  {
    "dataYpid": "569494488",
    "name": "Kerbox Media",
    "description": "Marketing Programs & Services",
    "phone": "(310) 600-4484",
    "address": "street: 762 S Beach St location: Ormond Beach, FL 32174"
  },
  {
    "dataYpid": "487143420",
    "name": "Drive Group",
    "description": "Marketing Programs & Services",
    "phone": "(386) 677-3519",
    "address": "street: 79 Reynolds Ave location: Ormond Beach, FL 32174"
  },
  {
    "dataYpid": "514532030",
    "name": "Daytona Scene",
    "description": "Marketing Programs & Services",
    "phone": "(321) 430-8236",
    "address": "street: 271 S Orchard St location: Ormond Beach, FL 32174"
  },
  {
    "dataYpid": "525931810",
    "name": "Mid-Florida Marketing & Research Inc",
    "description": "Marketing Programs & Services",
    "phone": "(386) 253-0809",
    "address": "street: 2665 N Atlantic Ave # 410 location: Daytona Beach, FL 32118"
  },
  {
    "dataYpid": "483209397",
    "name": "D L Marketing Concepts",
    "description": "Marketing Programs & Services",
    "phone": "(386) 310-8701",
    "address": "street: 555 W Granada Blvd location: Ormond Beach, FL 32174"
  },
  {
    "dataYpid": "561405867",
    "name": "D2 Advertising",
    "description": "Marketing Programs & Services",
    "phone": "(866) 275-5108",
    "address": "street: 307 W Granada Blvd location: Ormond Beach, FL 32174"
  },
  {
    "dataYpid": "449492",
    "name": "Hamlin & Associates",
    "description": "Marketing Programs & Services",
    "phone": "(386) 672-4113",
    "address": "street: 575 N Nova Rd location: Ormond Beach, FL 32174"
  },
  {
    "dataYpid": "525940560",
    "name": "Pirata Group",
    "description": "Marketing Programs & Services",
    "phone": "(877) 366-0616",
    "address": "street: 100 E Granada Blvd Ste 204 location: Ormond Beach, FL 32176"
  },
  {
    "dataYpid": "465280199",
    "name": "CRG Global, Inc.",
    "description": "Marketing Programs & Services",
    "phone": "(386) 677-5644",
    "address": "street: 3 Signal Ave location: Ormond Beach, FL 32174"
  },
  {
    "dataYpid": "459006188",
    "name": "Full Run",
    "description": "Marketing Programs & Services",
    "phone": "(386) 290-8087",
    "address": "street: 6544 Shahab Ln location: Port Orange, FL 32128"
  },
  {
    "dataYpid": "557617528",
    "name": "Helo Payment Service",
    "description": "Marketing Programs & Services",
    "phone": "(855) 699-1151",
    "address": "street: 6274 Palm Vista st location: Port Orange, FL 32128"
  },
  {
    "dataYpid": "465349509",
    "name": "Best Marketing Systems Inc",
    "description": "Marketing Programs & Services",
    "phone": "(386) 676-0007",
    "address": "street: 1096 N Us Highway 1 location: Ormond Beach, FL 32174"
  },
  {
    "dataYpid": "4110939",
    "name": "Aerographics",
    "description": "Marketing Programs & Services",
    "phone": "(386) 736-9779",
    "address": "street: 1725 Lexington Ave location: Deland, FL 32724"
  },
  {
    "dataYpid": "555402233",
    "name": "Markentum",
    "description": "Marketing Consultants",
    "phone": "(386) 868-5513",
    "address": "street: 2570 W International Speedway Blvd Ste 110 location: Daytona Beach, FL 32114"
  },
  {
    "dataYpid": "8219466",
    "name": "Sullivan Worldwide Marketing Group",
    "description": "Marketing Consultants",
    "phone": "(386) 248-0999",
    "address": "street: 139 Executive Cir location: Daytona Beach, FL 32114"
  },
  {
    "dataYpid": "521313210",
    "name": "Smartguests.com",
    "description": "Internet Marketing & Advertising",
    "phone": "(888) 800-7779",
    "address": "street: 2250 W International Speedway Blvd location: Daytona Beach, FL 32114"
  },
  {
    "dataYpid": "21870404",
    "name": "Writing Assistance Inc.",
    "description": "Educational Services",
    "phone": "(866) 674-5125",
    "address": "street: N/A location: N/A"
  },
  {
    "dataYpid": "1991693",
    "name": "Cunningham Field & Research",
    "description": "Market Research & Analysis",
    "phone": "(386) 226-1461",
    "address": "street: 1700 W International Speedway Blvd location: Daytona Beach, FL 32114"
  },
  {
    "dataYpid": "485653992",
    "name": "Direct Mail Express, Inc",
    "description": "Mail & Shipping Services",
    "phone": "(386) 257-2500",
    "address": "street: 2441 Bellevue Ave location: Daytona Beach, FL 32114"
  },
  {
    "dataYpid": "525730936",
    "name": "Bold Task",
    "description": "Web Site Design & Services",
    "phone": "(386) 316-8125",
    "address": "street: 601 Bill France Blvd Apt 1304 location: Daytona Beach, FL 32114"
  },
  {
    "dataYpid": "465677024",
    "name": "Brochure Displays, Inc.",
    "description": "Advertising Agencies",
    "phone": "(386) 271-5500",
    "address": "street: 1808 Concept Ct location: Daytona Beach, FL 32114"
  },
  {
    "dataYpid": "571895489",
    "name": "Flagler Media",
    "description": "Web Site Hosting",
    "phone": "(386) 227-6477",
    "address": "street: 728 Fentress Blvd location: Daytona Beach, FL 32114"
  },
  {
    "dataYpid": "481105803",
    "name": "Skip'sboots.com",
    "description": "Internet Marketing & Advertising",
    "phone": "(386) 255-0455",
    "address": "street: 1320 W International Speedway Blvd location: Daytona Beach, FL 32114"
  },
  {
    "dataYpid": "21693044",
    "name": "YELLOW PAGES CUTTER",
    "description": "Directory & Guide Advertising",
    "phone": "(386) 438-7325",
    "address": "street: Atlantic Ave location: Daytona Beach, FL 32118"
  },
  {
    "dataYpid": "481161177",
    "name": "Debby For Avon",
    "description": "Skin Care",
    "phone": "(386) 446-5923",
    "address": "street: N/A location: Palm Coast, FL 32137"
  },
  {
    "dataYpid": "505250510",
    "name": "Dynamic Solutions",
    "description": "Internet Marketing & Advertising",
    "phone": "(386) 307-9773",
    "address": "street: N/A location: Ormond Beach, FL 32176"
  },
  {
    "dataYpid": "530518852",
    "name": "New App Design",
    "description": "Marketing Consultants",
    "phone": "(386) 986-7499",
    "address": "street: N/A location: Palm Coast, FL 32137"
  },
  {
    "dataYpid": "536967528",
    "name": "Dirmarkusa",
    "description": "Marketing Consultants",
    "phone": "(888) 347-6275",
    "address": "street: N/A location: Ormond Beach, FL 32174"
  },
  {
    "dataYpid": "536231843",
    "name": "MelindaWrites",
    "description": "Marketing Consultants",
    "phone": "(386) 631-8192",
    "address": "street: N/A location: Port Orange, FL 32129"
  },
  {
    "dataYpid": "566297926",
    "name": "Florida Custom Merch",
    "description": "Advertising Specialties",
    "phone": "(386) 400-2666",
    "address": "street: N/A location: Ormond Beach, FL 32174"
  },
  {
    "dataYpid": "575866135",
    "name": "KONEKTET",
    "description": "Internet Marketing & Advertising",
    "phone": "(386) 265-3122",
    "address": "street: N/A location: Ormond Beach, FL 32174"
  },
  {
    "dataYpid": "21288705",
    "name": "Ataya Creative",
    "description": "Internet Marketing & Advertising",
    "phone": "(386) 793-1056",
    "address": "street: N/A location: N/A"
  },
  {
    "dataYpid": "451989321",
    "name": "Helio Creative, LLC",
    "description": "Computer Graphics",
    "phone": "(386) 316-9875",
    "address": "street: N/A location: N/A"
  },
  {
    "dataYpid": "480190822",
    "name": "Adjunct SEM",
    "description": "Internet Marketing & Advertising",
    "phone": "(386) 320-9344",
    "address": "street: N/A location: N/A"
  },
  {
    "dataYpid": "575872119",
    "name": "Chasing Creative",
    "description": "Advertising Agencies",
    "phone": "(616) 826-9637",
    "address": "street: N/A location: N/A"
  },
  {
    "dataYpid": "560352286",
    "name": "The Compel Group",
    "description": "Marketing Consultants",
    "phone": "(855) 442-8126",
    "address": "street: N/A location: N/A"
  },
  {
    "dataYpid": "560355517",
    "name": "Worldwide Associates Jtds",
    "description": "Marketing Consultants",
    "phone": "(844) 544-8106",
    "address": "street: N/A location: N/A"
  },
  {
    "dataYpid": "506370042",
    "name": "Car People Marketing Inc",
    "description": "Marketing Consultants",
    "phone": "(386) 761-3131",
    "address": "street: 1020 W International Speedway Blvd Ste 200 location: Daytona Beach, FL 32114"
  },
  {
    "dataYpid": "565018495",
    "name": "Vector Marketing",
    "description": "Marketing Consultants",
    "phone": "(386) 868-5150",
    "address": "street: 1124 Beville Rd Ste E location: Daytona Beach, FL 32114"
  },
  {
    "dataYpid": "451684636",
    "name": "Lott's Productions",
    "description": "Internet Marketing & Advertising",
    "phone": "(386) 255-8282",
    "address": "street: 1413 Golfview Dr location: Daytona Beach, FL 32114"
  },
  {
    "dataYpid": "541009350",
    "name": "Associated Marketing",
    "description": "Marketing Consultants",
    "phone": "(386) 323-3838",
    "address": "street: 211 Live Oak Ave location: Daytona Beach, FL 32114"
  },
  {
    "dataYpid": "472801956",
    "name": "54 Bells., Inc.",
    "description": "Internet Marketing & Advertising",
    "phone": "(800) 385-7404",
    "address": "street: 852 S Palmetto Ave location: Daytona Beach, FL 32114"
  },
  {
    "dataYpid": "1393179",
    "name": "Backstage Pass Magazine",
    "description": "Publishers-Periodical",
    "phone": "(386) 323-7777",
    "address": "street: 110 Orange Ave location: Daytona Beach, FL 32114"
  },
  {
    "dataYpid": "569897589",
    "name": "Click Geeks",
    "description": "Advertising Agencies",
    "phone": "(800) 988-7579",
    "address": "street: 250 S Beach St Ste 20A location: Daytona Beach, FL 32114"
  },
  {
    "dataYpid": "482239244",
    "name": "Experts Digital Solutions, LLC",
    "description": "Print Advertising",
    "phone": "(386) 868-3365",
    "address": "street: 140 S Beach St Ste 200 location: Daytona Beach, FL 32114"
  },
  {
    "dataYpid": "556332240",
    "name": "Getyouranked.com",
    "description": "Internet Marketing & Advertising",
    "phone": "(386) 259-8715",
    "address": "street: 140 S Beach St location: Daytona Beach, FL 32114"
  },
  {
    "dataYpid": "503669591",
    "name": "Awesome Sauce Media, Corp.",
    "description": "Marketing Consultants",
    "phone": "(386) 868-5588",
    "address": "street: 140 S Beach St Ste 310 location: Daytona Beach, FL 32114"
  },
  {
    "dataYpid": "456892436",
    "name": "Coast 2 Coast Promotional Marketing",
    "description": "Direct Marketing Services",
    "phone": "(386) 248-3118",
    "address": "street: 1440 N Nova Rd location: Holly Hill, FL 32117"
  },
  {
    "dataYpid": "546581583",
    "name": "Telcom Enterprises Inc",
    "description": "Marketing Consultants",
    "phone": "(386) 310-7837",
    "address": "street: 681 Beville Rd location: South Daytona, FL 32119"
  },
  {
    "dataYpid": "22915345",
    "name": "Telcom Enterprises Inc",
    "description": "Marketing Consultants",
    "phone": "(386) 492-6970",
    "address": "street: 677 Beville Rd location: South Daytona, FL 32119"
  },
  {
    "dataYpid": "510683048",
    "name": "Your Web Programming Department Inc.",
    "description": "Internet Marketing & Advertising",
    "phone": "(386) 868-2965",
    "address": "street: 939 Ridgewood Ave location: Daytona beach, FL 32117"
  },
  {
    "dataYpid": "567857952",
    "name": "Vector Marketing",
    "description": "Marketing Consultants",
    "phone": "(386) 868-5150",
    "address": "street: 206 N Beach St location: Daytona Beach, FL 32114"
  },
  {
    "dataYpid": "485394664",
    "name": "Acn",
    "description": "Direct Marketing Services",
    "phone": "(704) 260-3000",
    "address": "street: 1006 Indian Oaks E location: Daytona Beach, FL 32117"
  },
  {
    "dataYpid": "512740084",
    "name": "GS Business Resources",
    "description": "Marketing Consultants",
    "phone": "(901) 647-6163",
    "address": "street: 450 Basin St location: Daytona Beach, FL 32114"
  },
  {
    "dataYpid": "472189595",
    "name": "e-Quality Web Solutions",
    "description": "Web Site Hosting",
    "phone": "(386) 295-5213",
    "address": "street: 225 Anita Ave location: Daytona Beach, FL 32114"
  },
  {
    "dataYpid": "453980056",
    "name": "Quadaces",
    "description": "Internet Marketing & Advertising",
    "phone": "(386) 492-1880",
    "address": "street: 943 Ridgewood Ave location: Daytona Beach, FL 32117"
  },
  {
    "dataYpid": "574388278",
    "name": "Click Geeks",
    "description": "Advertising Agencies",
    "phone": "(800) 988-7579",
    "address": "street: 211 E International Speedway Blvd Ste 214 location: Daytona Beach, FL 32118"
  },
  {
    "dataYpid": "483168891",
    "name": "Link Avengers",
    "description": "Internet Marketing & Advertising",
    "phone": "(386) 453-1473",
    "address": "street: 30 S Peninsula Dr Apt 1 location: Daytona Beach, FL 32118"
  },
  {
    "dataYpid": "21436892",
    "name": "Mad Macs Custom",
    "description": "Graphic Designers",
    "phone": "(386) 202-4185",
    "address": "street: 636 Lenox Ave location: Daytona Beach, FL 32118"
  },
  {
    "dataYpid": "464580030",
    "name": "Mydaytonadeals.Com",
    "description": "Internet Marketing & Advertising",
    "phone": "(386) 256-4875",
    "address": "street: 240 Seabreeze Blvd location: Daytona Beach, FL 32118"
  },
  {
    "dataYpid": "467938516",
    "name": "Revdup",
    "description": "Marketing Consultants",
    "phone": "(386) 310-7669",
    "address": "street: 556 N Oleander Ave location: Daytona Beach, FL 32118"
  },
  {
    "dataYpid": "526254441",
    "name": "Khan's T.S Consultation Services Inc",
    "description": "Marketing Consultants",
    "phone": "(386) 307-5968",
    "address": "street: 2725 Dach Ave location: Daytona Beach, FL 32118"
  },
  {
    "dataYpid": "1655870",
    "name": "Accumen Sales & Marketing",
    "description": "Marketing Consultants",
    "phone": "(386) 257-2026",
    "address": "street: 100 Granada St location: Daytona Beach, FL 32117"
  },
  {
    "dataYpid": "451304253",
    "name": "Mid-Florida Marketing & Research Inc",
    "description": "Market Research & Analysis",
    "phone": "(386) 253-7272",
    "address": "street: 207 Brookline Ave location: Daytona Beach, FL 32118"
  },
  {
    "dataYpid": "464395433",
    "name": "Myvenuenow.com",
    "description": "Internet Marketing & Advertising",
    "phone": "(772) 201-4885",
    "address": "street: 2711 N Halifax Ave location: Daytona Beach, FL 32118"
  },
  {
    "dataYpid": "561078011",
    "name": "Growrestaurantprofits.com",
    "description": "Internet Marketing & Advertising",
    "phone": "(615) 619-0099",
    "address": "street: 410 Auburn Dr location: Daytona Beach, FL 32118"
  },
  {
    "dataYpid": "505794145",
    "name": "Operation SLOB",
    "description": "Internet Consultants",
    "phone": "(386) 530-4052",
    "address": "street: 725 Dunlawton Ave Unit 291874 location: Port Orange, FL 32129"
  },
  {
    "dataYpid": "573707195",
    "name": "Choice Marketing and Consulting",
    "description": "Marketing Consultants",
    "phone": "(904) 844-0432",
    "address": "street: 1757 N Nova Rd location: Holly Hill, FL 32117"
  },
  {
    "dataYpid": "575027958",
    "name": "SEODesignLab",
    "description": "Web Site Design & Services",
    "phone": "(929) 503-5224",
    "address": "street: 2324 Oriole Ln location: South Daytona, FL 32119"
  },
  {
    "dataYpid": "18586539",
    "name": "Maxton Marketing",
    "description": "Marketing Consultants",
    "phone": "(386) 761-9439",
    "address": "street: 1960 S Segrave St location: South Daytona, FL 32119"
  },
  {
    "dataYpid": "521099770",
    "name": "Align Concepts LLC",
    "description": "Internet Marketing & Advertising",
    "phone": "(386) 334-7185",
    "address": "street: 5327 Peach Blossom Blvd location: Port Orange, FL 32128"
  },
  {
    "dataYpid": "516405529",
    "name": "mikemarket",
    "description": "Internet Marketing & Advertising",
    "phone": "(386) 383-4115",
    "address": "street: 63 Golden gate cir location: Port Orange, FL 32129"
  },
  {
    "dataYpid": "464536732",
    "name": "Andrew Stoeckel Marketing",
    "description": "Marketing Consultants",
    "phone": "(386) 898-6478",
    "address": "street: 737 Little Creek Ct location: Port Orange, FL 32129"
  },
  {
    "dataYpid": "574850200",
    "name": "Smart Blondes Marketing",
    "description": "Marketing Consultants",
    "phone": "(561) 324-7076",
    "address": "street: 125 Cypress Grove Ln location: Ormond Beach, FL 32174"
  },
  {
    "dataYpid": "515067628",
    "name": "Rev Up Digital Media A Division of Ricky Bobby Usa",
    "description": "Marketing Consultants",
    "phone": "(317) 590-6767",
    "address": "street: 2041 Halifax Dr location: Port Orange, FL 32128"
  },
  {
    "dataYpid": "515501995",
    "name": "Www.seanbreeden.com",
    "description": "Internet Marketing & Advertising",
    "phone": "(386) 589-5085",
    "address": "street: 1010 N Swallow Tail Dr location: Port Orange, FL 32129"
  },
  {
    "dataYpid": "1172316",
    "name": "Peninsula Research Inc",
    "description": "Market Research & Analysis",
    "phone": "(386) 677-0525",
    "address": "street: 305 Clyde Morris Blvd location: Ormond Beach, FL 32174"
  },
  {
    "dataYpid": "158867",
    "name": "American Image Marketing",
    "description": "Advertising-Promotional Products",
    "phone": "(386) 492-5945",
    "address": "street: 705 Samms Ave location: Port Orange, FL 32129"
  },
  {
    "dataYpid": "461567722",
    "name": "Car People Marketing Inc",
    "description": "Marketing Consultants",
    "phone": "(386) 761-3131",
    "address": "street: 3818 S Nova Rd Suite C location: Port Orange, FL 32127"
  },
  {
    "dataYpid": "559714518",
    "name": "Spectrum Research Group",
    "description": "Research Services",
    "phone": "(386) 957-5600",
    "address": "street: 413 Oak Pl location: Port Orange, FL 32127"
  },
  {
    "dataYpid": "23208224",
    "name": "Sml Marketing",
    "description": "Marketing Consultants",
    "phone": "(386) 265-4975",
    "address": "street: 3306 S Atlantic Ave location: Daytona Beach, FL 32118"
  },
  {
    "dataYpid": "504693851",
    "name": "My Advertising Pays",
    "description": "Internet Marketing & Advertising",
    "phone": "(386) 523-6650",
    "address": "street: 3721 S Atlantic Ave location: Daytona Beach, FL 32118"
  },
  {
    "dataYpid": "451209347",
    "name": "Hayworth Creative",
    "description": "Advertising Agencies",
    "phone": "(386) 677-7000",
    "address": "street: 700 W Granada Blvd location: Ormond Beach, FL 32174"
  },
  {
    "dataYpid": "461512371",
    "name": "Technology Industries",
    "description": "Internet Marketing & Advertising",
    "phone": "(386) 846-1591",
    "address": "street: 450 Tomoka Ave location: Ormond Beach, FL 32174"
  },
  {
    "dataYpid": "455891314",
    "name": "Rooms101.com",
    "description": "Internet Marketing & Advertising",
    "phone": "(800) 749-4045",
    "address": "street: 801 W Granada Blvd Ste 303 location: Ormond Beach, FL 32174"
  },
  {
    "dataYpid": "559396984",
    "name": "Customwovenblankets.com",
    "description": "Internet Marketing & Advertising",
    "phone": "(386) 320-6448",
    "address": "street: 2610 Spruce Creek Blvd location: Port Orange, FL 32128"
  },
  {
    "dataYpid": "515430442",
    "name": "Eat Leasing LLC",
    "description": "Directory & Guide Advertising",
    "phone": "(386) 237-0446",
    "address": "street: 232 River Beach Dr location: Ormond Beach, FL 32176"
  },
  {
    "dataYpid": "205749",
    "name": "Next-Level Alliance LLC",
    "description": "Marketing Consultants",
    "phone": "(386) 562-1465",
    "address": "street: 8 Crooked Tree Trl location: Ormond Beach, FL 32174"
  },
  {
    "dataYpid": "537437233",
    "name": "My-Home-Watch.com",
    "description": "Internet Marketing & Advertising",
    "phone": "(386) 682-3883",
    "address": "street: 100 Cessna Blvd location: Port Orange, FL 32128"
  },
  {
    "dataYpid": "2922552",
    "name": "Trip 2 Earth",
    "description": "Marketing Consultants",
    "phone": "(386) 672-5304",
    "address": "street: 114 N Yonge St location: Ormond Beach, FL 32174"
  },
  {
    "dataYpid": "539094926",
    "name": "Resorts Solutions of America",
    "description": "Internet Marketing & Advertising",
    "phone": "(386) 317-5969",
    "address": "street: 5243 S Nova Rd location: Port Orange, FL 32127"
  },
  {
    "dataYpid": "526066603",
    "name": "Valorbound",
    "description": "Web Site Hosting",
    "phone": "(386) 478-6320",
    "address": "street: 18 Canterbury Woods location: Ormond Beach, FL 32174"
  },
  {
    "dataYpid": "502838277",
    "name": "King Direct Marketing Inc",
    "description": "Marketing Consultants",
    "phone": "(386) 788-8925",
    "address": "street: 1916 Bay Lake Way location: Port Orange, FL 32128"
  },
  {
    "dataYpid": "534752744",
    "name": "ActionCOACH Daytona Business Coaching",
    "description": "Business Plans Development",
    "phone": "(386) 868-0976",
    "address": "street: 595 N Nova Rd, Suite 113 location: Ormond Beach, FL 32174"
  },
  {
    "dataYpid": "3970004",
    "name": "Cunningham Research Group Inc",
    "description": "Market Research & Analysis",
    "phone": "(386) 677-5644",
    "address": "street: 3 Signal Ave location: Ormond Beach, FL 32174"
  },
  {
    "dataYpid": "481241458",
    "name": "Cunningham Sensory Service Inc",
    "description": "Market Research & Analysis",
    "phone": "(386) 677-5644",
    "address": "street: 3 Signal Ave location: Ormond Beach, FL 32174"
  },
  {
    "dataYpid": "22750348",
    "name": "Lifetime Legacies Productions",
    "description": "Internet Marketing & Advertising",
    "phone": "(386) 308-3763",
    "address": "street: PO Box 731508 location: Ormond Beach, FL 32173"
  },
  {
    "dataYpid": "497428452",
    "name": "Sprout Media Lab",
    "description": "Web Site Design & Services",
    "phone": "(386) 238-9847",
    "address": "street: 200 E Granada Blvd Ste 207 location: Ormond Beach, FL 32176"
  },
  {
    "dataYpid": "499858105",
    "name": "Callan Group Communications",
    "description": "Marketing Consultants",
    "phone": "(386) 538-1083",
    "address": "street: 1745 Tributory Ln location: Port Orange, FL 32128"
  },
  {
    "dataYpid": "532479476",
    "name": "Cash Cube Money Machine Store ™",
    "description": "Party & Event Planners",
    "phone": "(386) 439-3445",
    "address": "street: 880 Airport Rd Ste 111 location: Ormond Beach, FL 32174"
  },
  {
    "dataYpid": "464538998",
    "name": "Off The Chain Customs By Kev",
    "description": "Internet Marketing & Advertising",
    "phone": "(386) 316-9296",
    "address": "street: 1000 Shockney Dr location: Ormond Beach, FL 32174"
  },
  {
    "dataYpid": "22841852",
    "name": "Timeshare Solution",
    "description": "Marketing Consultants",
    "phone": "(877) 235-9969",
    "address": "street: 1548 Ocean Shore Blvd location: Ormond Beach, FL 32176"
  },
  {
    "dataYpid": "503162168",
    "name": "Watson Media",
    "description": "Internet Consultants",
    "phone": "(386) 227-7604",
    "address": "street: 1452 N Us Highway 1 Ste 108 location: Ormond Beach, FL 32174"
  },
  {
    "dataYpid": "12555293",
    "name": "Custom Graphic Designs",
    "description": "Print Advertising",
    "phone": "(386) 985-5909",
    "address": "street: 4462 N Us Highway 17 location: Deland, FL 32720"
  },
  {
    "dataYpid": "29203276",
    "name": "Florida Markettech Inc",
    "description": "Marketing Consultants",
    "phone": "(386) 441-9691",
    "address": "street: 9 Spanish Waters Dr location: Ormond Beach, FL 32176"
  },
  {
    "dataYpid": "465686503",
    "name": "Far Beyond Code",
    "description": "Web Site Design & Services",
    "phone": "(386) 405-4643",
    "address": "street: 113 Mariners Dr location: Ormond Beach, FL 32176"
  },
  {
    "dataYpid": "559376395",
    "name": "Wowusarx.com",
    "description": "Internet Marketing & Advertising",
    "phone": "(888) 994-0824",
    "address": "street: 2820 Ocean Shore Blvd location: Ormond Beach, FL 32176"
  },
  {
    "dataYpid": "466304287",
    "name": "Headline Surfer",
    "description": "Interactive Media",
    "phone": "(386) 689-2830",
    "address": "street: 168 Turnberry Cir location: New Smyrna Beach, FL 32168"
  },
  {
    "dataYpid": "525876058",
    "name": "Car People Marketing Inc",
    "description": "Marketing Consultants",
    "phone": "(386) 761-3131",
    "address": "street: 2650 N Dixie Fwy location: New Smyrna Beach, FL 32168"
  },
  {
    "dataYpid": "1506179",
    "name": "Great Circle Marketing",
    "description": "Marketing Consultants",
    "phone": "(386) 428-1161",
    "address": "street: 646 N Riverside Dr location: New Smyrna Beach, FL 32168"
  },
  {
    "dataYpid": "576690950",
    "name": "Revenue Cycle Resources- RCR|HUB",
    "description": "Directory & Guide Advertising",
    "phone": "(407) 421-4940",
    "address": "street: 538 Canal St location: New Smyrna Beach, FL 32168"
  },
  {
    "dataYpid": "547974659",
    "name": "The Small Biz Shop",
    "description": "Internet Marketing & Advertising",
    "phone": "(888) 448-4461",
    "address": "street: 538 Canal St Ste 325 location: New Smyrna Beach, FL 32168"
  },
  {
    "dataYpid": "549166545",
    "name": "Tropics Digital",
    "description": "Internet Marketing & Advertising",
    "phone": "(321) 222-7612",
    "address": "street: 313 Desoto Dr location: New Smyrna Beach, FL 32169"
  },
  {
    "dataYpid": "495716013",
    "name": "Saltyfeet Media LLC",
    "description": "Marketing Consultants",
    "phone": "(386) 410-4761",
    "address": "street: 307 Lytle Ave location: New Smyrna Beach, FL 32168"
  },
  {
    "dataYpid": "503980334",
    "name": "Shark Bite Marketing",
    "description": "Internet Marketing & Advertising",
    "phone": "(386) 424-6931",
    "address": "street: 439 Bouchelle Dr Apt 202 location: New Smyrna Beach, FL 32169"
  },
  {
    "dataYpid": "535092773",
    "name": "New Way Marketing Inc",
    "description": "Marketing Consultants",
    "phone": "(386) 402-7882",
    "address": "street: 612 N Ridgewood Ave Ste G location: Edgewater, FL 32132"
  },
  {
    "dataYpid": "507496508",
    "name": "Say IT Big Orlando",
    "description": "Marketing Consultants",
    "phone": "(786) 383-8649",
    "address": "street: 913 Marlboro Dr location: Deland, FL 32724"
  },
  {
    "dataYpid": "532219698",
    "name": "Kitching Internet Management Solutions",
    "description": "Internet Marketing & Advertising",
    "phone": "(386) 562-6009",
    "address": "street: 906 E Church St location: Deland, FL 32724"
  },
  {
    "dataYpid": "560983901",
    "name": "Greatoceancondos.com",
    "description": "Internet Marketing & Advertising",
    "phone": "(386) 478-7863",
    "address": "street: 2801 Hill St location: New Smyrna Beach, FL 32169"
  }
]