[
  {
    "dataYpid": "522956167",
    "name": "Phd",
    "description": "Advertising-Promotional Products",
    "phone": "(289) 892-6021",
    "address": " 995 W Kennedy Blvd - Orlando, FL 32810"
  },
  {
    "dataYpid": "503757706",
    "name": "Jlp Promotions",
    "description": "Advertising-Promotional Products",
    "phone": "(407) 342-4968",
    "address": " PO Box 690481 - Orlando, FL 32869"
  },
  {
    "dataYpid": "481921521",
    "name": "Coleman Design Service",
    "description": "Advertising-Promotional Products",
    "phone": "(407) 399-7378",
    "address": " P O Box 618174 - Orlando, FL 32861"
  },
  {
    "dataYpid": "17346373",
    "name": "International Promotional",
    "description": "Advertising-Promotional Products",
    "phone": "(407) 786-4233",
    "address": " 925 Sunshine Ln - Altamonte Springs, FL 32714"
  },
  {
    "dataYpid": "483882796",
    "name": "Anchor Promotional Merchandise",
    "description": "Advertising-Promotional Products",
    "phone": "(407) 831-4233",
    "address": " 925 Sunshine Ln Ste 1040 - Altamonte Springs, FL 32714"
  },
  {
    "dataYpid": "571486210",
    "name": "Seminole Promotional Products",
    "description": "Advertising-Promotional Products",
    "phone": "(689) 208-4851",
    "address": " 750 Northlake Blvd - Altamonte Springs, FL 32701"
  },
  {
    "dataYpid": "2283087",
    "name": "A Fox Promotions",
    "description": "Advertising-Promotional Products",
    "phone": "(407) 539-1969",
    "address": " 1131 Willa Vista Trl - Maitland, FL 32751"
  },
  {
    "dataYpid": "9534240",
    "name": "Reliance Media Inc",
    "description": "Advertising-Promotional Products",
    "phone": "(407) 296-0095",
    "address": " 2395 Apopka Blvd Unit 200 - Apopka, FL 32703"
  },
  {
    "dataYpid": "459236154",
    "name": "Pg Solutions",
    "description": "Advertising-Promotional Products",
    "phone": "(407) 677-1107",
    "address": " 682 Youngstown Pkwy - Altamonte Springs, FL 32714"
  },
  {
    "dataYpid": "454881422",
    "name": "Logos Promote",
    "description": "Advertising-Promotional Products",
    "phone": "(407) 447-5646",
    "address": " 3852 N John Young Pkwy - Orlando, FL 32804"
  },
  {
    "dataYpid": "514758789",
    "name": "Global Media Products",
    "description": "Advertising-Promotional Products",
    "phone": "(800) 870-0704",
    "address": " 4508 S Lake Orlando Pkwy - Orlando, FL 32808"
  },
  {
    "dataYpid": "16568873",
    "name": "World Promotional Services",
    "description": "Advertising-Promotional Products",
    "phone": "(407) 645-1751",
    "address": " 1120 Turner Rd - Winter Park, FL 32789"
  },
  {
    "dataYpid": "495765857",
    "name": "Dickinson Promotions",
    "description": "Advertising-Promotional Products",
    "phone": "(407) 951-7183",
    "address": " 1701 Lee Rd Apt J340 - Winter Park, FL 32789"
  },
  {
    "dataYpid": "574236248",
    "name": "Harbot Promotional Solutions",
    "description": "Advertising-Promotional Products",
    "phone": "(407) 252-7796",
    "address": " 406 South St - Fern Park, FL 32730"
  },
  {
    "dataYpid": "562806355",
    "name": "A1 Balloon",
    "description": "Advertising-Promotional Products",
    "phone": "(407) 354-2300",
    "address": " 2773 N Apopka Vineland Rd - Orlando, FL 32818"
  },
  {
    "dataYpid": "576754334",
    "name": "Fully Promoted",
    "description": "Advertising-Promotional Products",
    "phone": "(407) 794-3004",
    "address": " 941 W Morse Blvd - Winter Park, FL 32789"
  },
  {
    "dataYpid": "459597429",
    "name": "Dbg Promotions Inc",
    "description": "Advertising-Promotional Products",
    "phone": "(407) 629-6655",
    "address": " 1021 Orange Ave - Winter Park, FL 32789"
  },
  {
    "dataYpid": "547702813",
    "name": "World Promotional Services, Inc",
    "description": "Advertising-Promotional Products",
    "phone": "(407) 461-6797",
    "address": " 2123 Chippewa Trl - Maitland, FL 32751"
  },
  {
    "dataYpid": "549693286",
    "name": "Fox Promotional Products",
    "description": "Advertising-Promotional Products",
    "phone": "(407) 398-5179",
    "address": " 311 N Knowles Ave Apt 203 - Winter Park, FL 32789"
  },
  {
    "dataYpid": "510681703",
    "name": "Match-Up Promotions",
    "description": "Advertising-Promotional Products",
    "phone": "(800) 815-3093",
    "address": " 975 Florida Central Pkwy Ste 1900 - Longwood, FL 32750"
  },
  {
    "dataYpid": "14642471",
    "name": "Gallagher Promotional Products",
    "description": "Advertising-Promotional Products",
    "phone": "(407) 788-0818",
    "address": " 655 Florida Central Pkwy - Longwood, FL 32750"
  },
  {
    "dataYpid": "563091856",
    "name": "GPP Inc",
    "description": "Advertising-Promotional Products",
    "phone": "(407) 788-8631",
    "address": " 655 Florida Central Pkwy - Longwood, FL 32750"
  },
  {
    "dataYpid": "10212217",
    "name": "Wilcox & Associates, Inc.",
    "description": "Advertising-Promotional Products",
    "phone": "(407) 830-4808",
    "address": " 258 Short Ave - Longwood, FL 32750"
  },
  {
    "dataYpid": "22770188",
    "name": "DeHarris Advertising & Promotions",
    "description": "Advertising-Promotional Products",
    "phone": "(407) 202-2370",
    "address": " 934 S Central Ave - Apopka, FL 32703"
  },
  {
    "dataYpid": "29096778",
    "name": "Bowled Over Promotions",
    "description": "Advertising-Promotional Products",
    "phone": "(407) 481-9192",
    "address": " 2504 Lauderdale Ct - Orlando, FL 32805"
  },
  {
    "dataYpid": "504559345",
    "name": "KB Smartwear Inc",
    "description": "Advertising-Promotional Products",
    "phone": "(407) 649-1685",
    "address": " 421 W Robinson St - Orlando, FL 32801"
  },
  {
    "dataYpid": "497522772",
    "name": "Palm Tree Promotions Inc",
    "description": "Advertising-Promotional Products",
    "phone": "(407) 979-4676",
    "address": " 25 Wall St # 10 - Orlando, FL 32801"
  },
  {
    "dataYpid": "503794254",
    "name": "Live Lead Corp.",
    "description": "Advertising-Promotional Products",
    "phone": "(800) 436-0516",
    "address": " 121 S Orange Ave Ste 1500 - Orlando, FL 32801"
  },
  {
    "dataYpid": "503485150",
    "name": "Vision and Designs Central Florida Signs",
    "description": "Advertising-Promotional Products",
    "phone": "(305) 349-3597",
    "address": " 6644 Old Winter Garden Rd - Orlando, FL 32835"
  },
  {
    "dataYpid": "28662205",
    "name": "Gallant Inc",
    "description": "Advertising-Promotional Products",
    "phone": "(407) 856-4288",
    "address": " 775 S Kirkman Rd Ste 117 - Orlando, FL 32811"
  },
  {
    "dataYpid": "506370312",
    "name": "Biezoo",
    "description": "Advertising-Promotional Products",
    "phone": "(407) 445-6136",
    "address": " 2816 E Robinson St - Orlando, FL 32803"
  },
  {
    "dataYpid": "4931242",
    "name": "Creative CrossRoads",
    "description": "Advertising-Promotional Products",
    "phone": "(407) 679-1303",
    "address": " 2716 Eastern Pkwy - Winter Park, FL 32789"
  },
  {
    "dataYpid": "552093013",
    "name": "Your Brand Designs",
    "description": "Advertising-Promotional Products",
    "phone": "(407) 749-2167",
    "address": " 237 N Us Highway 17 92 - Longwood, FL 32750"
  },
  {
    "dataYpid": "506240721",
    "name": "Speciatly Incentives- Florida",
    "description": "Advertising-Promotional Products",
    "phone": "(904) 253-5128",
    "address": " 1316 Westmeath Ct - Apopka, FL 32703"
  },
  {
    "dataYpid": "504996451",
    "name": "We Print Everything",
    "description": "Advertising-Promotional Products",
    "phone": "(407) 339-3410",
    "address": " 2100 N Ronald Reagan Blvd - Longwood, FL 32750"
  },
  {
    "dataYpid": "481487685",
    "name": "All In One Media & Printing, llc Orlando",
    "description": "Advertising-Promotional Products",
    "phone": "(407) 339-6062",
    "address": " 782 Big Tree Dr Unit A - Longwood, FL 32750"
  },
  {
    "dataYpid": "572747527",
    "name": "Fox Merch",
    "description": "Advertising-Promotional Products",
    "phone": "(407) 615-2304",
    "address": " 931 S Semoran Blvd Ste 214 - Winter Park, FL 32792"
  },
  {
    "dataYpid": "3116916",
    "name": "D & D Promotional Products Inc",
    "description": "Advertising-Promotional Products",
    "phone": "(407) 677-1400",
    "address": " 7033 Stapoint Ct Ste D - Winter Park, FL 32792"
  },
  {
    "dataYpid": "474526715",
    "name": "Graphix Solutions",
    "description": "Advertising-Promotional Products",
    "phone": "(407) 234-7271",
    "address": " 2478 Lake Debra Dr - orlando, FL 32835"
  },
  {
    "dataYpid": "5273491",
    "name": "Florida State Distributors Inc",
    "description": "Advertising-Promotional Products",
    "phone": "(407) 841-8344",
    "address": " 4601 SW 34th St - Orlando, FL 32811"
  },
  {
    "dataYpid": "481168949",
    "name": "Global Promo",
    "description": "Advertising-Promotional Products",
    "phone": "(407) 513-9801",
    "address": " 4535 SW 34th St - Orlando, FL 32811"
  },
  {
    "dataYpid": "12610430",
    "name": "Area 51 Graphics",
    "description": "Advertising-Promotional Products",
    "phone": "(407) 428-1164",
    "address": " 4535 SW 34th St - Orlando, FL 32811"
  },
  {
    "dataYpid": "478340110",
    "name": "Trump Auto Promotions",
    "description": "Advertising-Promotional Products",
    "phone": "(407) 203-0854",
    "address": " 7065 Westpointe Blvd Ste 319 - Orlando, FL 32835"
  },
  {
    "dataYpid": "551724321",
    "name": "Shuffled Ink",
    "description": "Advertising-Promotional Products",
    "phone": "(407) 298-3579",
    "address": " 3724 Vineland Rd Unit 3 - Orlando, FL 32811"
  },
  {
    "dataYpid": "460351223",
    "name": "Promote In Style",
    "description": "Advertising-Promotional Products",
    "phone": "(407) 382-5959",
    "address": " 2200 N. Forsyth Rd. A03 - Orlando, FL 32807"
  },
  {
    "dataYpid": "503753580",
    "name": "Hft Vinyl Creations",
    "description": "Advertising-Promotional Products",
    "phone": "(407) 618-3182",
    "address": " 127 N Linden Dr - Orlando, FL 32807"
  },
  {
    "dataYpid": "547448955",
    "name": "Wow Promotional Items",
    "description": "Advertising-Promotional Products",
    "phone": "(407) 394-8955",
    "address": " 4401 Vineland Rd - Orlando, FL 32811"
  },
  {
    "dataYpid": "547486134",
    "name": "Betty's Promos Plus",
    "description": "Advertising-Promotional Products",
    "phone": "(321) 234-1212",
    "address": " 3546 S Orange Ave - Orlando, FL 32806"
  },
  {
    "dataYpid": "503816291",
    "name": "Appreciation Promotion Services",
    "description": "Advertising-Promotional Products",
    "phone": "(407) 242-7584",
    "address": " 4572 S Orange Blossom Trl - Orlando, FL 32839"
  },
  {
    "dataYpid": "517487642",
    "name": "Jasper Enterprises Inc",
    "description": "Advertising-Promotional Products",
    "phone": "(407) 250-4890",
    "address": " 4061 Forrestal Ave - Orlando, FL 32806"
  },
  {
    "dataYpid": "515100754",
    "name": "National Watermelon Promotion Board",
    "description": "Advertising-Promotional Products",
    "phone": "(407) 657-0261",
    "address": " 1321 Sundial Pt - Winter Springs, FL 32708"
  },
  {
    "dataYpid": "485554186",
    "name": "The Lapel Pins Plus Network",
    "description": "Advertising-Promotional Products",
    "phone": "(800) 252-0904",
    "address": " 5840 Red Bug Lake Rd Ste 35 - Winter Springs, FL 32708"
  },
  {
    "dataYpid": "20564660",
    "name": "Miracle's Digital Promise",
    "description": "Advertising-Promotional Products",
    "phone": "(407) 968-5966",
    "address": " 3100 Old Winter Garden Rd - Ocoee, FL 34761"
  },
  {
    "dataYpid": "497645630",
    "name": "Cheap Embroidery, LLC",
    "description": "Advertising-Promotional Products",
    "phone": "(855) 436-2764",
    "address": " 1485 International Pkwy - Lake Mary, FL 32746"
  },
  {
    "dataYpid": "29414885",
    "name": "Almar Promotion Products",
    "description": "Advertising-Promotional Products",
    "phone": "(407) 333-4470",
    "address": " 336 Ashford Ct - Lake Mary, FL 32746"
  },
  {
    "dataYpid": "473858376",
    "name": "Ydg International",
    "description": "Advertising-Promotional Products",
    "phone": "(407) 562-1965",
    "address": " 801 International Pkwy - Lake Mary, FL 32746"
  },
  {
    "dataYpid": "4749985",
    "name": "Identity Defined",
    "description": "Advertising-Promotional Products",
    "phone": "(407) 447-9045",
    "address": " 4210 L B Mcleod Rd Ste 101 - Orlando, FL 32811"
  },
  {
    "dataYpid": "472928876",
    "name": "Latitude Promotions",
    "description": "Advertising-Promotional Products",
    "phone": "(407) 248-1040",
    "address": " 7575 Dr Phillips Blvd - Orlando, FL 32819"
  },
  {
    "dataYpid": "478341311",
    "name": "Price Chopper Wristbands",
    "description": "Advertising-Promotional Products",
    "phone": "(407) 679-1600",
    "address": " 6325 McCoy Rd - Orlando, FL 32822"
  },
  {
    "dataYpid": "501740680",
    "name": "Untucked Apparel and Design",
    "description": "Advertising-Promotional Products",
    "phone": "(407) 380-1535",
    "address": " 10620 Godfrey Ln - Orlando, FL 32825"
  },
  {
    "dataYpid": "19711476",
    "name": "Intelligent Opportunities Grp",
    "description": "Advertising-Promotional Products",
    "phone": "(321) 206-0922",
    "address": " 1802 N Alafaya Trl - Orlando, FL 32826"
  },
  {
    "dataYpid": "461584068",
    "name": "SEO Web Designs",
    "description": "Advertising-Promotional Products",
    "phone": "(386) 734-9844",
    "address": " 6447 S Chickasaw Trl - Orlando, FL 32829"
  },
  {
    "dataYpid": "518225614",
    "name": "Soul Swag Supporting Rising Lotus",
    "description": "Advertising-Promotional Products",
    "phone": "(407) 988-3328",
    "address": " 9402 American Eagle Way - Orlando, FL 32837"
  },
  {
    "dataYpid": "480052117",
    "name": "D D Unlimited Inc",
    "description": "Advertising-Promotional Products",
    "phone": "(407) 704-8886",
    "address": " 524 Mid Florida Dr - Orlando, FL 32824"
  },
  {
    "dataYpid": "560415794",
    "name": "Thevideocards",
    "description": "Advertising-Promotional Products",
    "phone": "(321) 276-9899",
    "address": " 1969 S Alafaya Trl - Orlando, FL 32828"
  },
  {
    "dataYpid": "508771857",
    "name": "A & A Advertising Specialties",
    "description": "Advertising-Promotional Products",
    "phone": "(407) 381-5799",
    "address": " 2414 Teton Stone Run - Orlando, FL 32828"
  },
  {
    "dataYpid": "566740778",
    "name": "Economical Quality Products",
    "description": "Advertising-Promotional Products",
    "phone": "(407) 497-1351",
    "address": " 738 Business Park Blvd - Winter Garden, FL 34787"
  },
  {
    "dataYpid": "3617125",
    "name": "Vacation Ventures",
    "description": "Advertising-Promotional Products",
    "phone": "(407) 839-1012",
    "address": " 7075 Kingspointe Pkwy - Orlando, FL 32819"
  },
  {
    "dataYpid": "5957179",
    "name": "R Devie Art of Life",
    "description": "Advertising-Promotional Products",
    "phone": "(407) 248-1562",
    "address": " 7575 Kingspointe Pkwy - Orlando, FL 32819"
  },
  {
    "dataYpid": "465701151",
    "name": "Hayes James",
    "description": "Advertising-Promotional Products",
    "phone": "(407) 382-2144",
    "address": " 14331 Rockledge Grove Ct - Orlando, FL 32828"
  },
  {
    "dataYpid": "464354390",
    "name": "Genesis Products & Service",
    "description": "Advertising-Promotional Products",
    "phone": "(407) 855-3909",
    "address": " 3956 W Town Center Blvd - Orlando, FL 32837"
  },
  {
    "dataYpid": "546184192",
    "name": "AMC Promotional Products",
    "description": "Advertising-Promotional Products",
    "phone": "(877) 241-1160",
    "address": " 16255 Tudor Grove Dr - Orlando, FL 32828"
  },
  {
    "dataYpid": "573267993",
    "name": "Promotional Mix",
    "description": "Advertising-Promotional Products",
    "phone": "(786) 603-2878",
    "address": " 14120 Sanctuary Club Rd - Orlando, FL 32832"
  },
  {
    "dataYpid": "547296721",
    "name": "Soul Swag",
    "description": "Advertising-Promotional Products",
    "phone": "(407) 988-3328",
    "address": " 13842 Marine Dr - Orlando, FL 32832"
  },
  {
    "dataYpid": "9027857",
    "name": "Crown Trophy",
    "description": "Advertising-Promotional Products",
    "phone": "(407) 786-0430",
    "address": " 851 W State Road 436 - Altamonte Springs, FL 32714"
  },
  {
    "dataYpid": "465174240",
    "name": "groovydude creations LLC",
    "description": "Advertising-Promotional Products",
    "phone": "(407) 312-7877",
    "address": " PO Box 560715 - Orlando, FL 32856"
  },
  {
    "dataYpid": "483290458",
    "name": "Appreciation Promotion Services, LLC",
    "description": "Advertising-Promotional Products",
    "phone": "(407) 900-6823",
    "address": " 5764 N Orange Blossom Trl # 18 - Orlando, FL 32810"
  },
  {
    "dataYpid": "3741822",
    "name": "Print Station",
    "description": "Advertising-Promotional Products",
    "phone": "(407) 682-5899",
    "address": " 491 N. Highway 434 Suite 137 - Altamonte Springs, FL 32714"
  },
  {
    "dataYpid": "503132932",
    "name": "YP Marketing Solutions",
    "description": "Advertising-Promotional Products",
    "phone": "(407) 896-7325",
    "address": " 258 Southhall Ln Ste 106 - Maitland, FL 32751"
  },
  {
    "dataYpid": "451673745",
    "name": "Corporate Branding Solutions Inc.",
    "description": "Advertising-Promotional Products",
    "phone": "(407) 682-6184",
    "address": " PO Box 161527 - Altamonte Springs, FL 32716"
  },
  {
    "dataYpid": "457382861",
    "name": "CSI Promotions",
    "description": "Advertising-Promotional Products",
    "phone": "(407) 468-5099",
    "address": " 479 Montgomery Pl - Altamonte Springs, FL 32714"
  },
  {
    "dataYpid": "505056208",
    "name": "Jato",
    "description": "Advertising-Promotional Products",
    "phone": "(321) 445-1800",
    "address": " 518 Douglas Ave Ste 1216 - Altamonte Springs, FL 32714"
  },
  {
    "dataYpid": "547497016",
    "name": "Minuteman Press",
    "description": "Advertising-Promotional Products",
    "phone": "(407) 237-0233",
    "address": " 4209 Edgewater Dr - Orlando, FL 32804"
  },
  {
    "dataYpid": "465328382",
    "name": "CSR Promotions",
    "description": "Advertising-Promotional Products",
    "phone": "(954) 817-6055",
    "address": " 100 E Sybelia Ave Ste 305 - Maitland, FL 32751"
  },
  {
    "dataYpid": "3090842",
    "name": "The Sunshine Group",
    "description": "Advertising-Promotional Products",
    "phone": "(407) 623-3333",
    "address": " 125 S Swoope Ave Ste 101 - Maitland, FL 32751"
  },
  {
    "dataYpid": "462420541",
    "name": "A S A P Quick Print of Apopka Inc",
    "description": "Advertising-Promotional Products",
    "phone": "(407) 886-6336",
    "address": " 2430 E Semoran Blvd - Apopka, FL 32703"
  },
  {
    "dataYpid": "504755701",
    "name": "Rc Addiction Products",
    "description": "Advertising-Promotional Products",
    "phone": "(407) 960-4165",
    "address": " 110 Candace Dr Unit 4 - Maitland, FL 32751"
  },
  {
    "dataYpid": "502772587",
    "name": "Dymeanite Entertainment A",
    "description": "Advertising-Promotional Products",
    "phone": "(407) 930-3794",
    "address": " 5103 Silver Star Rd - Orlando, FL 32808"
  },
  {
    "dataYpid": "520860442",
    "name": "Najime Enterprise, Inc",
    "description": "Advertising-Promotional Products",
    "phone": "(888) 389-5730",
    "address": " 5050 S Us Highway 17/92 Ste 102 - Casselberry, FL 32707"
  },
  {
    "dataYpid": "464468292",
    "name": "Sew Now What",
    "description": "Advertising-Promotional Products",
    "phone": "(407) 468-8712",
    "address": " 977 Hobson St - Longwood, FL 32750"
  },
  {
    "dataYpid": "8383171",
    "name": "Platinum Signs And Design",
    "description": "Advertising-Promotional Products",
    "phone": "(407) 971-3640",
    "address": " 352 W Melody Ln - Casselberry, FL 32707"
  },
  {
    "dataYpid": "497216480",
    "name": "Dapp Embroidery Inc",
    "description": "Advertising-Promotional Products",
    "phone": "(407) 260-1600",
    "address": " 1075 Florida Central Pkwy Ste 2500 - Longwood, FL 32750"
  },
  {
    "dataYpid": "22784548",
    "name": "1 Stop Print Shop",
    "description": "Advertising-Promotional Products",
    "phone": "(407) 331-3211",
    "address": " 530 S Ronald Reagan Blvd - Longwood, FL 32750"
  },
  {
    "dataYpid": "465082781",
    "name": "Signs-O-Sourus",
    "description": "Advertising-Promotional Products",
    "phone": "(407) 677-8965",
    "address": " 3008 S US Highway 17/92 - Casselberry, FL 32707"
  },
  {
    "dataYpid": "572789360",
    "name": "Kreative Koncepts",
    "description": "Advertising-Promotional Products",
    "phone": "(407) 889-8200",
    "address": " 746 Primrose Willow Way - Apopka, FL 32712"
  },
  {
    "dataYpid": "475299445",
    "name": "Blezoo",
    "description": "Advertising-Promotional Products",
    "phone": "(407) 841-8844",
    "address": " 3107 Edgewater Dr Ste 2-a - Orlando, FL 32804"
  },
  {
    "dataYpid": "6405389",
    "name": "Momentum Marketing Solutions",
    "description": "Advertising-Promotional Products",
    "phone": "(407) 445-4760",
    "address": " 3231 Old Winter Garden Rd - Orlando, FL 32805"
  },
  {
    "dataYpid": "497659583",
    "name": "Fusion Studios - Video Production Orlando",
    "description": "Advertising-Promotional Products",
    "phone": "(800) 997-5060",
    "address": " 11 N Summerlin Ave Ste 210 - Orlando, FL 32801"
  },
  {
    "dataYpid": "468380584",
    "name": "Direct Media USA",
    "description": "Advertising-Promotional Products",
    "phone": "(407) 730-9550",
    "address": " 1013 Montana St - Orlando, FL 32803"
  },
  {
    "dataYpid": "470493638",
    "name": "The Group Advertising",
    "description": "Advertising-Promotional Products",
    "phone": "(407) 898-2409",
    "address": " 1221 N Mills Ave Suite B - Orlando, FL 32803"
  },
  {
    "dataYpid": "521950541",
    "name": "Arigenesismarketing",
    "description": "Advertising-Promotional Products",
    "phone": "(321) 314-1977",
    "address": " 619 W Concord St - Orlando, FL 32801"
  },
  {
    "dataYpid": "573085382",
    "name": "Brand It T Shirts & More",
    "description": "Advertising-Promotional Products",
    "phone": "(407) 290-0044",
    "address": " 2120 W Pine St - Orlando, FL 32805"
  },
  {
    "dataYpid": "28626038",
    "name": "Appreciation Promotion Service",
    "description": "Advertising-Promotional Products",
    "phone": "(407) 242-7584",
    "address": " 58 S Orange Blossom Trl - Orlando, FL 32805"
  },
  {
    "dataYpid": "503026233",
    "name": "SwagRobot",
    "description": "Advertising-Promotional Products",
    "phone": "(855) 240-7923",
    "address": " 611 N Mills Ave Unit 533542 - Orlando, FL 32853"
  },
  {
    "dataYpid": "503680221",
    "name": "Aura Advertising and Modeling Agency",
    "description": "Advertising-Promotional Products",
    "phone": "(321) 230-9751",
    "address": " 37 N Orange Ave Ste 500 - Orlando, FL 32801"
  },
  {
    "dataYpid": "537575497",
    "name": "321 Agency",
    "description": "Advertising-Promotional Products",
    "phone": "(407) 734-5215",
    "address": " 121 S Orange Ave Ste 980N - Orlando, FL 32801"
  },
  {
    "dataYpid": "529325405",
    "name": "Dixie Dogg Pound Promotions, Inc.",
    "description": "Advertising-Promotional Products",
    "phone": "(407) 539-4581",
    "address": " 322 E Central Blvd Unit 908 - Orlando, FL 32801"
  },
  {
    "dataYpid": "576576186",
    "name": "Design Your Pins",
    "description": "Advertising-Promotional Products",
    "phone": "(321) 701-2211",
    "address": " 255 S Orange Ave Ste 104-1330 - Orlando, FL 32801"
  },
  {
    "dataYpid": "465122456",
    "name": "Myfloridalist.com",
    "description": "Advertising-Promotional Products",
    "phone": "(386) 479-0535",
    "address": " 3201 E Colonial Dr - Orlando, FL 32803"
  },
  {
    "dataYpid": "551022018",
    "name": "Sun Sizzling Services International",
    "description": "Advertising-Promotional Products",
    "phone": "(340) 201-4016",
    "address": " 973 S Kirkman Rd - Orlando, FL 32811"
  },
  {
    "dataYpid": "14351010",
    "name": "Fann Emblem & Embroidery Co Inc",
    "description": "Advertising-Promotional Products",
    "phone": "(407) 422-7354",
    "address": " 1330 W Central Blvd - Orlando, FL 32805"
  },
  {
    "dataYpid": "495867995",
    "name": "Minuteman Press Longwood | Orlando Printing, Design, Mailing, & Signs",
    "description": "Advertising-Promotional Products",
    "phone": "(407) 260-0116",
    "address": " 800 Waterway Pl - Longwood, FL 32750"
  },
  {
    "dataYpid": "507595732",
    "name": "CreoleBiz.com",
    "description": "Advertising-Promotional Products",
    "phone": "(407) 949-2590",
    "address": " 581 N Park Ave Unit 952 - Apopka, FL 32704"
  },
  {
    "dataYpid": "452151228",
    "name": "Harmony Business Services",
    "description": "Advertising-Promotional Products",
    "phone": "(407) 967-6738",
    "address": " 314 Kirkcaldy Dr - Winter Springs, FL 32708"
  },
  {
    "dataYpid": "475283026",
    "name": "Personali-Tees",
    "description": "Advertising-Promotional Products",
    "phone": "(407) 657-7399",
    "address": " 7306 Sandscove Ct - Winter Park, FL 32792"
  },
  {
    "dataYpid": "21804489",
    "name": "Magic Printing Services",
    "description": "Advertising-Promotional Products",
    "phone": "(407) 657-7414",
    "address": " 7056 Stapoint Ct - Winter Park, FL 32792"
  },
  {
    "dataYpid": "548303361",
    "name": "Pins By Magic",
    "description": "Advertising-Promotional Products",
    "phone": "(407) 657-7414",
    "address": " 7056 Stapoint Ct - Winter Park, FL 32792"
  },
  {
    "dataYpid": "1280307",
    "name": "Taylor",
    "description": "Advertising-Promotional Products",
    "phone": "(407) 333-9500",
    "address": " 1001 Sand Pond Rd - Lake Mary, FL 32746"
  },
  {
    "dataYpid": "18370726",
    "name": "Printing USA",
    "description": "Advertising-Promotional Products",
    "phone": "(407) 857-7468",
    "address": " 4732 S Orange Blossom Trl - Orlando, FL 32839"
  },
  {
    "dataYpid": "461835726",
    "name": "WrapsForLess.com",
    "description": "Advertising-Promotional Products",
    "phone": "(407) 447-9045",
    "address": " 4210 L B Mcleod Rd Ste 101 - Orlando, FL 32811"
  },
  {
    "dataYpid": "514642729",
    "name": "Kreyolbiz.com",
    "description": "Advertising-Promotional Products",
    "phone": "(407) 391-9435",
    "address": " 2710 S Orange Blossom Trl Suite 1/2 - Orlando, FL 32805"
  },
  {
    "dataYpid": "9183290",
    "name": "Noles Direct",
    "description": "Advertising-Promotional Products",
    "phone": "(407) 426-8387",
    "address": " 4210 L B Mcleod Rd - Orlando, FL 32811"
  },
  {
    "dataYpid": "504018082",
    "name": "Wholesale Print Shop",
    "description": "Advertising-Promotional Products",
    "phone": "(407) 730-3496",
    "address": " 7320 E Colonial Dr - Orlando, FL 32807"
  },
  {
    "dataYpid": "553854230",
    "name": "Tshirt Society Group",
    "description": "Advertising-Promotional Products",
    "phone": "(407) 404-1299",
    "address": " 979 Almond Tree Cir - Orlando, FL 32835"
  },
  {
    "dataYpid": "456499068",
    "name": "D' Cache Inc",
    "description": "Advertising-Promotional Products",
    "phone": "(407) 244-6310",
    "address": " 4300 Curry Ford Rd - Orlando, FL 32806"
  },
  {
    "dataYpid": "256477",
    "name": "KJM Group LLC",
    "description": "Advertising-Promotional Products",
    "phone": "(570) 309-0157",
    "address": " 1924 Conway Rd Apt 2 - Orlando, FL 32812"
  },
  {
    "dataYpid": "4543181",
    "name": "Thread Mill Industries Inc",
    "description": "Advertising-Promotional Products",
    "phone": "(407) 277-3343",
    "address": " 995 N Goldenrod Rd - Orlando, FL 32807"
  },
  {
    "dataYpid": "527908125",
    "name": "Impress Ink",
    "description": "Advertising-Promotional Products",
    "phone": "(407) 982-5646",
    "address": " 540 N Goldenrod Rd - Orlando, FL 32807"
  },
  {
    "dataYpid": "524346005",
    "name": "Global Gold Resources",
    "description": "Advertising-Promotional Products",
    "phone": "(407) 271-0298",
    "address": " 5076 Savannah River Way Apt 118 - Orlando, FL 32839"
  },
  {
    "dataYpid": "523583487",
    "name": "Snacklebox",
    "description": "Advertising-Promotional Products",
    "phone": "(407) 878-0954",
    "address": " 160 International Pkwy Ste 120 - Lake Mary, FL 32746"
  },
  {
    "dataYpid": "505069848",
    "name": "Proforma Nextgen Printing Plus",
    "description": "Advertising-Promotional Products",
    "phone": "(407) 804-9444",
    "address": " 425 Cardinal Oaks Ct - Lake Mary, FL 32746"
  },
  {
    "dataYpid": "506066009",
    "name": "A&G Marketing Group by Proforma",
    "description": "Advertising-Promotional Products",
    "phone": "(888) 391-5449",
    "address": " 142 W Lakeview Ave Ste 1030 - Lake Mary, FL 32746"
  },
  {
    "dataYpid": "509368484",
    "name": "Levitation Studio Inc.",
    "description": "Advertising-Promotional Products",
    "phone": "(888) 514-8814",
    "address": " 1540 International Pkwy - Lake Mary, FL 32746"
  },
  {
    "dataYpid": "453759334",
    "name": "Halo Branded Solutions",
    "description": "Advertising-Promotional Products",
    "phone": "(407) 425-9521",
    "address": " 4201 Vineland Rd Ste I-9 - Orlando, FL 32811"
  },
  {
    "dataYpid": "88915",
    "name": "Embroidery Solutions",
    "description": "Advertising-Promotional Products",
    "phone": "(407) 438-8188",
    "address": " 6457 Hazeltine National Dr Ste 120 - Orlando, FL 32822"
  },
  {
    "dataYpid": "527368321",
    "name": "Bongi Designs",
    "description": "Advertising-Promotional Products",
    "phone": "(407) 680-1051",
    "address": " 5956 Bent Pine Dr - Orlando, FL 32822"
  },
  {
    "dataYpid": "482623596",
    "name": "ProLogo Branding",
    "description": "Advertising-Promotional Products",
    "phone": "(407) 730-9831",
    "address": " 5508 Commerce Dr - Orlando, FL 32839"
  },
  {
    "dataYpid": "514643141",
    "name": "ALB Group at I Grow",
    "description": "Advertising-Promotional Products",
    "phone": "(407) 683-5485",
    "address": " 5221 Millenia Blvd - Orlando, FL 32839"
  },
  {
    "dataYpid": "14659164",
    "name": "AC Printing & Graphics",
    "description": "Advertising-Promotional Products",
    "phone": "(407) 856-4940",
    "address": " 7566 Southland Blvd Ste 100 - Orlando, FL 32809"
  },
  {
    "dataYpid": "535471454",
    "name": "W C I",
    "description": "Advertising-Promotional Products",
    "phone": "(407) 855-1613",
    "address": " 7600 Southland Blvd Ste 107 - Orlando, FL 32809"
  },
  {
    "dataYpid": "525201067",
    "name": "VisuAwe",
    "description": "Advertising-Promotional Products",
    "phone": "(407) 910-8765",
    "address": " 7511 Mandarin Dr - Orlando, FL 32819"
  },
  {
    "dataYpid": "495867994",
    "name": "Minuteman Press Sand Lake",
    "description": "Advertising-Promotional Products",
    "phone": "(407) 355-3302",
    "address": " 7751 Kingspointe Parkway, Suite 117 - Orlando, FL 32819"
  },
  {
    "dataYpid": "575310497",
    "name": "YourLogoGifts.com",
    "description": "Advertising-Promotional Products",
    "phone": "(407) 832-6446",
    "address": " 5916 Caravan Court Resort Shoppe - Orlando, FL 32819"
  },
  {
    "dataYpid": "535317942",
    "name": "AMP Exposure, Inc.",
    "description": "Advertising-Promotional Products",
    "phone": "(407) 745-4135",
    "address": " 7800 Southland Blvd Ste 150 - Orlando, FL 32809"
  },
  {
    "dataYpid": "533017683",
    "name": "Shirt Shack",
    "description": "Advertising-Promotional Products",
    "phone": "(812) 550-0158",
    "address": " 11037 Retreat Ave - Orlando, FL 32817"
  },
  {
    "dataYpid": "495810258",
    "name": "Eyenamic Designs",
    "description": "Advertising-Promotional Products",
    "phone": "(321) 262-2504",
    "address": " Central Florida Blvd. - Orlando, FL 32817"
  },
  {
    "dataYpid": "532478871",
    "name": "Cash Cube Money Machine Store",
    "description": "Advertising-Promotional Products",
    "phone": "(407) 418-8200",
    "address": " 5833 S Goldenrod Rd - Orlando, FL 32822"
  },
  {
    "dataYpid": "532400557",
    "name": "Promotion Store ®",
    "description": "Advertising-Promotional Products",
    "phone": "(407) 418-8200",
    "address": " 5833 S Goldenrod Rd - Orlando, FL 32822"
  },
  {
    "dataYpid": "530343194",
    "name": "CBA Specialties Distributors",
    "description": "Advertising-Promotional Products",
    "phone": "(321) 947-3779",
    "address": " 12472 Lake Underhill Rd Ste 164 - Orlando, FL 32828"
  },
  {
    "dataYpid": "482139552",
    "name": "Loyalty App's",
    "description": "Advertising-Promotional Products",
    "phone": "(407) 255-5257",
    "address": " 2104 Fraternity Ct - Orlando, FL 32826"
  },
  {
    "dataYpid": "558962068",
    "name": "We Are Kymera",
    "description": "Advertising-Promotional Products",
    "phone": "(407) 374-1890",
    "address": " 10219 General Dr - Orlando, FL 32824"
  },
  {
    "dataYpid": "452269098",
    "name": "Elaine's Embroidery & Creative Apparel",
    "description": "Advertising-Promotional Products",
    "phone": "(407) 888-4799",
    "address": " 10918 S Trail Cir - Orlando, FL 32837"
  },
  {
    "dataYpid": "527298844",
    "name": "LegitOnlineJobs",
    "description": "Advertising-Promotional Products",
    "phone": "(321) 300-9721",
    "address": " 1701 W Wetherbee Rd - Orlando, FL 32837"
  },
  {
    "dataYpid": "495852686",
    "name": "Reaching Our Destiny, Inc",
    "description": "Advertising-Promotional Products",
    "phone": "(407) 603-5387",
    "address": " 13162 Social Ln - Winter Garden, FL 34787"
  },
  {
    "dataYpid": "523475857",
    "name": "Ads Pay Pro",
    "description": "Advertising-Promotional Products",
    "phone": "(407) 718-4487",
    "address": " 1004 Covington St - Oviedo, FL 32765"
  },
  {
    "dataYpid": "459709814",
    "name": "Cuspro, Inc.",
    "description": "Advertising-Promotional Products",
    "phone": "(407) 278-8980",
    "address": " PO Box 621239 - Oviedo, FL 32762"
  },
  {
    "dataYpid": "575799382",
    "name": "RoyGBiv2u",
    "description": "Advertising-Promotional Products",
    "phone": "(407) 494-4233",
    "address": " 3182 Eastgrove Ter - Sanford, FL 32771"
  },
  {
    "dataYpid": "468124683",
    "name": "COU Group Inc.",
    "description": "Advertising-Promotional Products",
    "phone": "(407) 219-2889",
    "address": " 704 Mcdougall Ct - Orlando, FL 32809"
  },
  {
    "dataYpid": "515246251",
    "name": "By Afro Marketing Agency",
    "description": "Advertising-Promotional Products",
    "phone": "(786) 416-4592",
    "address": " 9588 Silver Buttonwood St - Orlando, FL 32832"
  },
  {
    "dataYpid": "251300",
    "name": "Star Cannon Searchlight Rental",
    "description": "Advertising-Promotional Products",
    "phone": "(407) 832-3185",
    "address": " 827 Hamilton Dr - Orlando, FL 32833"
  },
  {
    "dataYpid": "521565177",
    "name": "Better Graphics",
    "description": "Advertising-Promotional Products",
    "phone": "(407) 613-2813",
    "address": " 10524 Moss Park Rd Ste 204-359 - Orlando, FL 32832"
  },
  {
    "dataYpid": "3163143",
    "name": "Afforfdable Signs Of Central Florida",
    "description": "Signs",
    "phone": "(407) 299-1288",
    "address": " 8601 Forest City Rd - Orlando, FL 32810"
  },
  {
    "dataYpid": "12770074",
    "name": "Nscope Multimedia",
    "description": "Advertising Agencies",
    "phone": "(407) 704-3640",
    "address": " 877 Grand Regency Pointe Unit 105 - Altamonte Springs, FL 32714"
  },
  {
    "dataYpid": "28674912",
    "name": "Comprehensive HR Solutions",
    "description": "Advertising Agencies",
    "phone": "(407) 578-8399",
    "address": " 696 Oak Hollow Way - Altamonte Springs, FL 32714"
  },
  {
    "dataYpid": "480107634",
    "name": "MP advertising.com",
    "description": "Advertising Agencies",
    "phone": "(407) 324-3255",
    "address": " PO Box 3052 E. Jefferson Street - Orlando, FL 32802"
  },
  {
    "dataYpid": "15999111",
    "name": "Reliable Experts Consulting",
    "description": "Advertising Agencies",
    "phone": "(321) 206-8881",
    "address": " 1800 Pembrook Dr - Orlando, FL 32810"
  },
  {
    "dataYpid": "453341715",
    "name": "Stadler-Green Advertising",
    "description": "Advertising Agencies",
    "phone": "(407) 667-4800",
    "address": " 1800 Pembrook Dr - Orlando, FL 32810"
  },
  {
    "dataYpid": "468129025",
    "name": "Mmgy Global",
    "description": "Marketing Programs & Services",
    "phone": "(407) 875-1111",
    "address": " 423 S Keller Rd Ste 100 - Orlando, FL 32810"
  },
  {
    "dataYpid": "28803730",
    "name": "Global Marketing Ent",
    "description": "Advertising Agencies",
    "phone": "(407) 298-2480",
    "address": " 5554 Burlwood Dr - Orlando, FL 32810"
  },
  {
    "dataYpid": "457883331",
    "name": "CSCF Group",
    "description": "Business Plans Development",
    "phone": "(407) 234-4191",
    "address": " PO Box 568443 - Orlando, FL 32856"
  },
  {
    "dataYpid": "464534979",
    "name": "Switch Consulting Inc",
    "description": "Advertising Agencies",
    "phone": "(407) 252-4634",
    "address": " PO Box 677326 - Orlando, FL 32867"
  },
  {
    "dataYpid": "559608750",
    "name": "FASTSIGNS",
    "description": "Signs",
    "phone": "(407) 250-9762",
    "address": " 6192 Edgewater Dr - Orlando, FL 32810"
  },
  {
    "dataYpid": "544397518",
    "name": "The Sign Guys Orlando",
    "description": "Signs",
    "phone": "(407) 776-8256",
    "address": " 6192 Edgewater Dr - Orlando, FL 32810"
  },
  {
    "dataYpid": "497510291",
    "name": "Ph3 Agency + Brewery",
    "description": "Advertising Specialties",
    "phone": "(321) 206-8771",
    "address": " 6140 Edgewater Dr Ste C - Orlando, FL 32810"
  },
  {
    "dataYpid": "460151019",
    "name": "Capital Signs",
    "description": "Advertising Specialties",
    "phone": "(407) 293-2145",
    "address": " 6110 Edgewater Dr - Orlando, FL 32810"
  },
  {
    "dataYpid": "533669184",
    "name": "Citrus Sign Studio",
    "description": "Advertising Agencies",
    "phone": "(321) 285-0730",
    "address": " 6110 Edgewater Dr Suite H - Orlando, FL 32810"
  },
  {
    "dataYpid": "5656685",
    "name": "Sunbelt Signs",
    "description": "Signs",
    "phone": "(407) 532-5455",
    "address": " 3497 All American Blvd - Orlando, FL 32810"
  },
  {
    "dataYpid": "505124589",
    "name": "Vital Signs of Orlando Inc",
    "description": "Signs",
    "phone": "(407) 297-0680",
    "address": " 7806 N Orange Blossom Trl - Orlando, FL 32810"
  },
  {
    "dataYpid": "503886348",
    "name": "Signal Outdoor Advertisin",
    "description": "Outdoor Advertising",
    "phone": "(407) 856-7079",
    "address": " 3740 All American Blvd - Orlando, FL 32810"
  },
  {
    "dataYpid": "467233753",
    "name": "Yellow Pages of Central Florida",
    "description": "Publishers-Directory & Guide",
    "phone": "(407) 667-4745",
    "address": " 101 Southhall Ln - Maitland, FL 32751"
  },
  {
    "dataYpid": "505531394",
    "name": "Jerry Defalco Advertising",
    "description": "Advertising Agencies",
    "phone": "(407) 661-3131",
    "address": " 1060 Maitland Center Commons Blvd Ste 410 - Maitland, FL 32751"
  },
  {
    "dataYpid": "451040946",
    "name": "Patterson Bach Communications",
    "description": "Marketing Programs & Services",
    "phone": "(407) 645-1880",
    "address": " 2600 Maitland Center Pkwy Ste 360 - Maitland, FL 32751"
  },
  {
    "dataYpid": "464520871",
    "name": "US Associates Bright Hse Network",
    "description": "Advertising Agencies",
    "phone": "(407) 951-7254",
    "address": " 2600 Maitland Center Pkwy Ste 295 - Maitland, FL 32751"
  },
  {
    "dataYpid": "468645939",
    "name": "Winning Formula Marketing LLC",
    "description": "Internet Consultants",
    "phone": "(407) 928-9173",
    "address": " 555 Winderley Pl - Maitland, FL 32751"
  },
  {
    "dataYpid": "553395059",
    "name": "TKO-Terry/Kane Orlando Inc",
    "description": "Advertising Agencies",
    "phone": "(407) 649-8730",
    "address": " 1051 Winderley Pl - Maitland, FL 32751"
  },
  {
    "dataYpid": "7419542",
    "name": "Fat Free Media",
    "description": "Advertising Specialties",
    "phone": "(407) 786-8669",
    "address": " 1162 Brantley Estates Dr - Altamonte Springs, FL 32714"
  },
  {
    "dataYpid": "558974561",
    "name": "iHeartMedia",
    "description": "Advertising Agencies",
    "phone": "(407) 916-7800",
    "address": " 2500 Maitland Center Pkwy - Maitland, FL 32751"
  },
  {
    "dataYpid": "459299211",
    "name": "National Ad Mark Corporation",
    "description": "Advertising Agencies",
    "phone": "(407) 660-6684",
    "address": " 101 Southhall Ln - Maitland, FL 32751"
  },
  {
    "dataYpid": "7736710",
    "name": "The Ad Team",
    "description": "Advertising Agencies",
    "phone": "(407) 667-4708",
    "address": " 101 Southhall Ln - Maitland, FL 32751"
  },
  {
    "dataYpid": "466776496",
    "name": "Bernard Hodes Advertising Inc",
    "description": "Advertising Agencies",
    "phone": "(407) 740-5002",
    "address": " 1101 N Lake Destiny Rd Ste 300 - Maitland, FL 32751"
  },
  {
    "dataYpid": "15049692",
    "name": "Think Agency",
    "description": "Advertising Agencies",
    "phone": "(407) 875-1999",
    "address": " 1001 N Lake Destiny Rd Ste 300 - Maitland, FL 32751"
  },
  {
    "dataYpid": "15800642",
    "name": "Dominion Enterprises",
    "description": "Advertising Agencies",
    "phone": "(407) 673-3466",
    "address": " 901 N Lake Destiny Rd - Maitland, FL 32751"
  },
  {
    "dataYpid": "464246664",
    "name": "Rw Mindrup & Assoc",
    "description": "Advertising Agencies",
    "phone": "(407) 774-0672",
    "address": " 725 Little Wekiva Cir - Altamonte Springs, FL 32714"
  },
  {
    "dataYpid": "462423031",
    "name": "Vital Signs Of Orlando Inc",
    "description": "Signs",
    "phone": "(407) 297-0680",
    "address": " 2674 Pemberton Dr - Apopka, FL 32703"
  },
  {
    "dataYpid": "504624082",
    "name": "Corporate Relations Group Inc",
    "description": "Advertising Agencies",
    "phone": "(407) 628-5700",
    "address": " 2649 Pemberton Dr - Apopka, FL 32703"
  },
  {
    "dataYpid": "548198999",
    "name": "FusionTech Media",
    "description": "Interactive Media",
    "phone": "(407) 512-0424",
    "address": " 237 S Westmonte Dr Ste 100-B - Altamonte Springs, FL 32714"
  },
  {
    "dataYpid": "548300743",
    "name": "Salem Surround Orlando",
    "description": "Interactive Media",
    "phone": "(407) 618-1821",
    "address": " 1188 Lake View Dr - Altamonte Springs, FL 32714"
  },
  {
    "dataYpid": "4768407",
    "name": "Instant Banners & Signs Inc",
    "description": "Signs",
    "phone": "(407) 869-0662",
    "address": " 540 N State Road 434 - Altamonte Springs, FL 32714"
  },
  {
    "dataYpid": "460717053",
    "name": "Sales Bait - Print, Promotion, Marketing",
    "description": "Marketing Programs & Services",
    "phone": "(321) 356-5471",
    "address": " We ship EVERYWHERE - Longwood, FL 32750"
  },
  {
    "dataYpid": "465114673",
    "name": "Vital Signs Physicians",
    "description": "Advertising Specialties",
    "phone": "(407) 846-0202",
    "address": " 1504 Village Oak Ln - Kissimmee, FL 34746"
  },
  {
    "dataYpid": "576116990",
    "name": "Nia Riddle",
    "description": "Marketing Programs & Services",
    "phone": "(407) 283-7805",
    "address": " 3518 W Bind St. - Kissimmee, FL 34741"
  },
  {
    "dataYpid": "3578962",
    "name": "Signs Now",
    "description": "Signs",
    "phone": "(407) 678-7446",
    "address": " 1311 W Fairbanks Ave - Orlando, FL 32804"
  },
  {
    "dataYpid": "571669647",
    "name": "JKR Advertising & Marketing",
    "description": "Advertising Agencies",
    "phone": "(321) 397-0777",
    "address": " 298 S Lake Destiny Dr - Orlando, FL 32810"
  },
  {
    "dataYpid": "543277989",
    "name": "Ads",
    "description": "Advertising Agencies",
    "phone": "(407) 293-0293",
    "address": " 5722 N Pine Hills Rd - Orlando, FL 32810"
  },
  {
    "dataYpid": "8527956",
    "name": "Promo Only",
    "description": "Advertising Agencies",
    "phone": "(407) 838-2030",
    "address": " 257 S Lake Destiny Dr - Orlando, FL 32810"
  },
  {
    "dataYpid": "6664405",
    "name": "Monster Media",
    "description": "Advertising Agencies",
    "phone": "(407) 478-8163",
    "address": " 555 S Lake Destiny Dr Suite 100 - Orlando, FL 32810"
  },
  {
    "dataYpid": "464931772",
    "name": "Acropolis Inc",
    "description": "Advertising Agencies",
    "phone": "(407) 895-4444",
    "address": " 5125 Adanson St Ste 200 - Orlando, FL 32804"
  },
  {
    "dataYpid": "473149235",
    "name": "Visual Impact",
    "description": "Signs",
    "phone": "(407) 682-7446",
    "address": " 1311 W Fairbanks Ave - Orlando, FL 32804"
  },
  {
    "dataYpid": "6897150",
    "name": "Bbdo South Orlando",
    "description": "Advertising Specialties",
    "phone": "(407) 865-9393",
    "address": " 557 N Wymore Rd - Maitland, FL 32751"
  },
  {
    "dataYpid": "183125",
    "name": "Oakley Signs & Graphics Inc",
    "description": "Signs",
    "phone": "(407) 262-8200",
    "address": " 550 Northlake Blvd - Altamonte Springs, FL 32701"
  },
  {
    "dataYpid": "22998254",
    "name": "Jungle Network",
    "description": "Advertising Agencies",
    "phone": "(407) 389-2002",
    "address": " 479 Montgomery Pl - Altamonte Springs, FL 32714"
  },
  {
    "dataYpid": "454936264",
    "name": "G A & Co",
    "description": "Advertising Agencies",
    "phone": "(407) 339-1736",
    "address": " 333 Croton Dr - Maitland, FL 32751"
  },
  {
    "dataYpid": "482034950",
    "name": "Think Agency Inc",
    "description": "Marketing Programs & Services",
    "phone": "(407) 875-1999",
    "address": " 217 N Westmonte Dr Ste 3019 - Altamonte Springs, FL 32714"
  },
  {
    "dataYpid": "496798867",
    "name": "ETC Marketing",
    "description": "Marketing Consultants",
    "phone": "(877) 992-1313",
    "address": " 217 N Westmonte Dr Ste 2014 - Altamonte Springs, FL 32714"
  },
  {
    "dataYpid": "567148126",
    "name": "M77 Media",
    "description": "Advertising Agencies",
    "phone": "(833) 992-1313",
    "address": " 217 N Westmonte Dr - Altamonte Springs, FL 32714"
  },
  {
    "dataYpid": "454854720",
    "name": "Apopka Ink",
    "description": "Advertising Specialties",
    "phone": "(407) 299-0246",
    "address": " 2864 Clark St - Apopka, FL 32703"
  },
  {
    "dataYpid": "458023057",
    "name": "Great Impressions Signs Printing & Promotional Items",
    "description": "Signs",
    "phone": "(407) 647-5151",
    "address": " 633 Woodland St - Altamonte Springs, FL 32714"
  },
  {
    "dataYpid": "460338645",
    "name": "Technical Communications Group",
    "description": "Advertising Agencies",
    "phone": "(407) 831-2235",
    "address": " 403 Barclay Ave - Altamonte Springs, FL 32701"
  },
  {
    "dataYpid": "464481276",
    "name": "Premier Development Construction",
    "description": "Advertising Agencies",
    "phone": "(407) 401-2504",
    "address": " 385 Douglas Ave Ste 2250 - Altamonte Springs, FL 32714"
  },
  {
    "dataYpid": "475676756",
    "name": "Florida Apartment Assn",
    "description": "Advertising Agencies",
    "phone": "(407) 647-8839",
    "address": " 875 Concourse Pkwy S - Maitland, FL 32751"
  },
  {
    "dataYpid": "16259626",
    "name": "Corporate Image Bureau",
    "description": "Advertising Agencies",
    "phone": "(407) 774-1529",
    "address": " 445 Douglas Ave - Altamonte Springs, FL 32714"
  },
  {
    "dataYpid": "457126447",
    "name": "Chameleon Web/Multimedia Design",
    "description": "Advertising Agencies",
    "phone": "(407) 616-2645",
    "address": " 315 Lakepointe Dr - Altamonte Springs, FL 32701"
  },
  {
    "dataYpid": "469599939",
    "name": "Tc Commercial Advertising Sales",
    "description": "Advertising Specialties",
    "phone": "(888) 224-4836",
    "address": " 911 N State Road 434 - Altamonte Springs, FL 32714"
  },
  {
    "dataYpid": "458647569",
    "name": "Affordable Display Products, Inc.",
    "description": "Advertising Specialties",
    "phone": "(866) 550-0656",
    "address": " 285 W Central Parkway Suite 1726 - Altamonte Springs, FL 32714"
  },
  {
    "dataYpid": "480698021",
    "name": "Yuppify",
    "description": "Advertising Agencies",
    "phone": "(407) 761-6952",
    "address": " 606 Lake Orienta Dr - Altamonte Springs, FL 32701"
  },
  {
    "dataYpid": "473330188",
    "name": "Genius Advertising & Marketing",
    "description": "Advertising Agencies",
    "phone": "(407) 682-3037",
    "address": " 864 Little Bend Rd - Altamonte Springs, FL 32714"
  },
  {
    "dataYpid": "460668789",
    "name": "Premier Sign Design",
    "description": "Advertising Specialties",
    "phone": "(321) 295-7865",
    "address": " 658 Douglas Ave - Altamonte Springs, FL 32714"
  },
  {
    "dataYpid": "532591278",
    "name": "Roar! Internet Marketing",
    "description": "Internet Marketing & Advertising",
    "phone": "(407) 786-7330",
    "address": " 307 Cranes Roost Blvd Ste 2020 - Altamonte Springs, FL 32701"
  },
  {
    "dataYpid": "513296406",
    "name": "CBS Outdoor",
    "description": "Signs",
    "phone": "(407) 975-0216",
    "address": " 2699 Lee Rd - Winter Park, FL 32789"
  },
  {
    "dataYpid": "464392355",
    "name": "Newton's Force",
    "description": "Advertising Agencies",
    "phone": "(407) 682-7896",
    "address": " 478 E Altamonte Dr - Altamonte Springs, FL 32701"
  },
  {
    "dataYpid": "4571504",
    "name": "Memory Lanes",
    "description": "Advertising Specialties",
    "phone": "(407) 339-7771",
    "address": " Alt Spg - Altamonte Springs, FL 32701"
  },
  {
    "dataYpid": "12494766",
    "name": "Grb Enterprises",
    "description": "Advertising Agencies",
    "phone": "(407) 644-1612",
    "address": " 1150 Grove St - Maitland, FL 32751"
  },
  {
    "dataYpid": "21791843",
    "name": "Sewing Studio Fabric Superstore",
    "description": "Quilting Machines",
    "phone": "(407) 910-2761",
    "address": " 9605 S Us Highway 17/92 - Maitland, FL 32751"
  },
  {
    "dataYpid": "560796679",
    "name": "Strange Cloudz Clearinghouse",
    "description": "Advertising Agencies",
    "phone": "(407) 458-4480",
    "address": " 4139 Player Cir - Orlando, FL 32808"
  },
  {
    "dataYpid": "530923576",
    "name": "Alchemy Marketing",
    "description": "Marketing Programs & Services",
    "phone": "(407) 809-4090",
    "address": " 2708 Hazelhurst Ave - Orlando, FL 32804"
  },
  {
    "dataYpid": "469499931",
    "name": "Creative Signs Inc",
    "description": "Signs",
    "phone": "(407) 293-9393",
    "address": " 3410 N Orange Blossom Trl - Orlando, FL 32804"
  },
  {
    "dataYpid": "455964361",
    "name": "ASAP Signs",
    "description": "Signs",
    "phone": "(407) 521-7222",
    "address": " 2400 Silver Star Rd - Orlando, FL 32804"
  },
  {
    "dataYpid": "563782983",
    "name": "JVR Productions, Inc.",
    "description": "Video Production Services",
    "phone": "(407) 582-0030",
    "address": " 2545 Industrial Blvd - Orlando, FL 32804"
  },
  {
    "dataYpid": "458058536",
    "name": "Brandcomet",
    "description": "Advertising Agencies",
    "phone": "(407) 622-1993",
    "address": " 465 S Orlando Ave - Maitland, FL 32751"
  },
  {
    "dataYpid": "530775889",
    "name": "Conectar Agency Inc",
    "description": "Advertising Agencies",
    "phone": "(407) 801-0046",
    "address": " 1620 S Orlando Ave - Maitland, FL 32751"
  },
  {
    "dataYpid": "496019121",
    "name": "Go Digital Advertising",
    "description": "Internet Marketing & Advertising",
    "phone": "(407) 497-7198",
    "address": " 2735 W State Road 434 - Longwood, FL 32779"
  },
  {
    "dataYpid": "574302339",
    "name": "Dat Media",
    "description": "Advertising Agencies",
    "phone": "(407) 759-5717",
    "address": " 2307 Lee Rd - Winter Park, FL 32789"
  },
  {
    "dataYpid": "11082888",
    "name": "Ad Satisfaction",
    "description": "Advertising Agencies",
    "phone": "(407) 862-1228",
    "address": " 580 Ololu Dr - Winter Park, FL 32789"
  },
  {
    "dataYpid": "558167223",
    "name": "Azir Spares, Inc.",
    "description": "Directory & Guide Advertising",
    "phone": "(844) 267-2235",
    "address": " 1070 Montgomery Rd PMB 509 - Altamonte Springs, FL 32714"
  },
  {
    "dataYpid": "514342851",
    "name": "Cmts",
    "description": "Advertising Agencies",
    "phone": "(904) 739-9804",
    "address": " 608 Maitland Ave - Altamonte Springs, FL 32701"
  },
  {
    "dataYpid": "15846515",
    "name": "Com Marketing",
    "description": "Internet Marketing & Advertising",
    "phone": "(407) 774-4606",
    "address": " 400 N Wymore Rd - Winter Park, FL 32789"
  },
  {
    "dataYpid": "464235955",
    "name": "Gillman Advertising Specialties",
    "description": "Advertising Agencies",
    "phone": "(407) 331-5111",
    "address": " 657 Maitland Ave - Altamonte Springs, FL 32701"
  },
  {
    "dataYpid": "548108413",
    "name": "Rennew Media",
    "description": "Advertising Agencies",
    "phone": "(407) 900-7734",
    "address": " 151 N Maitland Ave - Maitland, FL 32751"
  },
  {
    "dataYpid": "471972305",
    "name": "Chance Advertising Agency",
    "description": "Audio-Visual Creative Services",
    "phone": "(407) 788-0028",
    "address": " 2484 W. Sr 434 #208 - Longwood, FL 32779"
  },
  {
    "dataYpid": "451989912",
    "name": "4D Interactive Inc",
    "description": "Production Companies-Film, TV, Radio, Etc",
    "phone": "(407) 622-7536",
    "address": " 111 S Maitland Ave - Maitland, FL 32751"
  },
  {
    "dataYpid": "13502181",
    "name": "Continental Outdoor Advertising",
    "description": "Outdoor Advertising",
    "phone": "(407) 628-9988",
    "address": " 2250 Lee Rd - Winter Park, FL 32789"
  },
  {
    "dataYpid": "20269535",
    "name": "Logogram",
    "description": "Advertising Agencies",
    "phone": "(407) 740-5511",
    "address": " 2250 Lee Rd - Winter Park, FL 32789"
  },
  {
    "dataYpid": "483911438",
    "name": "MARSH8",
    "description": "Internet Marketing & Advertising",
    "phone": "(407) 255-2064",
    "address": " 2221 Lee Rd Ste 22 - Winter Park, FL 32789"
  },
  {
    "dataYpid": "571793140",
    "name": "Digital Space Marketing",
    "description": "Marketing Programs & Services",
    "phone": "(855) 611-0577",
    "address": " 240 Lookout Pl - Maitland, FL 32751"
  },
  {
    "dataYpid": "6461801",
    "name": "Capital Advantage",
    "description": "Advertising Agencies",
    "phone": "(407) 261-9002",
    "address": " 498 Palm Springs Dr - Altamonte Springs, FL 32701"
  },
  {
    "dataYpid": "8064688",
    "name": "Righter Communications",
    "description": "Advertising Agencies",
    "phone": "(407) 261-9001",
    "address": " 498 Palm Springs Dr - Altamonte Springs, FL 32701"
  },
  {
    "dataYpid": "467458478",
    "name": "AG Ad Agency",
    "description": "Advertising Agencies",
    "phone": "(407) 645-1950",
    "address": " 166 Lookout Pl Ste 101 - Maitland, FL 32751"
  },
  {
    "dataYpid": "565097755",
    "name": "Heritage Financial Service",
    "description": "Advertising Specialties",
    "phone": "(407) 702-6655",
    "address": " 166 Lookout Pl - Maitland, FL 32751"
  },
  {
    "dataYpid": "6617008",
    "name": "Patterson & Taylor Inc",
    "description": "Advertising Agencies",
    "phone": "(407) 339-0793",
    "address": " 145 S Orange Suite 8 Ave - Maitland, FL 32751"
  },
  {
    "dataYpid": "17941251",
    "name": "Product Marketing Group",
    "description": "Advertising Agencies",
    "phone": "(407) 774-6363",
    "address": " 978 Douglas Ave - Altamonte Springs, FL 32714"
  },
  {
    "dataYpid": "17359559",
    "name": "Delisle & Associates",
    "description": "Advertising Agencies",
    "phone": "(407) 331-7705",
    "address": " 711 Ballard St - Altamonte Springs, FL 32701"
  },
  {
    "dataYpid": "549934129",
    "name": "Wilcox & Associates Inc",
    "description": "Advertising Agencies",
    "phone": "(407) 629-6746",
    "address": " 540 S Maitland Ave - Maitland, FL 32751"
  },
  {
    "dataYpid": "531943408",
    "name": "Medtech Momentum",
    "description": "Advertising Agencies",
    "phone": "(407) 960-2994",
    "address": " 377 Maitland Ave - Altamonte Springs, FL 32701"
  },
  {
    "dataYpid": "564294219",
    "name": "JKR Advertising & Marketings",
    "description": "Advertising Agencies",
    "phone": "(321) 397-0777",
    "address": " 195 Wekiva Springs Rd - Longwood, FL 32779"
  },
  {
    "dataYpid": "546081959",
    "name": "Clickable Impact, Inc.",
    "description": "Internet Marketing & Advertising",
    "phone": "(407) 399-9811",
    "address": " 250 Lake Seminary Cir - Maitland, FL 32751"
  },
  {
    "dataYpid": "553240342",
    "name": "BCV Deals",
    "description": "Advertising Agencies",
    "phone": "(407) 571-2980",
    "address": " 260 Maitland Ave - Altamonte Springs, FL 32701"
  },
  {
    "dataYpid": "460530078",
    "name": "Mall Media Services, Inc.",
    "description": "Advertising Agencies",
    "phone": "(407) 443-2369",
    "address": " 412 E Citrus St - Altamonte Springs, FL 32701"
  },
  {
    "dataYpid": "545973120",
    "name": "Sydgan",
    "description": "Advertising Specialties",
    "phone": "(407) 644-3151",
    "address": " 120 Gem Lake Dr - Maitland, FL 32751"
  },
  {
    "dataYpid": "663287",
    "name": "7 Media One Inc",
    "description": "Advertising Specialties",
    "phone": "(407) 682-0000",
    "address": " 1180 Spring Centre South Blvd - Altamonte Springs, FL 32714"
  },
  {
    "dataYpid": "588075",
    "name": "C & S Signs",
    "description": "Signs-Maintenance & Repair",
    "phone": "(407) 331-5299",
    "address": " 970 Shallowford St - Altamonte Springs, FL 32701"
  },
  {
    "dataYpid": "7290332",
    "name": "Beech Outdoor",
    "description": "Transit Advertising",
    "phone": "(407) 645-2210",
    "address": " 291 Circle Dr - Maitland, FL 32751"
  },
  {
    "dataYpid": "551378043",
    "name": "Charles Williams Business Group",
    "description": "Advertising Agencies",
    "phone": "(407) 764-8484",
    "address": " 407 Wekiva Springs Rd - Longwood, FL 32779"
  },
  {
    "dataYpid": "7519813",
    "name": "Designage",
    "description": "Signs",
    "phone": "(407) 647-2950",
    "address": " 311 Circle Dr - Maitland, FL 32751"
  },
  {
    "dataYpid": "22828175",
    "name": "Lawyers Group Advertising",
    "description": "Advertising Agencies",
    "phone": "(321) 972-5620",
    "address": " 2729 W Fairbanks Ave - Winter Park, FL 32789"
  },
  {
    "dataYpid": "467191084",
    "name": "Evaluvest Banch Ops Inc",
    "description": "Advertising Agencies",
    "phone": "(407) 865-7408",
    "address": " 1150 Douglas Ave Ste 1070 - Altamonte Springs, FL 32714"
  },
  {
    "dataYpid": "548645147",
    "name": "Push Button Productions",
    "description": "Advertising Agencies",
    "phone": "(888) 494-7874",
    "address": " 815 Orienta Ave Ste 1060 - Altamonte Springs, FL 32701"
  },
  {
    "dataYpid": "10972264",
    "name": "MLB Creative",
    "description": "Advertising Agencies",
    "phone": "(407) 645-4652",
    "address": " 1778 N Park Ave Ste 100 - Maitland, FL 32751"
  },
  {
    "dataYpid": "504518896",
    "name": "Marketing Sales Dynamics Inc",
    "description": "Marketing Consultants",
    "phone": "(321) 203-4728",
    "address": " 629 Ellen Dr - Winter Park, FL 32789"
  },
  {
    "dataYpid": "633975",
    "name": "Help 4 You America Inc",
    "description": "Advertising Agencies",
    "phone": "(407) 265-7248",
    "address": " 241 Obrien Rd - Fern Park, FL 32730"
  },
  {
    "dataYpid": "470403764",
    "name": "Sign and Drive",
    "description": "Advertising Specialties",
    "phone": "(407) 834-5637",
    "address": " 137 Candace Dr - Maitland, FL 32751"
  },
  {
    "dataYpid": "15477787",
    "name": "Jane Newnum and Associates",
    "description": "Advertising Agencies",
    "phone": "(407) 647-0442",
    "address": " 2107 N Park Ave - Winter Park, FL 32789"
  },
  {
    "dataYpid": "556418500",
    "name": "Envision Orlando",
    "description": "Signs",
    "phone": "(407) 951-5532",
    "address": " 1150 Solana Ave - Winter Park, FL 32789"
  },
  {
    "dataYpid": "455257108",
    "name": "Jayco Signs",
    "description": "Signs",
    "phone": "(407) 339-5252",
    "address": " 149-151 Atlantic Dr - Maitland, FL 32751"
  },
  {
    "dataYpid": "459534532",
    "name": "Cutting Edge Communications",
    "description": "Advertising Agencies",
    "phone": "(407) 629-6366",
    "address": " 1300 Lyndale Blvd - Winter Park, FL 32789"
  },
  {
    "dataYpid": "3485915",
    "name": "Truth About Yellow Pages",
    "description": "Directory & Guide Advertising",
    "phone": "(407) 647-3990",
    "address": " 101 Mariner Way - Maitland, FL 32751"
  },
  {
    "dataYpid": "17103296",
    "name": "Fresh Communications",
    "description": "Advertising Agencies",
    "phone": "(407) 998-5123",
    "address": " 1855 W State Road 434 - Longwood, FL 32750"
  },
  {
    "dataYpid": "508739512",
    "name": "OMG Marketing",
    "description": "Marketing Programs & Services",
    "phone": "(407) 690-6690",
    "address": " 520 N Orlando Ave Ste 205 - Winter Park, FL 32789"
  },
  {
    "dataYpid": "466987722",
    "name": "Bonnier Corporation",
    "description": "Publishers",
    "phone": "(407) 628-4802",
    "address": " 480 N Orlando Ave 236 - Winter Park, FL 32789"
  },
  {
    "dataYpid": "505356686",
    "name": "Signman Sez Inc",
    "description": "Computer Graphics",
    "phone": "(407) 620-9368",
    "address": " 8351 S Us Highway 17/92 - Fern Park, FL 32730"
  }
]